# https://github.com/mikedh/trimesh
mtllib pawn.mtl
usemtl material_0
v 0.00000 0.00000 0.00000
v 0.00000 0.00000 0.00000
v 0.00000 0.00000 0.00000
v 0.00000 0.00000 0.00000
v 0.00000 0.00000 0.00000
v 0.00000 0.00000 0.00000
v 0.00000 0.00000 0.00000
v 0.00000 0.00000 0.00000
v 0.00000 0.00000 0.00000
v 0.00000 0.00000 0.00000
v 0.00000 0.00000 0.00000
v 0.00000 0.00000 0.00000
v 0.00000 0.00000 0.00000
v -0.00000 0.00000 0.00000
v -0.00000 0.00000 0.00000
v -0.00000 0.00000 0.00000
v -0.00000 0.00000 0.00000
v -0.00000 0.00000 0.00000
v -0.00000 0.00000 0.00000
v -0.00000 0.00000 0.00000
v -0.00000 0.00000 0.00000
v -0.00000 0.00000 0.00000
v -0.00000 0.00000 0.00000
v -0.00000 0.00000 0.00000
v -0.00000 0.00000 0.00000
v -0.00000 0.00000 -0.00000
v -0.00000 0.00000 -0.00000
v -0.00000 0.00000 -0.00000
v -0.00000 0.00000 -0.00000
v -0.00000 0.00000 -0.00000
v -0.00000 0.00000 -0.00000
v -0.00000 0.00000 -0.00000
v -0.00000 0.00000 -0.00000
v -0.00000 0.00000 -0.00000
v -0.00000 0.00000 -0.00000
v -0.00000 0.00000 -0.00000
v -0.00000 0.00000 -0.00000
v 0.00000 0.00000 -0.00000
v 0.00000 0.00000 -0.00000
v 0.00000 0.00000 -0.00000
v 0.00000 0.00000 -0.00000
v 0.00000 0.00000 -0.00000
v 0.00000 0.00000 -0.00000
v 0.00000 0.00000 -0.00000
v 0.00000 0.00000 -0.00000
v 0.00000 0.00000 -0.00000
v 0.00000 0.00000 -0.00000
v 0.00000 0.00000 -0.00000
v 0.00000 0.00000 -0.00000
v 0.01141 0.00000 0.00000
v 0.01132 0.00000 0.00149
v 0.01102 0.00000 0.00295
v 0.01054 0.00000 0.00437
v 0.00988 0.00000 0.00571
v 0.00906 0.00000 0.00695
v 0.00807 0.00000 0.00807
v 0.00695 0.00000 0.00906
v 0.00571 0.00000 0.00988
v 0.00437 0.00000 0.01054
v 0.00295 0.00000 0.01102
v 0.00149 0.00000 0.01132
v 0.00000 0.00000 0.01141
v -0.00149 0.00000 0.01132
v -0.00295 0.00000 0.01102
v -0.00437 0.00000 0.01054
v -0.00571 0.00000 0.00988
v -0.00695 0.00000 0.00906
v -0.00807 0.00000 0.00807
v -0.00906 0.00000 0.00695
v -0.00988 0.00000 0.00571
v -0.01054 0.00000 0.00437
v -0.01102 0.00000 0.00295
v -0.01132 0.00000 0.00149
v -0.01141 0.00000 0.00000
v -0.01132 0.00000 -0.00149
v -0.01102 0.00000 -0.00295
v -0.01054 0.00000 -0.00437
v -0.00988 0.00000 -0.00571
v -0.00906 0.00000 -0.00695
v -0.00807 0.00000 -0.00807
v -0.00695 0.00000 -0.00906
v -0.00571 0.00000 -0.00988
v -0.00437 0.00000 -0.01054
v -0.00295 0.00000 -0.01102
v -0.00149 0.00000 -0.01132
v -0.00000 0.00000 -0.01141
v 0.00149 0.00000 -0.01132
v 0.00295 0.00000 -0.01102
v 0.00437 0.00000 -0.01054
v 0.00571 0.00000 -0.00988
v 0.00695 0.00000 -0.00906
v 0.00807 0.00000 -0.00807
v 0.00906 0.00000 -0.00695
v 0.00988 0.00000 -0.00571
v 0.01054 0.00000 -0.00437
v 0.01102 0.00000 -0.00295
v 0.01132 0.00000 -0.00149
v 0.01141 0.00000 -0.00000
v 0.01240 0.00046 0.00000
v 0.01229 0.00046 0.00162
v 0.01198 0.00046 0.00321
v 0.01145 0.00046 0.00474
v 0.01074 0.00046 0.00620
v 0.00984 0.00046 0.00755
v 0.00877 0.00046 0.00877
v 0.00755 0.00046 0.00984
v 0.00620 0.00046 0.01074
v 0.00474 0.00046 0.01145
v 0.00321 0.00046 0.01198
v 0.00162 0.00046 0.01229
v 0.00000 0.00046 0.01240
v -0.00162 0.00046 0.01229
v -0.00321 0.00046 0.01198
v -0.00474 0.00046 0.01145
v -0.00620 0.00046 0.01074
v -0.00755 0.00046 0.00984
v -0.00877 0.00046 0.00877
v -0.00984 0.00046 0.00755
v -0.01074 0.00046 0.00620
v -0.01145 0.00046 0.00474
v -0.01198 0.00046 0.00321
v -0.01229 0.00046 0.00162
v -0.01240 0.00046 0.00000
v -0.01229 0.00046 -0.00162
v -0.01198 0.00046 -0.00321
v -0.01145 0.00046 -0.00474
v -0.01074 0.00046 -0.00620
v -0.00984 0.00046 -0.00755
v -0.00877 0.00046 -0.00877
v -0.00755 0.00046 -0.00984
v -0.00620 0.00046 -0.01074
v -0.00474 0.00046 -0.01145
v -0.00321 0.00046 -0.01198
v -0.00162 0.00046 -0.01229
v -0.00000 0.00046 -0.01240
v 0.00162 0.00046 -0.01229
v 0.00321 0.00046 -0.01198
v 0.00474 0.00046 -0.01145
v 0.00620 0.00046 -0.01074
v 0.00755 0.00046 -0.00984
v 0.00877 0.00046 -0.00877
v 0.00984 0.00046 -0.00755
v 0.01074 0.00046 -0.00620
v 0.01145 0.00046 -0.00474
v 0.01198 0.00046 -0.00321
v 0.01229 0.00046 -0.00162
v 0.01240 0.00046 -0.00000
v 0.01309 0.00093 0.00000
v 0.01298 0.00093 0.00171
v 0.01265 0.00093 0.00339
v 0.01210 0.00093 0.00501
v 0.01134 0.00093 0.00655
v 0.01039 0.00093 0.00797
v 0.00926 0.00093 0.00926
v 0.00797 0.00093 0.01039
v 0.00655 0.00093 0.01134
v 0.00501 0.00093 0.01210
v 0.00339 0.00093 0.01265
v 0.00171 0.00093 0.01298
v 0.00000 0.00093 0.01309
v -0.00171 0.00093 0.01298
v -0.00339 0.00093 0.01265
v -0.00501 0.00093 0.01210
v -0.00655 0.00093 0.01134
v -0.00797 0.00093 0.01039
v -0.00926 0.00093 0.00926
v -0.01039 0.00093 0.00797
v -0.01134 0.00093 0.00655
v -0.01210 0.00093 0.00501
v -0.01265 0.00093 0.00339
v -0.01298 0.00093 0.00171
v -0.01309 0.00093 0.00000
v -0.01298 0.00093 -0.00171
v -0.01265 0.00093 -0.00339
v -0.01210 0.00093 -0.00501
v -0.01134 0.00093 -0.00655
v -0.01039 0.00093 -0.00797
v -0.00926 0.00093 -0.00926
v -0.00797 0.00093 -0.01039
v -0.00655 0.00093 -0.01134
v -0.00501 0.00093 -0.01210
v -0.00339 0.00093 -0.01265
v -0.00171 0.00093 -0.01298
v -0.00000 0.00093 -0.01309
v 0.00171 0.00093 -0.01298
v 0.00339 0.00093 -0.01265
v 0.00501 0.00093 -0.01210
v 0.00655 0.00093 -0.01134
v 0.00797 0.00093 -0.01039
v 0.00926 0.00093 -0.00926
v 0.01039 0.00093 -0.00797
v 0.01134 0.00093 -0.00655
v 0.01210 0.00093 -0.00501
v 0.01265 0.00093 -0.00339
v 0.01298 0.00093 -0.00171
v 0.01309 0.00093 -0.00000
v 0.01477 0.00139 0.00000
v 0.01465 0.00139 0.00193
v 0.01427 0.00139 0.00382
v 0.01365 0.00139 0.00565
v 0.01279 0.00139 0.00739
v 0.01172 0.00139 0.00899
v 0.01045 0.00139 0.01045
v 0.00899 0.00139 0.01172
v 0.00739 0.00139 0.01279
v 0.00565 0.00139 0.01365
v 0.00382 0.00139 0.01427
v 0.00193 0.00139 0.01465
v 0.00000 0.00139 0.01477
v -0.00193 0.00139 0.01465
v -0.00382 0.00139 0.01427
v -0.00565 0.00139 0.01365
v -0.00739 0.00139 0.01279
v -0.00899 0.00139 0.01172
v -0.01045 0.00139 0.01045
v -0.01172 0.00139 0.00899
v -0.01279 0.00139 0.00739
v -0.01365 0.00139 0.00565
v -0.01427 0.00139 0.00382
v -0.01465 0.00139 0.00193
v -0.01477 0.00139 0.00000
v -0.01465 0.00139 -0.00193
v -0.01427 0.00139 -0.00382
v -0.01365 0.00139 -0.00565
v -0.01279 0.00139 -0.00739
v -0.01172 0.00139 -0.00899
v -0.01045 0.00139 -0.01045
v -0.00899 0.00139 -0.01172
v -0.00739 0.00139 -0.01279
v -0.00565 0.00139 -0.01365
v -0.00382 0.00139 -0.01427
v -0.00193 0.00139 -0.01465
v -0.00000 0.00139 -0.01477
v 0.00193 0.00139 -0.01465
v 0.00382 0.00139 -0.01427
v 0.00565 0.00139 -0.01365
v 0.00739 0.00139 -0.01279
v 0.00899 0.00139 -0.01172
v 0.01045 0.00139 -0.01045
v 0.01172 0.00139 -0.00899
v 0.01279 0.00139 -0.00739
v 0.01365 0.00139 -0.00565
v 0.01427 0.00139 -0.00382
v 0.01465 0.00139 -0.00193
v 0.01477 0.00139 -0.00000
v 0.01477 0.00185 0.00000
v 0.01465 0.00185 0.00193
v 0.01427 0.00185 0.00382
v 0.01365 0.00185 0.00565
v 0.01279 0.00185 0.00739
v 0.01172 0.00185 0.00899
v 0.01045 0.00185 0.01045
v 0.00899 0.00185 0.01172
v 0.00739 0.00185 0.01279
v 0.00565 0.00185 0.01365
v 0.00382 0.00185 0.01427
v 0.00193 0.00185 0.01465
v 0.00000 0.00185 0.01477
v -0.00193 0.00185 0.01465
v -0.00382 0.00185 0.01427
v -0.00565 0.00185 0.01365
v -0.00739 0.00185 0.01279
v -0.00899 0.00185 0.01172
v -0.01045 0.00185 0.01045
v -0.01172 0.00185 0.00899
v -0.01279 0.00185 0.00739
v -0.01365 0.00185 0.00565
v -0.01427 0.00185 0.00382
v -0.01465 0.00185 0.00193
v -0.01477 0.00185 0.00000
v -0.01465 0.00185 -0.00193
v -0.01427 0.00185 -0.00382
v -0.01365 0.00185 -0.00565
v -0.01279 0.00185 -0.00739
v -0.01172 0.00185 -0.00899
v -0.01045 0.00185 -0.01045
v -0.00899 0.00185 -0.01172
v -0.00739 0.00185 -0.01279
v -0.00565 0.00185 -0.01365
v -0.00382 0.00185 -0.01427
v -0.00193 0.00185 -0.01465
v -0.00000 0.00185 -0.01477
v 0.00193 0.00185 -0.01465
v 0.00382 0.00185 -0.01427
v 0.00565 0.00185 -0.01365
v 0.00739 0.00185 -0.01279
v 0.00899 0.00185 -0.01172
v 0.01045 0.00185 -0.01045
v 0.01172 0.00185 -0.00899
v 0.01279 0.00185 -0.00739
v 0.01365 0.00185 -0.00565
v 0.01427 0.00185 -0.00382
v 0.01465 0.00185 -0.00193
v 0.01477 0.00185 -0.00000
v 0.01477 0.00232 0.00000
v 0.01465 0.00232 0.00193
v 0.01427 0.00232 0.00382
v 0.01365 0.00232 0.00565
v 0.01279 0.00232 0.00739
v 0.01172 0.00232 0.00899
v 0.01045 0.00232 0.01045
v 0.00899 0.00232 0.01172
v 0.00739 0.00232 0.01279
v 0.00565 0.00232 0.01365
v 0.00382 0.00232 0.01427
v 0.00193 0.00232 0.01465
v 0.00000 0.00232 0.01477
v -0.00193 0.00232 0.01465
v -0.00382 0.00232 0.01427
v -0.00565 0.00232 0.01365
v -0.00739 0.00232 0.01279
v -0.00899 0.00232 0.01172
v -0.01045 0.00232 0.01045
v -0.01172 0.00232 0.00899
v -0.01279 0.00232 0.00739
v -0.01365 0.00232 0.00565
v -0.01427 0.00232 0.00382
v -0.01465 0.00232 0.00193
v -0.01477 0.00232 0.00000
v -0.01465 0.00232 -0.00193
v -0.01427 0.00232 -0.00382
v -0.01365 0.00232 -0.00565
v -0.01279 0.00232 -0.00739
v -0.01172 0.00232 -0.00899
v -0.01045 0.00232 -0.01045
v -0.00899 0.00232 -0.01172
v -0.00739 0.00232 -0.01279
v -0.00565 0.00232 -0.01365
v -0.00382 0.00232 -0.01427
v -0.00193 0.00232 -0.01465
v -0.00000 0.00232 -0.01477
v 0.00193 0.00232 -0.01465
v 0.00382 0.00232 -0.01427
v 0.00565 0.00232 -0.01365
v 0.00739 0.00232 -0.01279
v 0.00899 0.00232 -0.01172
v 0.01045 0.00232 -0.01045
v 0.01172 0.00232 -0.00899
v 0.01279 0.00232 -0.00739
v 0.01365 0.00232 -0.00565
v 0.01427 0.00232 -0.00382
v 0.01465 0.00232 -0.00193
v 0.01477 0.00232 -0.00000
v 0.01477 0.00278 0.00000
v 0.01465 0.00278 0.00193
v 0.01427 0.00278 0.00382
v 0.01365 0.00278 0.00565
v 0.01279 0.00278 0.00739
v 0.01172 0.00278 0.00899
v 0.01045 0.00278 0.01045
v 0.00899 0.00278 0.01172
v 0.00739 0.00278 0.01279
v 0.00565 0.00278 0.01365
v 0.00382 0.00278 0.01427
v 0.00193 0.00278 0.01465
v 0.00000 0.00278 0.01477
v -0.00193 0.00278 0.01465
v -0.00382 0.00278 0.01427
v -0.00565 0.00278 0.01365
v -0.00739 0.00278 0.01279
v -0.00899 0.00278 0.01172
v -0.01045 0.00278 0.01045
v -0.01172 0.00278 0.00899
v -0.01279 0.00278 0.00739
v -0.01365 0.00278 0.00565
v -0.01427 0.00278 0.00382
v -0.01465 0.00278 0.00193
v -0.01477 0.00278 0.00000
v -0.01465 0.00278 -0.00193
v -0.01427 0.00278 -0.00382
v -0.01365 0.00278 -0.00565
v -0.01279 0.00278 -0.00739
v -0.01172 0.00278 -0.00899
v -0.01045 0.00278 -0.01045
v -0.00899 0.00278 -0.01172
v -0.00739 0.00278 -0.01279
v -0.00565 0.00278 -0.01365
v -0.00382 0.00278 -0.01427
v -0.00193 0.00278 -0.01465
v -0.00000 0.00278 -0.01477
v 0.00193 0.00278 -0.01465
v 0.00382 0.00278 -0.01427
v 0.00565 0.00278 -0.01365
v 0.00739 0.00278 -0.01279
v 0.00899 0.00278 -0.01172
v 0.01045 0.00278 -0.01045
v 0.01172 0.00278 -0.00899
v 0.01279 0.00278 -0.00739
v 0.01365 0.00278 -0.00565
v 0.01427 0.00278 -0.00382
v 0.01465 0.00278 -0.00193
v 0.01477 0.00278 -0.00000
v 0.01477 0.00324 0.00000
v 0.01465 0.00324 0.00193
v 0.01427 0.00324 0.00382
v 0.01365 0.00324 0.00565
v 0.01279 0.00324 0.00739
v 0.01172 0.00324 0.00899
v 0.01045 0.00324 0.01045
v 0.00899 0.00324 0.01172
v 0.00739 0.00324 0.01279
v 0.00565 0.00324 0.01365
v 0.00382 0.00324 0.01427
v 0.00193 0.00324 0.01465
v 0.00000 0.00324 0.01477
v -0.00193 0.00324 0.01465
v -0.00382 0.00324 0.01427
v -0.00565 0.00324 0.01365
v -0.00739 0.00324 0.01279
v -0.00899 0.00324 0.01172
v -0.01045 0.00324 0.01045
v -0.01172 0.00324 0.00899
v -0.01279 0.00324 0.00739
v -0.01365 0.00324 0.00565
v -0.01427 0.00324 0.00382
v -0.01465 0.00324 0.00193
v -0.01477 0.00324 0.00000
v -0.01465 0.00324 -0.00193
v -0.01427 0.00324 -0.00382
v -0.01365 0.00324 -0.00565
v -0.01279 0.00324 -0.00739
v -0.01172 0.00324 -0.00899
v -0.01045 0.00324 -0.01045
v -0.00899 0.00324 -0.01172
v -0.00739 0.00324 -0.01279
v -0.00565 0.00324 -0.01365
v -0.00382 0.00324 -0.01427
v -0.00193 0.00324 -0.01465
v -0.00000 0.00324 -0.01477
v 0.00193 0.00324 -0.01465
v 0.00382 0.00324 -0.01427
v 0.00565 0.00324 -0.01365
v 0.00739 0.00324 -0.01279
v 0.00899 0.00324 -0.01172
v 0.01045 0.00324 -0.01045
v 0.01172 0.00324 -0.00899
v 0.01279 0.00324 -0.00739
v 0.01365 0.00324 -0.00565
v 0.01427 0.00324 -0.00382
v 0.01465 0.00324 -0.00193
v 0.01477 0.00324 -0.00000
v 0.01477 0.00371 0.00000
v 0.01465 0.00371 0.00193
v 0.01427 0.00371 0.00382
v 0.01365 0.00371 0.00565
v 0.01279 0.00371 0.00739
v 0.01172 0.00371 0.00899
v 0.01045 0.00371 0.01045
v 0.00899 0.00371 0.01172
v 0.00739 0.00371 0.01279
v 0.00565 0.00371 0.01365
v 0.00382 0.00371 0.01427
v 0.00193 0.00371 0.01465
v 0.00000 0.00371 0.01477
v -0.00193 0.00371 0.01465
v -0.00382 0.00371 0.01427
v -0.00565 0.00371 0.01365
v -0.00739 0.00371 0.01279
v -0.00899 0.00371 0.01172
v -0.01045 0.00371 0.01045
v -0.01172 0.00371 0.00899
v -0.01279 0.00371 0.00739
v -0.01365 0.00371 0.00565
v -0.01427 0.00371 0.00382
v -0.01465 0.00371 0.00193
v -0.01477 0.00371 0.00000
v -0.01465 0.00371 -0.00193
v -0.01427 0.00371 -0.00382
v -0.01365 0.00371 -0.00565
v -0.01279 0.00371 -0.00739
v -0.01172 0.00371 -0.00899
v -0.01045 0.00371 -0.01045
v -0.00899 0.00371 -0.01172
v -0.00739 0.00371 -0.01279
v -0.00565 0.00371 -0.01365
v -0.00382 0.00371 -0.01427
v -0.00193 0.00371 -0.01465
v -0.00000 0.00371 -0.01477
v 0.00193 0.00371 -0.01465
v 0.00382 0.00371 -0.01427
v 0.00565 0.00371 -0.01365
v 0.00739 0.00371 -0.01279
v 0.00899 0.00371 -0.01172
v 0.01045 0.00371 -0.01045
v 0.01172 0.00371 -0.00899
v 0.01279 0.00371 -0.00739
v 0.01365 0.00371 -0.00565
v 0.01427 0.00371 -0.00382
v 0.01465 0.00371 -0.00193
v 0.01477 0.00371 -0.00000
v 0.01477 0.00417 0.00000
v 0.01465 0.00417 0.00193
v 0.01427 0.00417 0.00382
v 0.01365 0.00417 0.00565
v 0.01279 0.00417 0.00739
v 0.01172 0.00417 0.00899
v 0.01045 0.00417 0.01045
v 0.00899 0.00417 0.01172
v 0.00739 0.00417 0.01279
v 0.00565 0.00417 0.01365
v 0.00382 0.00417 0.01427
v 0.00193 0.00417 0.01465
v 0.00000 0.00417 0.01477
v -0.00193 0.00417 0.01465
v -0.00382 0.00417 0.01427
v -0.00565 0.00417 0.01365
v -0.00739 0.00417 0.01279
v -0.00899 0.00417 0.01172
v -0.01045 0.00417 0.01045
v -0.01172 0.00417 0.00899
v -0.01279 0.00417 0.00739
v -0.01365 0.00417 0.00565
v -0.01427 0.00417 0.00382
v -0.01465 0.00417 0.00193
v -0.01477 0.00417 0.00000
v -0.01465 0.00417 -0.00193
v -0.01427 0.00417 -0.00382
v -0.01365 0.00417 -0.00565
v -0.01279 0.00417 -0.00739
v -0.01172 0.00417 -0.00899
v -0.01045 0.00417 -0.01045
v -0.00899 0.00417 -0.01172
v -0.00739 0.00417 -0.01279
v -0.00565 0.00417 -0.01365
v -0.00382 0.00417 -0.01427
v -0.00193 0.00417 -0.01465
v -0.00000 0.00417 -0.01477
v 0.00193 0.00417 -0.01465
v 0.00382 0.00417 -0.01427
v 0.00565 0.00417 -0.01365
v 0.00739 0.00417 -0.01279
v 0.00899 0.00417 -0.01172
v 0.01045 0.00417 -0.01045
v 0.01172 0.00417 -0.00899
v 0.01279 0.00417 -0.00739
v 0.01365 0.00417 -0.00565
v 0.01427 0.00417 -0.00382
v 0.01465 0.00417 -0.00193
v 0.01477 0.00417 -0.00000
v 0.01477 0.00463 0.00000
v 0.01465 0.00463 0.00193
v 0.01427 0.00463 0.00382
v 0.01365 0.00463 0.00565
v 0.01279 0.00463 0.00739
v 0.01172 0.00463 0.00899
v 0.01045 0.00463 0.01045
v 0.00899 0.00463 0.01172
v 0.00739 0.00463 0.01279
v 0.00565 0.00463 0.01365
v 0.00382 0.00463 0.01427
v 0.00193 0.00463 0.01465
v 0.00000 0.00463 0.01477
v -0.00193 0.00463 0.01465
v -0.00382 0.00463 0.01427
v -0.00565 0.00463 0.01365
v -0.00739 0.00463 0.01279
v -0.00899 0.00463 0.01172
v -0.01045 0.00463 0.01045
v -0.01172 0.00463 0.00899
v -0.01279 0.00463 0.00739
v -0.01365 0.00463 0.00565
v -0.01427 0.00463 0.00382
v -0.01465 0.00463 0.00193
v -0.01477 0.00463 0.00000
v -0.01465 0.00463 -0.00193
v -0.01427 0.00463 -0.00382
v -0.01365 0.00463 -0.00565
v -0.01279 0.00463 -0.00739
v -0.01172 0.00463 -0.00899
v -0.01045 0.00463 -0.01045
v -0.00899 0.00463 -0.01172
v -0.00739 0.00463 -0.01279
v -0.00565 0.00463 -0.01365
v -0.00382 0.00463 -0.01427
v -0.00193 0.00463 -0.01465
v -0.00000 0.00463 -0.01477
v 0.00193 0.00463 -0.01465
v 0.00382 0.00463 -0.01427
v 0.00565 0.00463 -0.01365
v 0.00739 0.00463 -0.01279
v 0.00899 0.00463 -0.01172
v 0.01045 0.00463 -0.01045
v 0.01172 0.00463 -0.00899
v 0.01279 0.00463 -0.00739
v 0.01365 0.00463 -0.00565
v 0.01427 0.00463 -0.00382
v 0.01465 0.00463 -0.00193
v 0.01477 0.00463 -0.00000
v 0.01477 0.00510 0.00000
v 0.01465 0.00510 0.00193
v 0.01427 0.00510 0.00382
v 0.01365 0.00510 0.00565
v 0.01279 0.00510 0.00739
v 0.01172 0.00510 0.00899
v 0.01045 0.00510 0.01045
v 0.00899 0.00510 0.01172
v 0.00739 0.00510 0.01279
v 0.00565 0.00510 0.01365
v 0.00382 0.00510 0.01427
v 0.00193 0.00510 0.01465
v 0.00000 0.00510 0.01477
v -0.00193 0.00510 0.01465
v -0.00382 0.00510 0.01427
v -0.00565 0.00510 0.01365
v -0.00739 0.00510 0.01279
v -0.00899 0.00510 0.01172
v -0.01045 0.00510 0.01045
v -0.01172 0.00510 0.00899
v -0.01279 0.00510 0.00739
v -0.01365 0.00510 0.00565
v -0.01427 0.00510 0.00382
v -0.01465 0.00510 0.00193
v -0.01477 0.00510 0.00000
v -0.01465 0.00510 -0.00193
v -0.01427 0.00510 -0.00382
v -0.01365 0.00510 -0.00565
v -0.01279 0.00510 -0.00739
v -0.01172 0.00510 -0.00899
v -0.01045 0.00510 -0.01045
v -0.00899 0.00510 -0.01172
v -0.00739 0.00510 -0.01279
v -0.00565 0.00510 -0.01365
v -0.00382 0.00510 -0.01427
v -0.00193 0.00510 -0.01465
v -0.00000 0.00510 -0.01477
v 0.00193 0.00510 -0.01465
v 0.00382 0.00510 -0.01427
v 0.00565 0.00510 -0.01365
v 0.00739 0.00510 -0.01279
v 0.00899 0.00510 -0.01172
v 0.01045 0.00510 -0.01045
v 0.01172 0.00510 -0.00899
v 0.01279 0.00510 -0.00739
v 0.01365 0.00510 -0.00565
v 0.01427 0.00510 -0.00382
v 0.01465 0.00510 -0.00193
v 0.01477 0.00510 -0.00000
v 0.01477 0.00556 0.00000
v 0.01465 0.00556 0.00193
v 0.01427 0.00556 0.00382
v 0.01365 0.00556 0.00565
v 0.01279 0.00556 0.00739
v 0.01172 0.00556 0.00899
v 0.01045 0.00556 0.01045
v 0.00899 0.00556 0.01172
v 0.00739 0.00556 0.01279
v 0.00565 0.00556 0.01365
v 0.00382 0.00556 0.01427
v 0.00193 0.00556 0.01465
v 0.00000 0.00556 0.01477
v -0.00193 0.00556 0.01465
v -0.00382 0.00556 0.01427
v -0.00565 0.00556 0.01365
v -0.00739 0.00556 0.01279
v -0.00899 0.00556 0.01172
v -0.01045 0.00556 0.01045
v -0.01172 0.00556 0.00899
v -0.01279 0.00556 0.00739
v -0.01365 0.00556 0.00565
v -0.01427 0.00556 0.00382
v -0.01465 0.00556 0.00193
v -0.01477 0.00556 0.00000
v -0.01465 0.00556 -0.00193
v -0.01427 0.00556 -0.00382
v -0.01365 0.00556 -0.00565
v -0.01279 0.00556 -0.00739
v -0.01172 0.00556 -0.00899
v -0.01045 0.00556 -0.01045
v -0.00899 0.00556 -0.01172
v -0.00739 0.00556 -0.01279
v -0.00565 0.00556 -0.01365
v -0.00382 0.00556 -0.01427
v -0.00193 0.00556 -0.01465
v -0.00000 0.00556 -0.01477
v 0.00193 0.00556 -0.01465
v 0.00382 0.00556 -0.01427
v 0.00565 0.00556 -0.01365
v 0.00739 0.00556 -0.01279
v 0.00899 0.00556 -0.01172
v 0.01045 0.00556 -0.01045
v 0.01172 0.00556 -0.00899
v 0.01279 0.00556 -0.00739
v 0.01365 0.00556 -0.00565
v 0.01427 0.00556 -0.00382
v 0.01465 0.00556 -0.00193
v 0.01477 0.00556 -0.00000
v 0.01466 0.00603 0.00000
v 0.01453 0.00603 0.00191
v 0.01416 0.00603 0.00379
v 0.01354 0.00603 0.00561
v 0.01269 0.00603 0.00733
v 0.01163 0.00603 0.00892
v 0.01036 0.00603 0.01036
v 0.00892 0.00603 0.01163
v 0.00733 0.00603 0.01269
v 0.00561 0.00603 0.01354
v 0.00379 0.00603 0.01416
v 0.00191 0.00603 0.01453
v 0.00000 0.00603 0.01466
v -0.00191 0.00603 0.01453
v -0.00379 0.00603 0.01416
v -0.00561 0.00603 0.01354
v -0.00733 0.00603 0.01269
v -0.00892 0.00603 0.01163
v -0.01036 0.00603 0.01036
v -0.01163 0.00603 0.00892
v -0.01269 0.00603 0.00733
v -0.01354 0.00603 0.00561
v -0.01416 0.00603 0.00379
v -0.01453 0.00603 0.00191
v -0.01466 0.00603 0.00000
v -0.01453 0.00603 -0.00191
v -0.01416 0.00603 -0.00379
v -0.01354 0.00603 -0.00561
v -0.01269 0.00603 -0.00733
v -0.01163 0.00603 -0.00892
v -0.01036 0.00603 -0.01036
v -0.00892 0.00603 -0.01163
v -0.00733 0.00603 -0.01269
v -0.00561 0.00603 -0.01354
v -0.00379 0.00603 -0.01416
v -0.00191 0.00603 -0.01453
v -0.00000 0.00603 -0.01466
v 0.00191 0.00603 -0.01453
v 0.00379 0.00603 -0.01416
v 0.00561 0.00603 -0.01354
v 0.00733 0.00603 -0.01269
v 0.00892 0.00603 -0.01163
v 0.01036 0.00603 -0.01036
v 0.01163 0.00603 -0.00892
v 0.01269 0.00603 -0.00733
v 0.01354 0.00603 -0.00561
v 0.01416 0.00603 -0.00379
v 0.01453 0.00603 -0.00191
v 0.01466 0.00603 -0.00000
v 0.01448 0.00649 0.00000
v 0.01436 0.00649 0.00189
v 0.01399 0.00649 0.00375
v 0.01338 0.00649 0.00554
v 0.01254 0.00649 0.00724
v 0.01149 0.00649 0.00882
v 0.01024 0.00649 0.01024
v 0.00882 0.00649 0.01149
v 0.00724 0.00649 0.01254
v 0.00554 0.00649 0.01338
v 0.00375 0.00649 0.01399
v 0.00189 0.00649 0.01436
v 0.00000 0.00649 0.01448
v -0.00189 0.00649 0.01436
v -0.00375 0.00649 0.01399
v -0.00554 0.00649 0.01338
v -0.00724 0.00649 0.01254
v -0.00882 0.00649 0.01149
v -0.01024 0.00649 0.01024
v -0.01149 0.00649 0.00882
v -0.01254 0.00649 0.00724
v -0.01338 0.00649 0.00554
v -0.01399 0.00649 0.00375
v -0.01436 0.00649 0.00189
v -0.01448 0.00649 0.00000
v -0.01436 0.00649 -0.00189
v -0.01399 0.00649 -0.00375
v -0.01338 0.00649 -0.00554
v -0.01254 0.00649 -0.00724
v -0.01149 0.00649 -0.00882
v -0.01024 0.00649 -0.01024
v -0.00882 0.00649 -0.01149
v -0.00724 0.00649 -0.01254
v -0.00554 0.00649 -0.01338
v -0.00375 0.00649 -0.01399
v -0.00189 0.00649 -0.01436
v -0.00000 0.00649 -0.01448
v 0.00189 0.00649 -0.01436
v 0.00375 0.00649 -0.01399
v 0.00554 0.00649 -0.01338
v 0.00724 0.00649 -0.01254
v 0.00882 0.00649 -0.01149
v 0.01024 0.00649 -0.01024
v 0.01149 0.00649 -0.00882
v 0.01254 0.00649 -0.00724
v 0.01338 0.00649 -0.00554
v 0.01399 0.00649 -0.00375
v 0.01436 0.00649 -0.00189
v 0.01448 0.00649 -0.00000
v 0.01443 0.00695 0.00000
v 0.01430 0.00695 0.00188
v 0.01393 0.00695 0.00373
v 0.01333 0.00695 0.00552
v 0.01249 0.00695 0.00721
v 0.01145 0.00695 0.00878
v 0.01020 0.00695 0.01020
v 0.00878 0.00695 0.01145
v 0.00721 0.00695 0.01249
v 0.00552 0.00695 0.01333
v 0.00373 0.00695 0.01393
v 0.00188 0.00695 0.01430
v 0.00000 0.00695 0.01443
v -0.00188 0.00695 0.01430
v -0.00373 0.00695 0.01393
v -0.00552 0.00695 0.01333
v -0.00721 0.00695 0.01249
v -0.00878 0.00695 0.01145
v -0.01020 0.00695 0.01020
v -0.01145 0.00695 0.00878
v -0.01249 0.00695 0.00721
v -0.01333 0.00695 0.00552
v -0.01393 0.00695 0.00373
v -0.01430 0.00695 0.00188
v -0.01443 0.00695 0.00000
v -0.01430 0.00695 -0.00188
v -0.01393 0.00695 -0.00373
v -0.01333 0.00695 -0.00552
v -0.01249 0.00695 -0.00721
v -0.01145 0.00695 -0.00878
v -0.01020 0.00695 -0.01020
v -0.00878 0.00695 -0.01145
v -0.00721 0.00695 -0.01249
v -0.00552 0.00695 -0.01333
v -0.00373 0.00695 -0.01393
v -0.00188 0.00695 -0.01430
v -0.00000 0.00695 -0.01443
v 0.00188 0.00695 -0.01430
v 0.00373 0.00695 -0.01393
v 0.00552 0.00695 -0.01333
v 0.00721 0.00695 -0.01249
v 0.00878 0.00695 -0.01145
v 0.01020 0.00695 -0.01020
v 0.01145 0.00695 -0.00878
v 0.01249 0.00695 -0.00721
v 0.01333 0.00695 -0.00552
v 0.01393 0.00695 -0.00373
v 0.01430 0.00695 -0.00188
v 0.01443 0.00695 -0.00000
v 0.01437 0.00742 0.00000
v 0.01425 0.00742 0.00188
v 0.01388 0.00742 0.00372
v 0.01327 0.00742 0.00550
v 0.01244 0.00742 0.00718
v 0.01140 0.00742 0.00875
v 0.01016 0.00742 0.01016
v 0.00875 0.00742 0.01140
v 0.00718 0.00742 0.01244
v 0.00550 0.00742 0.01327
v 0.00372 0.00742 0.01388
v 0.00188 0.00742 0.01425
v 0.00000 0.00742 0.01437
v -0.00188 0.00742 0.01425
v -0.00372 0.00742 0.01388
v -0.00550 0.00742 0.01327
v -0.00718 0.00742 0.01244
v -0.00875 0.00742 0.01140
v -0.01016 0.00742 0.01016
v -0.01140 0.00742 0.00875
v -0.01244 0.00742 0.00718
v -0.01327 0.00742 0.00550
v -0.01388 0.00742 0.00372
v -0.01425 0.00742 0.00188
v -0.01437 0.00742 0.00000
v -0.01425 0.00742 -0.00188
v -0.01388 0.00742 -0.00372
v -0.01327 0.00742 -0.00550
v -0.01244 0.00742 -0.00718
v -0.01140 0.00742 -0.00875
v -0.01016 0.00742 -0.01016
v -0.00875 0.00742 -0.01140
v -0.00718 0.00742 -0.01244
v -0.00550 0.00742 -0.01327
v -0.00372 0.00742 -0.01388
v -0.00188 0.00742 -0.01425
v -0.00000 0.00742 -0.01437
v 0.00188 0.00742 -0.01425
v 0.00372 0.00742 -0.01388
v 0.00550 0.00742 -0.01327
v 0.00718 0.00742 -0.01244
v 0.00875 0.00742 -0.01140
v 0.01016 0.00742 -0.01016
v 0.01140 0.00742 -0.00875
v 0.01244 0.00742 -0.00718
v 0.01327 0.00742 -0.00550
v 0.01388 0.00742 -0.00372
v 0.01425 0.00742 -0.00188
v 0.01437 0.00742 -0.00000
v 0.01414 0.00788 0.00000
v 0.01402 0.00788 0.00185
v 0.01366 0.00788 0.00366
v 0.01306 0.00788 0.00541
v 0.01224 0.00788 0.00707
v 0.01122 0.00788 0.00861
v 0.01000 0.00788 0.01000
v 0.00861 0.00788 0.01122
v 0.00707 0.00788 0.01224
v 0.00541 0.00788 0.01306
v 0.00366 0.00788 0.01366
v 0.00185 0.00788 0.01402
v 0.00000 0.00788 0.01414
v -0.00185 0.00788 0.01402
v -0.00366 0.00788 0.01366
v -0.00541 0.00788 0.01306
v -0.00707 0.00788 0.01224
v -0.00861 0.00788 0.01122
v -0.01000 0.00788 0.01000
v -0.01122 0.00788 0.00861
v -0.01224 0.00788 0.00707
v -0.01306 0.00788 0.00541
v -0.01366 0.00788 0.00366
v -0.01402 0.00788 0.00185
v -0.01414 0.00788 0.00000
v -0.01402 0.00788 -0.00185
v -0.01366 0.00788 -0.00366
v -0.01306 0.00788 -0.00541
v -0.01224 0.00788 -0.00707
v -0.01122 0.00788 -0.00861
v -0.01000 0.00788 -0.01000
v -0.00861 0.00788 -0.01122
v -0.00707 0.00788 -0.01224
v -0.00541 0.00788 -0.01306
v -0.00366 0.00788 -0.01366
v -0.00185 0.00788 -0.01402
v -0.00000 0.00788 -0.01414
v 0.00185 0.00788 -0.01402
v 0.00366 0.00788 -0.01366
v 0.00541 0.00788 -0.01306
v 0.00707 0.00788 -0.01224
v 0.00861 0.00788 -0.01122
v 0.01000 0.00788 -0.01000
v 0.01122 0.00788 -0.00861
v 0.01224 0.00788 -0.00707
v 0.01306 0.00788 -0.00541
v 0.01366 0.00788 -0.00366
v 0.01402 0.00788 -0.00185
v 0.01414 0.00788 -0.00000
v 0.01390 0.00834 0.00000
v 0.01379 0.00834 0.00181
v 0.01343 0.00834 0.00360
v 0.01285 0.00834 0.00532
v 0.01204 0.00834 0.00695
v 0.01103 0.00834 0.00846
v 0.00983 0.00834 0.00983
v 0.00846 0.00834 0.01103
v 0.00695 0.00834 0.01204
v 0.00532 0.00834 0.01285
v 0.00360 0.00834 0.01343
v 0.00181 0.00834 0.01379
v 0.00000 0.00834 0.01390
v -0.00181 0.00834 0.01379
v -0.00360 0.00834 0.01343
v -0.00532 0.00834 0.01285
v -0.00695 0.00834 0.01204
v -0.00846 0.00834 0.01103
v -0.00983 0.00834 0.00983
v -0.01103 0.00834 0.00846
v -0.01204 0.00834 0.00695
v -0.01285 0.00834 0.00532
v -0.01343 0.00834 0.00360
v -0.01379 0.00834 0.00181
v -0.01390 0.00834 0.00000
v -0.01379 0.00834 -0.00181
v -0.01343 0.00834 -0.00360
v -0.01285 0.00834 -0.00532
v -0.01204 0.00834 -0.00695
v -0.01103 0.00834 -0.00846
v -0.00983 0.00834 -0.00983
v -0.00846 0.00834 -0.01103
v -0.00695 0.00834 -0.01204
v -0.00532 0.00834 -0.01285
v -0.00360 0.00834 -0.01343
v -0.00181 0.00834 -0.01379
v -0.00000 0.00834 -0.01390
v 0.00181 0.00834 -0.01379
v 0.00360 0.00834 -0.01343
v 0.00532 0.00834 -0.01285
v 0.00695 0.00834 -0.01204
v 0.00846 0.00834 -0.01103
v 0.00983 0.00834 -0.00983
v 0.01103 0.00834 -0.00846
v 0.01204 0.00834 -0.00695
v 0.01285 0.00834 -0.00532
v 0.01343 0.00834 -0.00360
v 0.01379 0.00834 -0.00181
v 0.01390 0.00834 -0.00000
v 0.01350 0.00881 0.00000
v 0.01338 0.00881 0.00176
v 0.01304 0.00881 0.00349
v 0.01247 0.00881 0.00517
v 0.01169 0.00881 0.00675
v 0.01071 0.00881 0.00822
v 0.00955 0.00881 0.00955
v 0.00822 0.00881 0.01071
v 0.00675 0.00881 0.01169
v 0.00517 0.00881 0.01247
v 0.00349 0.00881 0.01304
v 0.00176 0.00881 0.01338
v 0.00000 0.00881 0.01350
v -0.00176 0.00881 0.01338
v -0.00349 0.00881 0.01304
v -0.00517 0.00881 0.01247
v -0.00675 0.00881 0.01169
v -0.00822 0.00881 0.01071
v -0.00955 0.00881 0.00955
v -0.01071 0.00881 0.00822
v -0.01169 0.00881 0.00675
v -0.01247 0.00881 0.00517
v -0.01304 0.00881 0.00349
v -0.01338 0.00881 0.00176
v -0.01350 0.00881 0.00000
v -0.01338 0.00881 -0.00176
v -0.01304 0.00881 -0.00349
v -0.01247 0.00881 -0.00517
v -0.01169 0.00881 -0.00675
v -0.01071 0.00881 -0.00822
v -0.00955 0.00881 -0.00955
v -0.00822 0.00881 -0.01071
v -0.00675 0.00881 -0.01169
v -0.00517 0.00881 -0.01247
v -0.00349 0.00881 -0.01304
v -0.00176 0.00881 -0.01338
v -0.00000 0.00881 -0.01350
v 0.00176 0.00881 -0.01338
v 0.00349 0.00881 -0.01304
v 0.00517 0.00881 -0.01247
v 0.00675 0.00881 -0.01169
v 0.00822 0.00881 -0.01071
v 0.00955 0.00881 -0.00955
v 0.01071 0.00881 -0.00822
v 0.01169 0.00881 -0.00675
v 0.01247 0.00881 -0.00517
v 0.01304 0.00881 -0.00349
v 0.01338 0.00881 -0.00176
v 0.01350 0.00881 -0.00000
v 0.01350 0.00927 0.00000
v 0.01338 0.00927 0.00176
v 0.01304 0.00927 0.00349
v 0.01247 0.00927 0.00517
v 0.01169 0.00927 0.00675
v 0.01071 0.00927 0.00822
v 0.00955 0.00927 0.00955
v 0.00822 0.00927 0.01071
v 0.00675 0.00927 0.01169
v 0.00517 0.00927 0.01247
v 0.00349 0.00927 0.01304
v 0.00176 0.00927 0.01338
v 0.00000 0.00927 0.01350
v -0.00176 0.00927 0.01338
v -0.00349 0.00927 0.01304
v -0.00517 0.00927 0.01247
v -0.00675 0.00927 0.01169
v -0.00822 0.00927 0.01071
v -0.00955 0.00927 0.00955
v -0.01071 0.00927 0.00822
v -0.01169 0.00927 0.00675
v -0.01247 0.00927 0.00517
v -0.01304 0.00927 0.00349
v -0.01338 0.00927 0.00176
v -0.01350 0.00927 0.00000
v -0.01338 0.00927 -0.00176
v -0.01304 0.00927 -0.00349
v -0.01247 0.00927 -0.00517
v -0.01169 0.00927 -0.00675
v -0.01071 0.00927 -0.00822
v -0.00955 0.00927 -0.00955
v -0.00822 0.00927 -0.01071
v -0.00675 0.00927 -0.01169
v -0.00517 0.00927 -0.01247
v -0.00349 0.00927 -0.01304
v -0.00176 0.00927 -0.01338
v -0.00000 0.00927 -0.01350
v 0.00176 0.00927 -0.01338
v 0.00349 0.00927 -0.01304
v 0.00517 0.00927 -0.01247
v 0.00675 0.00927 -0.01169
v 0.00822 0.00927 -0.01071
v 0.00955 0.00927 -0.00955
v 0.01071 0.00927 -0.00822
v 0.01169 0.00927 -0.00675
v 0.01247 0.00927 -0.00517
v 0.01304 0.00927 -0.00349
v 0.01338 0.00927 -0.00176
v 0.01350 0.00927 -0.00000
v 0.01385 0.00973 0.00000
v 0.01373 0.00973 0.00181
v 0.01338 0.00973 0.00358
v 0.01279 0.00973 0.00530
v 0.01199 0.00973 0.00692
v 0.01099 0.00973 0.00843
v 0.00979 0.00973 0.00979
v 0.00843 0.00973 0.01099
v 0.00692 0.00973 0.01199
v 0.00530 0.00973 0.01279
v 0.00358 0.00973 0.01338
v 0.00181 0.00973 0.01373
v 0.00000 0.00973 0.01385
v -0.00181 0.00973 0.01373
v -0.00358 0.00973 0.01338
v -0.00530 0.00973 0.01279
v -0.00692 0.00973 0.01199
v -0.00843 0.00973 0.01099
v -0.00979 0.00973 0.00979
v -0.01099 0.00973 0.00843
v -0.01199 0.00973 0.00692
v -0.01279 0.00973 0.00530
v -0.01338 0.00973 0.00358
v -0.01373 0.00973 0.00181
v -0.01385 0.00973 0.00000
v -0.01373 0.00973 -0.00181
v -0.01338 0.00973 -0.00358
v -0.01279 0.00973 -0.00530
v -0.01199 0.00973 -0.00692
v -0.01099 0.00973 -0.00843
v -0.00979 0.00973 -0.00979
v -0.00843 0.00973 -0.01099
v -0.00692 0.00973 -0.01199
v -0.00530 0.00973 -0.01279
v -0.00358 0.00973 -0.01338
v -0.00181 0.00973 -0.01373
v -0.00000 0.00973 -0.01385
v 0.00181 0.00973 -0.01373
v 0.00358 0.00973 -0.01338
v 0.00530 0.00973 -0.01279
v 0.00692 0.00973 -0.01199
v 0.00843 0.00973 -0.01099
v 0.00979 0.00973 -0.00979
v 0.01099 0.00973 -0.00843
v 0.01199 0.00973 -0.00692
v 0.01279 0.00973 -0.00530
v 0.01338 0.00973 -0.00358
v 0.01373 0.00973 -0.00181
v 0.01385 0.00973 -0.00000
v 0.01414 0.01020 0.00000
v 0.01402 0.01020 0.00185
v 0.01366 0.01020 0.00366
v 0.01306 0.01020 0.00541
v 0.01224 0.01020 0.00707
v 0.01122 0.01020 0.00861
v 0.01000 0.01020 0.01000
v 0.00861 0.01020 0.01122
v 0.00707 0.01020 0.01224
v 0.00541 0.01020 0.01306
v 0.00366 0.01020 0.01366
v 0.00185 0.01020 0.01402
v 0.00000 0.01020 0.01414
v -0.00185 0.01020 0.01402
v -0.00366 0.01020 0.01366
v -0.00541 0.01020 0.01306
v -0.00707 0.01020 0.01224
v -0.00861 0.01020 0.01122
v -0.01000 0.01020 0.01000
v -0.01122 0.01020 0.00861
v -0.01224 0.01020 0.00707
v -0.01306 0.01020 0.00541
v -0.01366 0.01020 0.00366
v -0.01402 0.01020 0.00185
v -0.01414 0.01020 0.00000
v -0.01402 0.01020 -0.00185
v -0.01366 0.01020 -0.00366
v -0.01306 0.01020 -0.00541
v -0.01224 0.01020 -0.00707
v -0.01122 0.01020 -0.00861
v -0.01000 0.01020 -0.01000
v -0.00861 0.01020 -0.01122
v -0.00707 0.01020 -0.01224
v -0.00541 0.01020 -0.01306
v -0.00366 0.01020 -0.01366
v -0.00185 0.01020 -0.01402
v -0.00000 0.01020 -0.01414
v 0.00185 0.01020 -0.01402
v 0.00366 0.01020 -0.01366
v 0.00541 0.01020 -0.01306
v 0.00707 0.01020 -0.01224
v 0.00861 0.01020 -0.01122
v 0.01000 0.01020 -0.01000
v 0.01122 0.01020 -0.00861
v 0.01224 0.01020 -0.00707
v 0.01306 0.01020 -0.00541
v 0.01366 0.01020 -0.00366
v 0.01402 0.01020 -0.00185
v 0.01414 0.01020 -0.00000
v 0.01425 0.01066 0.00000
v 0.01413 0.01066 0.00186
v 0.01377 0.01066 0.00369
v 0.01317 0.01066 0.00545
v 0.01234 0.01066 0.00713
v 0.01131 0.01066 0.00868
v 0.01008 0.01066 0.01008
v 0.00868 0.01066 0.01131
v 0.00713 0.01066 0.01234
v 0.00545 0.01066 0.01317
v 0.00369 0.01066 0.01377
v 0.00186 0.01066 0.01413
v 0.00000 0.01066 0.01425
v -0.00186 0.01066 0.01413
v -0.00369 0.01066 0.01377
v -0.00545 0.01066 0.01317
v -0.00713 0.01066 0.01234
v -0.00868 0.01066 0.01131
v -0.01008 0.01066 0.01008
v -0.01131 0.01066 0.00868
v -0.01234 0.01066 0.00713
v -0.01317 0.01066 0.00545
v -0.01377 0.01066 0.00369
v -0.01413 0.01066 0.00186
v -0.01425 0.01066 0.00000
v -0.01413 0.01066 -0.00186
v -0.01377 0.01066 -0.00369
v -0.01317 0.01066 -0.00545
v -0.01234 0.01066 -0.00713
v -0.01131 0.01066 -0.00868
v -0.01008 0.01066 -0.01008
v -0.00868 0.01066 -0.01131
v -0.00713 0.01066 -0.01234
v -0.00545 0.01066 -0.01317
v -0.00369 0.01066 -0.01377
v -0.00186 0.01066 -0.01413
v -0.00000 0.01066 -0.01425
v 0.00186 0.01066 -0.01413
v 0.00369 0.01066 -0.01377
v 0.00545 0.01066 -0.01317
v 0.00713 0.01066 -0.01234
v 0.00868 0.01066 -0.01131
v 0.01008 0.01066 -0.01008
v 0.01131 0.01066 -0.00868
v 0.01234 0.01066 -0.00713
v 0.01317 0.01066 -0.00545
v 0.01377 0.01066 -0.00369
v 0.01413 0.01066 -0.00186
v 0.01425 0.01066 -0.00000
v 0.01431 0.01112 0.00000
v 0.01419 0.01112 0.00187
v 0.01382 0.01112 0.00370
v 0.01322 0.01112 0.00548
v 0.01239 0.01112 0.00716
v 0.01135 0.01112 0.00871
v 0.01012 0.01112 0.01012
v 0.00871 0.01112 0.01135
v 0.00716 0.01112 0.01239
v 0.00548 0.01112 0.01322
v 0.00370 0.01112 0.01382
v 0.00187 0.01112 0.01419
v 0.00000 0.01112 0.01431
v -0.00187 0.01112 0.01419
v -0.00370 0.01112 0.01382
v -0.00548 0.01112 0.01322
v -0.00716 0.01112 0.01239
v -0.00871 0.01112 0.01135
v -0.01012 0.01112 0.01012
v -0.01135 0.01112 0.00871
v -0.01239 0.01112 0.00716
v -0.01322 0.01112 0.00548
v -0.01382 0.01112 0.00370
v -0.01419 0.01112 0.00187
v -0.01431 0.01112 0.00000
v -0.01419 0.01112 -0.00187
v -0.01382 0.01112 -0.00370
v -0.01322 0.01112 -0.00548
v -0.01239 0.01112 -0.00716
v -0.01135 0.01112 -0.00871
v -0.01012 0.01112 -0.01012
v -0.00871 0.01112 -0.01135
v -0.00716 0.01112 -0.01239
v -0.00548 0.01112 -0.01322
v -0.00370 0.01112 -0.01382
v -0.00187 0.01112 -0.01419
v -0.00000 0.01112 -0.01431
v 0.00187 0.01112 -0.01419
v 0.00370 0.01112 -0.01382
v 0.00548 0.01112 -0.01322
v 0.00716 0.01112 -0.01239
v 0.00871 0.01112 -0.01135
v 0.01012 0.01112 -0.01012
v 0.01135 0.01112 -0.00871
v 0.01239 0.01112 -0.00716
v 0.01322 0.01112 -0.00548
v 0.01382 0.01112 -0.00370
v 0.01419 0.01112 -0.00187
v 0.01431 0.01112 -0.00000
v 0.01437 0.01159 0.00000
v 0.01425 0.01159 0.00188
v 0.01388 0.01159 0.00372
v 0.01327 0.01159 0.00550
v 0.01244 0.01159 0.00718
v 0.01140 0.01159 0.00875
v 0.01016 0.01159 0.01016
v 0.00875 0.01159 0.01140
v 0.00718 0.01159 0.01244
v 0.00550 0.01159 0.01327
v 0.00372 0.01159 0.01388
v 0.00188 0.01159 0.01425
v 0.00000 0.01159 0.01437
v -0.00188 0.01159 0.01425
v -0.00372 0.01159 0.01388
v -0.00550 0.01159 0.01327
v -0.00718 0.01159 0.01244
v -0.00875 0.01159 0.01140
v -0.01016 0.01159 0.01016
v -0.01140 0.01159 0.00875
v -0.01244 0.01159 0.00718
v -0.01327 0.01159 0.00550
v -0.01388 0.01159 0.00372
v -0.01425 0.01159 0.00188
v -0.01437 0.01159 0.00000
v -0.01425 0.01159 -0.00188
v -0.01388 0.01159 -0.00372
v -0.01327 0.01159 -0.00550
v -0.01244 0.01159 -0.00718
v -0.01140 0.01159 -0.00875
v -0.01016 0.01159 -0.01016
v -0.00875 0.01159 -0.01140
v -0.00718 0.01159 -0.01244
v -0.00550 0.01159 -0.01327
v -0.00372 0.01159 -0.01388
v -0.00188 0.01159 -0.01425
v -0.00000 0.01159 -0.01437
v 0.00188 0.01159 -0.01425
v 0.00372 0.01159 -0.01388
v 0.00550 0.01159 -0.01327
v 0.00718 0.01159 -0.01244
v 0.00875 0.01159 -0.01140
v 0.01016 0.01159 -0.01016
v 0.01140 0.01159 -0.00875
v 0.01244 0.01159 -0.00718
v 0.01327 0.01159 -0.00550
v 0.01388 0.01159 -0.00372
v 0.01425 0.01159 -0.00188
v 0.01437 0.01159 -0.00000
v 0.01437 0.01205 0.00000
v 0.01425 0.01205 0.00188
v 0.01388 0.01205 0.00372
v 0.01327 0.01205 0.00550
v 0.01244 0.01205 0.00718
v 0.01140 0.01205 0.00875
v 0.01016 0.01205 0.01016
v 0.00875 0.01205 0.01140
v 0.00718 0.01205 0.01244
v 0.00550 0.01205 0.01327
v 0.00372 0.01205 0.01388
v 0.00188 0.01205 0.01425
v 0.00000 0.01205 0.01437
v -0.00188 0.01205 0.01425
v -0.00372 0.01205 0.01388
v -0.00550 0.01205 0.01327
v -0.00718 0.01205 0.01244
v -0.00875 0.01205 0.01140
v -0.01016 0.01205 0.01016
v -0.01140 0.01205 0.00875
v -0.01244 0.01205 0.00718
v -0.01327 0.01205 0.00550
v -0.01388 0.01205 0.00372
v -0.01425 0.01205 0.00188
v -0.01437 0.01205 0.00000
v -0.01425 0.01205 -0.00188
v -0.01388 0.01205 -0.00372
v -0.01327 0.01205 -0.00550
v -0.01244 0.01205 -0.00718
v -0.01140 0.01205 -0.00875
v -0.01016 0.01205 -0.01016
v -0.00875 0.01205 -0.01140
v -0.00718 0.01205 -0.01244
v -0.00550 0.01205 -0.01327
v -0.00372 0.01205 -0.01388
v -0.00188 0.01205 -0.01425
v -0.00000 0.01205 -0.01437
v 0.00188 0.01205 -0.01425
v 0.00372 0.01205 -0.01388
v 0.00550 0.01205 -0.01327
v 0.00718 0.01205 -0.01244
v 0.00875 0.01205 -0.01140
v 0.01016 0.01205 -0.01016
v 0.01140 0.01205 -0.00875
v 0.01244 0.01205 -0.00718
v 0.01327 0.01205 -0.00550
v 0.01388 0.01205 -0.00372
v 0.01425 0.01205 -0.00188
v 0.01437 0.01205 -0.00000
v 0.01437 0.01251 0.00000
v 0.01425 0.01251 0.00188
v 0.01388 0.01251 0.00372
v 0.01327 0.01251 0.00550
v 0.01244 0.01251 0.00718
v 0.01140 0.01251 0.00875
v 0.01016 0.01251 0.01016
v 0.00875 0.01251 0.01140
v 0.00718 0.01251 0.01244
v 0.00550 0.01251 0.01327
v 0.00372 0.01251 0.01388
v 0.00188 0.01251 0.01425
v 0.00000 0.01251 0.01437
v -0.00188 0.01251 0.01425
v -0.00372 0.01251 0.01388
v -0.00550 0.01251 0.01327
v -0.00718 0.01251 0.01244
v -0.00875 0.01251 0.01140
v -0.01016 0.01251 0.01016
v -0.01140 0.01251 0.00875
v -0.01244 0.01251 0.00718
v -0.01327 0.01251 0.00550
v -0.01388 0.01251 0.00372
v -0.01425 0.01251 0.00188
v -0.01437 0.01251 0.00000
v -0.01425 0.01251 -0.00188
v -0.01388 0.01251 -0.00372
v -0.01327 0.01251 -0.00550
v -0.01244 0.01251 -0.00718
v -0.01140 0.01251 -0.00875
v -0.01016 0.01251 -0.01016
v -0.00875 0.01251 -0.01140
v -0.00718 0.01251 -0.01244
v -0.00550 0.01251 -0.01327
v -0.00372 0.01251 -0.01388
v -0.00188 0.01251 -0.01425
v -0.00000 0.01251 -0.01437
v 0.00188 0.01251 -0.01425
v 0.00372 0.01251 -0.01388
v 0.00550 0.01251 -0.01327
v 0.00718 0.01251 -0.01244
v 0.00875 0.01251 -0.01140
v 0.01016 0.01251 -0.01016
v 0.01140 0.01251 -0.00875
v 0.01244 0.01251 -0.00718
v 0.01327 0.01251 -0.00550
v 0.01388 0.01251 -0.00372
v 0.01425 0.01251 -0.00188
v 0.01437 0.01251 -0.00000
v 0.01425 0.01298 0.00000
v 0.01413 0.01298 0.00186
v 0.01377 0.01298 0.00369
v 0.01317 0.01298 0.00545
v 0.01234 0.01298 0.00713
v 0.01131 0.01298 0.00868
v 0.01008 0.01298 0.01008
v 0.00868 0.01298 0.01131
v 0.00713 0.01298 0.01234
v 0.00545 0.01298 0.01317
v 0.00369 0.01298 0.01377
v 0.00186 0.01298 0.01413
v 0.00000 0.01298 0.01425
v -0.00186 0.01298 0.01413
v -0.00369 0.01298 0.01377
v -0.00545 0.01298 0.01317
v -0.00713 0.01298 0.01234
v -0.00868 0.01298 0.01131
v -0.01008 0.01298 0.01008
v -0.01131 0.01298 0.00868
v -0.01234 0.01298 0.00713
v -0.01317 0.01298 0.00545
v -0.01377 0.01298 0.00369
v -0.01413 0.01298 0.00186
v -0.01425 0.01298 0.00000
v -0.01413 0.01298 -0.00186
v -0.01377 0.01298 -0.00369
v -0.01317 0.01298 -0.00545
v -0.01234 0.01298 -0.00713
v -0.01131 0.01298 -0.00868
v -0.01008 0.01298 -0.01008
v -0.00868 0.01298 -0.01131
v -0.00713 0.01298 -0.01234
v -0.00545 0.01298 -0.01317
v -0.00369 0.01298 -0.01377
v -0.00186 0.01298 -0.01413
v -0.00000 0.01298 -0.01425
v 0.00186 0.01298 -0.01413
v 0.00369 0.01298 -0.01377
v 0.00545 0.01298 -0.01317
v 0.00713 0.01298 -0.01234
v 0.00868 0.01298 -0.01131
v 0.01008 0.01298 -0.01008
v 0.01131 0.01298 -0.00868
v 0.01234 0.01298 -0.00713
v 0.01317 0.01298 -0.00545
v 0.01377 0.01298 -0.00369
v 0.01413 0.01298 -0.00186
v 0.01425 0.01298 -0.00000
v 0.01408 0.01344 0.00000
v 0.01396 0.01344 0.00184
v 0.01360 0.01344 0.00364
v 0.01301 0.01344 0.00539
v 0.01219 0.01344 0.00704
v 0.01117 0.01344 0.00857
v 0.00996 0.01344 0.00996
v 0.00857 0.01344 0.01117
v 0.00704 0.01344 0.01219
v 0.00539 0.01344 0.01301
v 0.00364 0.01344 0.01360
v 0.00184 0.01344 0.01396
v 0.00000 0.01344 0.01408
v -0.00184 0.01344 0.01396
v -0.00364 0.01344 0.01360
v -0.00539 0.01344 0.01301
v -0.00704 0.01344 0.01219
v -0.00857 0.01344 0.01117
v -0.00996 0.01344 0.00996
v -0.01117 0.01344 0.00857
v -0.01219 0.01344 0.00704
v -0.01301 0.01344 0.00539
v -0.01360 0.01344 0.00364
v -0.01396 0.01344 0.00184
v -0.01408 0.01344 0.00000
v -0.01396 0.01344 -0.00184
v -0.01360 0.01344 -0.00364
v -0.01301 0.01344 -0.00539
v -0.01219 0.01344 -0.00704
v -0.01117 0.01344 -0.00857
v -0.00996 0.01344 -0.00996
v -0.00857 0.01344 -0.01117
v -0.00704 0.01344 -0.01219
v -0.00539 0.01344 -0.01301
v -0.00364 0.01344 -0.01360
v -0.00184 0.01344 -0.01396
v -0.00000 0.01344 -0.01408
v 0.00184 0.01344 -0.01396
v 0.00364 0.01344 -0.01360
v 0.00539 0.01344 -0.01301
v 0.00704 0.01344 -0.01219
v 0.00857 0.01344 -0.01117
v 0.00996 0.01344 -0.00996
v 0.01117 0.01344 -0.00857
v 0.01219 0.01344 -0.00704
v 0.01301 0.01344 -0.00539
v 0.01360 0.01344 -0.00364
v 0.01396 0.01344 -0.00184
v 0.01408 0.01344 -0.00000
v 0.01385 0.01390 0.00000
v 0.01373 0.01390 0.00181
v 0.01338 0.01390 0.00358
v 0.01279 0.01390 0.00530
v 0.01199 0.01390 0.00692
v 0.01099 0.01390 0.00843
v 0.00979 0.01390 0.00979
v 0.00843 0.01390 0.01099
v 0.00692 0.01390 0.01199
v 0.00530 0.01390 0.01279
v 0.00358 0.01390 0.01338
v 0.00181 0.01390 0.01373
v 0.00000 0.01390 0.01385
v -0.00181 0.01390 0.01373
v -0.00358 0.01390 0.01338
v -0.00530 0.01390 0.01279
v -0.00692 0.01390 0.01199
v -0.00843 0.01390 0.01099
v -0.00979 0.01390 0.00979
v -0.01099 0.01390 0.00843
v -0.01199 0.01390 0.00692
v -0.01279 0.01390 0.00530
v -0.01338 0.01390 0.00358
v -0.01373 0.01390 0.00181
v -0.01385 0.01390 0.00000
v -0.01373 0.01390 -0.00181
v -0.01338 0.01390 -0.00358
v -0.01279 0.01390 -0.00530
v -0.01199 0.01390 -0.00692
v -0.01099 0.01390 -0.00843
v -0.00979 0.01390 -0.00979
v -0.00843 0.01390 -0.01099
v -0.00692 0.01390 -0.01199
v -0.00530 0.01390 -0.01279
v -0.00358 0.01390 -0.01338
v -0.00181 0.01390 -0.01373
v -0.00000 0.01390 -0.01385
v 0.00181 0.01390 -0.01373
v 0.00358 0.01390 -0.01338
v 0.00530 0.01390 -0.01279
v 0.00692 0.01390 -0.01199
v 0.00843 0.01390 -0.01099
v 0.00979 0.01390 -0.00979
v 0.01099 0.01390 -0.00843
v 0.01199 0.01390 -0.00692
v 0.01279 0.01390 -0.00530
v 0.01338 0.01390 -0.00358
v 0.01373 0.01390 -0.00181
v 0.01385 0.01390 -0.00000
v 0.01356 0.01437 0.00000
v 0.01344 0.01437 0.00177
v 0.01310 0.01437 0.00351
v 0.01253 0.01437 0.00519
v 0.01174 0.01437 0.00678
v 0.01076 0.01437 0.00825
v 0.00959 0.01437 0.00959
v 0.00825 0.01437 0.01076
v 0.00678 0.01437 0.01174
v 0.00519 0.01437 0.01253
v 0.00351 0.01437 0.01310
v 0.00177 0.01437 0.01344
v 0.00000 0.01437 0.01356
v -0.00177 0.01437 0.01344
v -0.00351 0.01437 0.01310
v -0.00519 0.01437 0.01253
v -0.00678 0.01437 0.01174
v -0.00825 0.01437 0.01076
v -0.00959 0.01437 0.00959
v -0.01076 0.01437 0.00825
v -0.01174 0.01437 0.00678
v -0.01253 0.01437 0.00519
v -0.01310 0.01437 0.00351
v -0.01344 0.01437 0.00177
v -0.01356 0.01437 0.00000
v -0.01344 0.01437 -0.00177
v -0.01310 0.01437 -0.00351
v -0.01253 0.01437 -0.00519
v -0.01174 0.01437 -0.00678
v -0.01076 0.01437 -0.00825
v -0.00959 0.01437 -0.00959
v -0.00825 0.01437 -0.01076
v -0.00678 0.01437 -0.01174
v -0.00519 0.01437 -0.01253
v -0.00351 0.01437 -0.01310
v -0.00177 0.01437 -0.01344
v -0.00000 0.01437 -0.01356
v 0.00177 0.01437 -0.01344
v 0.00351 0.01437 -0.01310
v 0.00519 0.01437 -0.01253
v 0.00678 0.01437 -0.01174
v 0.00825 0.01437 -0.01076
v 0.00959 0.01437 -0.00959
v 0.01076 0.01437 -0.00825
v 0.01174 0.01437 -0.00678
v 0.01253 0.01437 -0.00519
v 0.01310 0.01437 -0.00351
v 0.01344 0.01437 -0.00177
v 0.01356 0.01437 -0.00000
v 0.01315 0.01483 0.00000
v 0.01304 0.01483 0.00172
v 0.01270 0.01483 0.00340
v 0.01215 0.01483 0.00503
v 0.01139 0.01483 0.00658
v 0.01043 0.01483 0.00801
v 0.00930 0.01483 0.00930
v 0.00801 0.01483 0.01043
v 0.00658 0.01483 0.01139
v 0.00503 0.01483 0.01215
v 0.00340 0.01483 0.01270
v 0.00172 0.01483 0.01304
v 0.00000 0.01483 0.01315
v -0.00172 0.01483 0.01304
v -0.00340 0.01483 0.01270
v -0.00503 0.01483 0.01215
v -0.00658 0.01483 0.01139
v -0.00801 0.01483 0.01043
v -0.00930 0.01483 0.00930
v -0.01043 0.01483 0.00801
v -0.01139 0.01483 0.00658
v -0.01215 0.01483 0.00503
v -0.01270 0.01483 0.00340
v -0.01304 0.01483 0.00172
v -0.01315 0.01483 0.00000
v -0.01304 0.01483 -0.00172
v -0.01270 0.01483 -0.00340
v -0.01215 0.01483 -0.00503
v -0.01139 0.01483 -0.00658
v -0.01043 0.01483 -0.00801
v -0.00930 0.01483 -0.00930
v -0.00801 0.01483 -0.01043
v -0.00658 0.01483 -0.01139
v -0.00503 0.01483 -0.01215
v -0.00340 0.01483 -0.01270
v -0.00172 0.01483 -0.01304
v -0.00000 0.01483 -0.01315
v 0.00172 0.01483 -0.01304
v 0.00340 0.01483 -0.01270
v 0.00503 0.01483 -0.01215
v 0.00658 0.01483 -0.01139
v 0.00801 0.01483 -0.01043
v 0.00930 0.01483 -0.00930
v 0.01043 0.01483 -0.00801
v 0.01139 0.01483 -0.00658
v 0.01215 0.01483 -0.00503
v 0.01270 0.01483 -0.00340
v 0.01304 0.01483 -0.00172
v 0.01315 0.01483 -0.00000
v 0.01275 0.01530 0.00000
v 0.01264 0.01530 0.00166
v 0.01231 0.01530 0.00330
v 0.01178 0.01530 0.00488
v 0.01104 0.01530 0.00637
v 0.01011 0.01530 0.00776
v 0.00901 0.01530 0.00901
v 0.00776 0.01530 0.01011
v 0.00637 0.01530 0.01104
v 0.00488 0.01530 0.01178
v 0.00330 0.01530 0.01231
v 0.00166 0.01530 0.01264
v 0.00000 0.01530 0.01275
v -0.00166 0.01530 0.01264
v -0.00330 0.01530 0.01231
v -0.00488 0.01530 0.01178
v -0.00637 0.01530 0.01104
v -0.00776 0.01530 0.01011
v -0.00901 0.01530 0.00901
v -0.01011 0.01530 0.00776
v -0.01104 0.01530 0.00637
v -0.01178 0.01530 0.00488
v -0.01231 0.01530 0.00330
v -0.01264 0.01530 0.00166
v -0.01275 0.01530 0.00000
v -0.01264 0.01530 -0.00166
v -0.01231 0.01530 -0.00330
v -0.01178 0.01530 -0.00488
v -0.01104 0.01530 -0.00637
v -0.01011 0.01530 -0.00776
v -0.00901 0.01530 -0.00901
v -0.00776 0.01530 -0.01011
v -0.00637 0.01530 -0.01104
v -0.00488 0.01530 -0.01178
v -0.00330 0.01530 -0.01231
v -0.00166 0.01530 -0.01264
v -0.00000 0.01530 -0.01275
v 0.00166 0.01530 -0.01264
v 0.00330 0.01530 -0.01231
v 0.00488 0.01530 -0.01178
v 0.00637 0.01530 -0.01104
v 0.00776 0.01530 -0.01011
v 0.00901 0.01530 -0.00901
v 0.01011 0.01530 -0.00776
v 0.01104 0.01530 -0.00637
v 0.01178 0.01530 -0.00488
v 0.01231 0.01530 -0.00330
v 0.01264 0.01530 -0.00166
v 0.01275 0.01530 -0.00000
v 0.01217 0.01576 0.00000
v 0.01206 0.01576 0.00159
v 0.01175 0.01576 0.00315
v 0.01124 0.01576 0.00466
v 0.01054 0.01576 0.00608
v 0.00965 0.01576 0.00741
v 0.00860 0.01576 0.00860
v 0.00741 0.01576 0.00965
v 0.00608 0.01576 0.01054
v 0.00466 0.01576 0.01124
v 0.00315 0.01576 0.01175
v 0.00159 0.01576 0.01206
v 0.00000 0.01576 0.01217
v -0.00159 0.01576 0.01206
v -0.00315 0.01576 0.01175
v -0.00466 0.01576 0.01124
v -0.00608 0.01576 0.01054
v -0.00741 0.01576 0.00965
v -0.00860 0.01576 0.00860
v -0.00965 0.01576 0.00741
v -0.01054 0.01576 0.00608
v -0.01124 0.01576 0.00466
v -0.01175 0.01576 0.00315
v -0.01206 0.01576 0.00159
v -0.01217 0.01576 0.00000
v -0.01206 0.01576 -0.00159
v -0.01175 0.01576 -0.00315
v -0.01124 0.01576 -0.00466
v -0.01054 0.01576 -0.00608
v -0.00965 0.01576 -0.00741
v -0.00860 0.01576 -0.00860
v -0.00741 0.01576 -0.00965
v -0.00608 0.01576 -0.01054
v -0.00466 0.01576 -0.01124
v -0.00315 0.01576 -0.01175
v -0.00159 0.01576 -0.01206
v -0.00000 0.01576 -0.01217
v 0.00159 0.01576 -0.01206
v 0.00315 0.01576 -0.01175
v 0.00466 0.01576 -0.01124
v 0.00608 0.01576 -0.01054
v 0.00741 0.01576 -0.00965
v 0.00860 0.01576 -0.00860
v 0.00965 0.01576 -0.00741
v 0.01054 0.01576 -0.00608
v 0.01124 0.01576 -0.00466
v 0.01175 0.01576 -0.00315
v 0.01206 0.01576 -0.00159
v 0.01217 0.01576 -0.00000
v 0.01153 0.01622 0.00000
v 0.01143 0.01622 0.00150
v 0.01114 0.01622 0.00298
v 0.01065 0.01622 0.00441
v 0.00998 0.01622 0.00576
v 0.00915 0.01622 0.00702
v 0.00815 0.01622 0.00815
v 0.00702 0.01622 0.00915
v 0.00576 0.01622 0.00998
v 0.00441 0.01622 0.01065
v 0.00298 0.01622 0.01114
v 0.00150 0.01622 0.01143
v 0.00000 0.01622 0.01153
v -0.00150 0.01622 0.01143
v -0.00298 0.01622 0.01114
v -0.00441 0.01622 0.01065
v -0.00576 0.01622 0.00998
v -0.00702 0.01622 0.00915
v -0.00815 0.01622 0.00815
v -0.00915 0.01622 0.00702
v -0.00998 0.01622 0.00576
v -0.01065 0.01622 0.00441
v -0.01114 0.01622 0.00298
v -0.01143 0.01622 0.00150
v -0.01153 0.01622 0.00000
v -0.01143 0.01622 -0.00150
v -0.01114 0.01622 -0.00298
v -0.01065 0.01622 -0.00441
v -0.00998 0.01622 -0.00576
v -0.00915 0.01622 -0.00702
v -0.00815 0.01622 -0.00815
v -0.00702 0.01622 -0.00915
v -0.00576 0.01622 -0.00998
v -0.00441 0.01622 -0.01065
v -0.00298 0.01622 -0.01114
v -0.00150 0.01622 -0.01143
v -0.00000 0.01622 -0.01153
v 0.00150 0.01622 -0.01143
v 0.00298 0.01622 -0.01114
v 0.00441 0.01622 -0.01065
v 0.00576 0.01622 -0.00998
v 0.00702 0.01622 -0.00915
v 0.00815 0.01622 -0.00815
v 0.00915 0.01622 -0.00702
v 0.00998 0.01622 -0.00576
v 0.01065 0.01622 -0.00441
v 0.01114 0.01622 -0.00298
v 0.01143 0.01622 -0.00150
v 0.01153 0.01622 -0.00000
v 0.01078 0.01669 0.00000
v 0.01068 0.01669 0.00141
v 0.01041 0.01669 0.00279
v 0.00996 0.01669 0.00412
v 0.00933 0.01669 0.00539
v 0.00855 0.01669 0.00656
v 0.00762 0.01669 0.00762
v 0.00656 0.01669 0.00855
v 0.00539 0.01669 0.00933
v 0.00412 0.01669 0.00996
v 0.00279 0.01669 0.01041
v 0.00141 0.01669 0.01068
v 0.00000 0.01669 0.01078
v -0.00141 0.01669 0.01068
v -0.00279 0.01669 0.01041
v -0.00412 0.01669 0.00996
v -0.00539 0.01669 0.00933
v -0.00656 0.01669 0.00855
v -0.00762 0.01669 0.00762
v -0.00855 0.01669 0.00656
v -0.00933 0.01669 0.00539
v -0.00996 0.01669 0.00412
v -0.01041 0.01669 0.00279
v -0.01068 0.01669 0.00141
v -0.01078 0.01669 0.00000
v -0.01068 0.01669 -0.00141
v -0.01041 0.01669 -0.00279
v -0.00996 0.01669 -0.00412
v -0.00933 0.01669 -0.00539
v -0.00855 0.01669 -0.00656
v -0.00762 0.01669 -0.00762
v -0.00656 0.01669 -0.00855
v -0.00539 0.01669 -0.00933
v -0.00412 0.01669 -0.00996
v -0.00279 0.01669 -0.01041
v -0.00141 0.01669 -0.01068
v -0.00000 0.01669 -0.01078
v 0.00141 0.01669 -0.01068
v 0.00279 0.01669 -0.01041
v 0.00412 0.01669 -0.00996
v 0.00539 0.01669 -0.00933
v 0.00656 0.01669 -0.00855
v 0.00762 0.01669 -0.00762
v 0.00855 0.01669 -0.00656
v 0.00933 0.01669 -0.00539
v 0.00996 0.01669 -0.00412
v 0.01041 0.01669 -0.00279
v 0.01068 0.01669 -0.00141
v 0.01078 0.01669 -0.00000
v 0.01020 0.01715 0.00000
v 0.01011 0.01715 0.00133
v 0.00985 0.01715 0.00264
v 0.00942 0.01715 0.00390
v 0.00883 0.01715 0.00510
v 0.00809 0.01715 0.00621
v 0.00721 0.01715 0.00721
v 0.00621 0.01715 0.00809
v 0.00510 0.01715 0.00883
v 0.00390 0.01715 0.00942
v 0.00264 0.01715 0.00985
v 0.00133 0.01715 0.01011
v 0.00000 0.01715 0.01020
v -0.00133 0.01715 0.01011
v -0.00264 0.01715 0.00985
v -0.00390 0.01715 0.00942
v -0.00510 0.01715 0.00883
v -0.00621 0.01715 0.00809
v -0.00721 0.01715 0.00721
v -0.00809 0.01715 0.00621
v -0.00883 0.01715 0.00510
v -0.00942 0.01715 0.00390
v -0.00985 0.01715 0.00264
v -0.01011 0.01715 0.00133
v -0.01020 0.01715 0.00000
v -0.01011 0.01715 -0.00133
v -0.00985 0.01715 -0.00264
v -0.00942 0.01715 -0.00390
v -0.00883 0.01715 -0.00510
v -0.00809 0.01715 -0.00621
v -0.00721 0.01715 -0.00721
v -0.00621 0.01715 -0.00809
v -0.00510 0.01715 -0.00883
v -0.00390 0.01715 -0.00942
v -0.00264 0.01715 -0.00985
v -0.00133 0.01715 -0.01011
v -0.00000 0.01715 -0.01020
v 0.00133 0.01715 -0.01011
v 0.00264 0.01715 -0.00985
v 0.00390 0.01715 -0.00942
v 0.00510 0.01715 -0.00883
v 0.00621 0.01715 -0.00809
v 0.00721 0.01715 -0.00721
v 0.00809 0.01715 -0.00621
v 0.00883 0.01715 -0.00510
v 0.00942 0.01715 -0.00390
v 0.00985 0.01715 -0.00264
v 0.01011 0.01715 -0.00133
v 0.01020 0.01715 -0.00000
v 0.00968 0.01761 0.00000
v 0.00959 0.01761 0.00126
v 0.00935 0.01761 0.00250
v 0.00894 0.01761 0.00370
v 0.00838 0.01761 0.00484
v 0.00768 0.01761 0.00589
v 0.00684 0.01761 0.00684
v 0.00589 0.01761 0.00768
v 0.00484 0.01761 0.00838
v 0.00370 0.01761 0.00894
v 0.00250 0.01761 0.00935
v 0.00126 0.01761 0.00959
v 0.00000 0.01761 0.00968
v -0.00126 0.01761 0.00959
v -0.00250 0.01761 0.00935
v -0.00370 0.01761 0.00894
v -0.00484 0.01761 0.00838
v -0.00589 0.01761 0.00768
v -0.00684 0.01761 0.00684
v -0.00768 0.01761 0.00589
v -0.00838 0.01761 0.00484
v -0.00894 0.01761 0.00370
v -0.00935 0.01761 0.00250
v -0.00959 0.01761 0.00126
v -0.00968 0.01761 0.00000
v -0.00959 0.01761 -0.00126
v -0.00935 0.01761 -0.00250
v -0.00894 0.01761 -0.00370
v -0.00838 0.01761 -0.00484
v -0.00768 0.01761 -0.00589
v -0.00684 0.01761 -0.00684
v -0.00589 0.01761 -0.00768
v -0.00484 0.01761 -0.00838
v -0.00370 0.01761 -0.00894
v -0.00250 0.01761 -0.00935
v -0.00126 0.01761 -0.00959
v -0.00000 0.01761 -0.00968
v 0.00126 0.01761 -0.00959
v 0.00250 0.01761 -0.00935
v 0.00370 0.01761 -0.00894
v 0.00484 0.01761 -0.00838
v 0.00589 0.01761 -0.00768
v 0.00684 0.01761 -0.00684
v 0.00768 0.01761 -0.00589
v 0.00838 0.01761 -0.00484
v 0.00894 0.01761 -0.00370
v 0.00935 0.01761 -0.00250
v 0.00959 0.01761 -0.00126
v 0.00968 0.01761 -0.00000
v 0.00933 0.01808 0.00000
v 0.00925 0.01808 0.00122
v 0.00901 0.01808 0.00241
v 0.00862 0.01808 0.00357
v 0.00808 0.01808 0.00466
v 0.00740 0.01808 0.00568
v 0.00660 0.01808 0.00660
v 0.00568 0.01808 0.00740
v 0.00466 0.01808 0.00808
v 0.00357 0.01808 0.00862
v 0.00241 0.01808 0.00901
v 0.00122 0.01808 0.00925
v 0.00000 0.01808 0.00933
v -0.00122 0.01808 0.00925
v -0.00241 0.01808 0.00901
v -0.00357 0.01808 0.00862
v -0.00466 0.01808 0.00808
v -0.00568 0.01808 0.00740
v -0.00660 0.01808 0.00660
v -0.00740 0.01808 0.00568
v -0.00808 0.01808 0.00466
v -0.00862 0.01808 0.00357
v -0.00901 0.01808 0.00241
v -0.00925 0.01808 0.00122
v -0.00933 0.01808 0.00000
v -0.00925 0.01808 -0.00122
v -0.00901 0.01808 -0.00241
v -0.00862 0.01808 -0.00357
v -0.00808 0.01808 -0.00466
v -0.00740 0.01808 -0.00568
v -0.00660 0.01808 -0.00660
v -0.00568 0.01808 -0.00740
v -0.00466 0.01808 -0.00808
v -0.00357 0.01808 -0.00862
v -0.00241 0.01808 -0.00901
v -0.00122 0.01808 -0.00925
v -0.00000 0.01808 -0.00933
v 0.00122 0.01808 -0.00925
v 0.00241 0.01808 -0.00901
v 0.00357 0.01808 -0.00862
v 0.00466 0.01808 -0.00808
v 0.00568 0.01808 -0.00740
v 0.00660 0.01808 -0.00660
v 0.00740 0.01808 -0.00568
v 0.00808 0.01808 -0.00466
v 0.00862 0.01808 -0.00357
v 0.00901 0.01808 -0.00241
v 0.00925 0.01808 -0.00122
v 0.00933 0.01808 -0.00000
v 0.00910 0.01854 0.00000
v 0.00902 0.01854 0.00119
v 0.00879 0.01854 0.00235
v 0.00840 0.01854 0.00348
v 0.00788 0.01854 0.00455
v 0.00722 0.01854 0.00554
v 0.00643 0.01854 0.00643
v 0.00554 0.01854 0.00722
v 0.00455 0.01854 0.00788
v 0.00348 0.01854 0.00840
v 0.00235 0.01854 0.00879
v 0.00119 0.01854 0.00902
v 0.00000 0.01854 0.00910
v -0.00119 0.01854 0.00902
v -0.00235 0.01854 0.00879
v -0.00348 0.01854 0.00840
v -0.00455 0.01854 0.00788
v -0.00554 0.01854 0.00722
v -0.00643 0.01854 0.00643
v -0.00722 0.01854 0.00554
v -0.00788 0.01854 0.00455
v -0.00840 0.01854 0.00348
v -0.00879 0.01854 0.00235
v -0.00902 0.01854 0.00119
v -0.00910 0.01854 0.00000
v -0.00902 0.01854 -0.00119
v -0.00879 0.01854 -0.00235
v -0.00840 0.01854 -0.00348
v -0.00788 0.01854 -0.00455
v -0.00722 0.01854 -0.00554
v -0.00643 0.01854 -0.00643
v -0.00554 0.01854 -0.00722
v -0.00455 0.01854 -0.00788
v -0.00348 0.01854 -0.00840
v -0.00235 0.01854 -0.00879
v -0.00119 0.01854 -0.00902
v -0.00000 0.01854 -0.00910
v 0.00119 0.01854 -0.00902
v 0.00235 0.01854 -0.00879
v 0.00348 0.01854 -0.00840
v 0.00455 0.01854 -0.00788
v 0.00554 0.01854 -0.00722
v 0.00643 0.01854 -0.00643
v 0.00722 0.01854 -0.00554
v 0.00788 0.01854 -0.00455
v 0.00840 0.01854 -0.00348
v 0.00879 0.01854 -0.00235
v 0.00902 0.01854 -0.00119
v 0.00910 0.01854 -0.00000
v 0.00898 0.01900 0.00000
v 0.00890 0.01900 0.00117
v 0.00867 0.01900 0.00232
v 0.00830 0.01900 0.00344
v 0.00778 0.01900 0.00449
v 0.00712 0.01900 0.00547
v 0.00635 0.01900 0.00635
v 0.00547 0.01900 0.00712
v 0.00449 0.01900 0.00778
v 0.00344 0.01900 0.00830
v 0.00232 0.01900 0.00867
v 0.00117 0.01900 0.00890
v 0.00000 0.01900 0.00898
v -0.00117 0.01900 0.00890
v -0.00232 0.01900 0.00867
v -0.00344 0.01900 0.00830
v -0.00449 0.01900 0.00778
v -0.00547 0.01900 0.00712
v -0.00635 0.01900 0.00635
v -0.00712 0.01900 0.00547
v -0.00778 0.01900 0.00449
v -0.00830 0.01900 0.00344
v -0.00867 0.01900 0.00232
v -0.00890 0.01900 0.00117
v -0.00898 0.01900 0.00000
v -0.00890 0.01900 -0.00117
v -0.00867 0.01900 -0.00232
v -0.00830 0.01900 -0.00344
v -0.00778 0.01900 -0.00449
v -0.00712 0.01900 -0.00547
v -0.00635 0.01900 -0.00635
v -0.00547 0.01900 -0.00712
v -0.00449 0.01900 -0.00778
v -0.00344 0.01900 -0.00830
v -0.00232 0.01900 -0.00867
v -0.00117 0.01900 -0.00890
v -0.00000 0.01900 -0.00898
v 0.00117 0.01900 -0.00890
v 0.00232 0.01900 -0.00867
v 0.00344 0.01900 -0.00830
v 0.00449 0.01900 -0.00778
v 0.00547 0.01900 -0.00712
v 0.00635 0.01900 -0.00635
v 0.00712 0.01900 -0.00547
v 0.00778 0.01900 -0.00449
v 0.00830 0.01900 -0.00344
v 0.00867 0.01900 -0.00232
v 0.00890 0.01900 -0.00117
v 0.00898 0.01900 -0.00000
v 0.00892 0.01947 0.00000
v 0.00885 0.01947 0.00116
v 0.00862 0.01947 0.00231
v 0.00824 0.01947 0.00341
v 0.00773 0.01947 0.00446
v 0.00708 0.01947 0.00543
v 0.00631 0.01947 0.00631
v 0.00543 0.01947 0.00708
v 0.00446 0.01947 0.00773
v 0.00341 0.01947 0.00824
v 0.00231 0.01947 0.00862
v 0.00116 0.01947 0.00885
v 0.00000 0.01947 0.00892
v -0.00116 0.01947 0.00885
v -0.00231 0.01947 0.00862
v -0.00341 0.01947 0.00824
v -0.00446 0.01947 0.00773
v -0.00543 0.01947 0.00708
v -0.00631 0.01947 0.00631
v -0.00708 0.01947 0.00543
v -0.00773 0.01947 0.00446
v -0.00824 0.01947 0.00341
v -0.00862 0.01947 0.00231
v -0.00885 0.01947 0.00116
v -0.00892 0.01947 0.00000
v -0.00885 0.01947 -0.00116
v -0.00862 0.01947 -0.00231
v -0.00824 0.01947 -0.00341
v -0.00773 0.01947 -0.00446
v -0.00708 0.01947 -0.00543
v -0.00631 0.01947 -0.00631
v -0.00543 0.01947 -0.00708
v -0.00446 0.01947 -0.00773
v -0.00341 0.01947 -0.00824
v -0.00231 0.01947 -0.00862
v -0.00116 0.01947 -0.00885
v -0.00000 0.01947 -0.00892
v 0.00116 0.01947 -0.00885
v 0.00231 0.01947 -0.00862
v 0.00341 0.01947 -0.00824
v 0.00446 0.01947 -0.00773
v 0.00543 0.01947 -0.00708
v 0.00631 0.01947 -0.00631
v 0.00708 0.01947 -0.00543
v 0.00773 0.01947 -0.00446
v 0.00824 0.01947 -0.00341
v 0.00862 0.01947 -0.00231
v 0.00885 0.01947 -0.00116
v 0.00892 0.01947 -0.00000
v 0.00892 0.01993 0.00000
v 0.00885 0.01993 0.00116
v 0.00862 0.01993 0.00231
v 0.00824 0.01993 0.00341
v 0.00773 0.01993 0.00446
v 0.00708 0.01993 0.00543
v 0.00631 0.01993 0.00631
v 0.00543 0.01993 0.00708
v 0.00446 0.01993 0.00773
v 0.00341 0.01993 0.00824
v 0.00231 0.01993 0.00862
v 0.00116 0.01993 0.00885
v 0.00000 0.01993 0.00892
v -0.00116 0.01993 0.00885
v -0.00231 0.01993 0.00862
v -0.00341 0.01993 0.00824
v -0.00446 0.01993 0.00773
v -0.00543 0.01993 0.00708
v -0.00631 0.01993 0.00631
v -0.00708 0.01993 0.00543
v -0.00773 0.01993 0.00446
v -0.00824 0.01993 0.00341
v -0.00862 0.01993 0.00231
v -0.00885 0.01993 0.00116
v -0.00892 0.01993 0.00000
v -0.00885 0.01993 -0.00116
v -0.00862 0.01993 -0.00231
v -0.00824 0.01993 -0.00341
v -0.00773 0.01993 -0.00446
v -0.00708 0.01993 -0.00543
v -0.00631 0.01993 -0.00631
v -0.00543 0.01993 -0.00708
v -0.00446 0.01993 -0.00773
v -0.00341 0.01993 -0.00824
v -0.00231 0.01993 -0.00862
v -0.00116 0.01993 -0.00885
v -0.00000 0.01993 -0.00892
v 0.00116 0.01993 -0.00885
v 0.00231 0.01993 -0.00862
v 0.00341 0.01993 -0.00824
v 0.00446 0.01993 -0.00773
v 0.00543 0.01993 -0.00708
v 0.00631 0.01993 -0.00631
v 0.00708 0.01993 -0.00543
v 0.00773 0.01993 -0.00446
v 0.00824 0.01993 -0.00341
v 0.00862 0.01993 -0.00231
v 0.00885 0.01993 -0.00116
v 0.00892 0.01993 -0.00000
v 0.00915 0.02039 0.00000
v 0.00908 0.02039 0.00119
v 0.00884 0.02039 0.00237
v 0.00846 0.02039 0.00350
v 0.00793 0.02039 0.00458
v 0.00726 0.02039 0.00557
v 0.00647 0.02039 0.00647
v 0.00557 0.02039 0.00726
v 0.00458 0.02039 0.00793
v 0.00350 0.02039 0.00846
v 0.00237 0.02039 0.00884
v 0.00119 0.02039 0.00908
v 0.00000 0.02039 0.00915
v -0.00119 0.02039 0.00908
v -0.00237 0.02039 0.00884
v -0.00350 0.02039 0.00846
v -0.00458 0.02039 0.00793
v -0.00557 0.02039 0.00726
v -0.00647 0.02039 0.00647
v -0.00726 0.02039 0.00557
v -0.00793 0.02039 0.00458
v -0.00846 0.02039 0.00350
v -0.00884 0.02039 0.00237
v -0.00908 0.02039 0.00119
v -0.00915 0.02039 0.00000
v -0.00908 0.02039 -0.00119
v -0.00884 0.02039 -0.00237
v -0.00846 0.02039 -0.00350
v -0.00793 0.02039 -0.00458
v -0.00726 0.02039 -0.00557
v -0.00647 0.02039 -0.00647
v -0.00557 0.02039 -0.00726
v -0.00458 0.02039 -0.00793
v -0.00350 0.02039 -0.00846
v -0.00237 0.02039 -0.00884
v -0.00119 0.02039 -0.00908
v -0.00000 0.02039 -0.00915
v 0.00119 0.02039 -0.00908
v 0.00237 0.02039 -0.00884
v 0.00350 0.02039 -0.00846
v 0.00458 0.02039 -0.00793
v 0.00557 0.02039 -0.00726
v 0.00647 0.02039 -0.00647
v 0.00726 0.02039 -0.00557
v 0.00793 0.02039 -0.00458
v 0.00846 0.02039 -0.00350
v 0.00884 0.02039 -0.00237
v 0.00908 0.02039 -0.00119
v 0.00915 0.02039 -0.00000
v 0.00950 0.02086 0.00000
v 0.00942 0.02086 0.00124
v 0.00918 0.02086 0.00246
v 0.00878 0.02086 0.00364
v 0.00823 0.02086 0.00475
v 0.00754 0.02086 0.00578
v 0.00672 0.02086 0.00672
v 0.00578 0.02086 0.00754
v 0.00475 0.02086 0.00823
v 0.00364 0.02086 0.00878
v 0.00246 0.02086 0.00918
v 0.00124 0.02086 0.00942
v 0.00000 0.02086 0.00950
v -0.00124 0.02086 0.00942
v -0.00246 0.02086 0.00918
v -0.00364 0.02086 0.00878
v -0.00475 0.02086 0.00823
v -0.00578 0.02086 0.00754
v -0.00672 0.02086 0.00672
v -0.00754 0.02086 0.00578
v -0.00823 0.02086 0.00475
v -0.00878 0.02086 0.00364
v -0.00918 0.02086 0.00246
v -0.00942 0.02086 0.00124
v -0.00950 0.02086 0.00000
v -0.00942 0.02086 -0.00124
v -0.00918 0.02086 -0.00246
v -0.00878 0.02086 -0.00364
v -0.00823 0.02086 -0.00475
v -0.00754 0.02086 -0.00578
v -0.00672 0.02086 -0.00672
v -0.00578 0.02086 -0.00754
v -0.00475 0.02086 -0.00823
v -0.00364 0.02086 -0.00878
v -0.00246 0.02086 -0.00918
v -0.00124 0.02086 -0.00942
v -0.00000 0.02086 -0.00950
v 0.00124 0.02086 -0.00942
v 0.00246 0.02086 -0.00918
v 0.00364 0.02086 -0.00878
v 0.00475 0.02086 -0.00823
v 0.00578 0.02086 -0.00754
v 0.00672 0.02086 -0.00672
v 0.00754 0.02086 -0.00578
v 0.00823 0.02086 -0.00475
v 0.00878 0.02086 -0.00364
v 0.00918 0.02086 -0.00246
v 0.00942 0.02086 -0.00124
v 0.00950 0.02086 -0.00000
v 0.00973 0.02132 0.00000
v 0.00965 0.02132 0.00127
v 0.00940 0.02132 0.00252
v 0.00899 0.02132 0.00372
v 0.00843 0.02132 0.00487
v 0.00772 0.02132 0.00593
v 0.00688 0.02132 0.00688
v 0.00593 0.02132 0.00772
v 0.00487 0.02132 0.00843
v 0.00372 0.02132 0.00899
v 0.00252 0.02132 0.00940
v 0.00127 0.02132 0.00965
v 0.00000 0.02132 0.00973
v -0.00127 0.02132 0.00965
v -0.00252 0.02132 0.00940
v -0.00372 0.02132 0.00899
v -0.00487 0.02132 0.00843
v -0.00593 0.02132 0.00772
v -0.00688 0.02132 0.00688
v -0.00772 0.02132 0.00593
v -0.00843 0.02132 0.00487
v -0.00899 0.02132 0.00372
v -0.00940 0.02132 0.00252
v -0.00965 0.02132 0.00127
v -0.00973 0.02132 0.00000
v -0.00965 0.02132 -0.00127
v -0.00940 0.02132 -0.00252
v -0.00899 0.02132 -0.00372
v -0.00843 0.02132 -0.00487
v -0.00772 0.02132 -0.00593
v -0.00688 0.02132 -0.00688
v -0.00593 0.02132 -0.00772
v -0.00487 0.02132 -0.00843
v -0.00372 0.02132 -0.00899
v -0.00252 0.02132 -0.00940
v -0.00127 0.02132 -0.00965
v -0.00000 0.02132 -0.00973
v 0.00127 0.02132 -0.00965
v 0.00252 0.02132 -0.00940
v 0.00372 0.02132 -0.00899
v 0.00487 0.02132 -0.00843
v 0.00593 0.02132 -0.00772
v 0.00688 0.02132 -0.00688
v 0.00772 0.02132 -0.00593
v 0.00843 0.02132 -0.00487
v 0.00899 0.02132 -0.00372
v 0.00940 0.02132 -0.00252
v 0.00965 0.02132 -0.00127
v 0.00973 0.02132 -0.00000
v 0.01008 0.02178 0.00000
v 0.00999 0.02178 0.00132
v 0.00974 0.02178 0.00261
v 0.00931 0.02178 0.00386
v 0.00873 0.02178 0.00504
v 0.00800 0.02178 0.00614
v 0.00713 0.02178 0.00713
v 0.00614 0.02178 0.00800
v 0.00504 0.02178 0.00873
v 0.00386 0.02178 0.00931
v 0.00261 0.02178 0.00974
v 0.00132 0.02178 0.00999
v 0.00000 0.02178 0.01008
v -0.00132 0.02178 0.00999
v -0.00261 0.02178 0.00974
v -0.00386 0.02178 0.00931
v -0.00504 0.02178 0.00873
v -0.00614 0.02178 0.00800
v -0.00713 0.02178 0.00713
v -0.00800 0.02178 0.00614
v -0.00873 0.02178 0.00504
v -0.00931 0.02178 0.00386
v -0.00974 0.02178 0.00261
v -0.00999 0.02178 0.00132
v -0.01008 0.02178 0.00000
v -0.00999 0.02178 -0.00132
v -0.00974 0.02178 -0.00261
v -0.00931 0.02178 -0.00386
v -0.00873 0.02178 -0.00504
v -0.00800 0.02178 -0.00614
v -0.00713 0.02178 -0.00713
v -0.00614 0.02178 -0.00800
v -0.00504 0.02178 -0.00873
v -0.00386 0.02178 -0.00931
v -0.00261 0.02178 -0.00974
v -0.00132 0.02178 -0.00999
v -0.00000 0.02178 -0.01008
v 0.00132 0.02178 -0.00999
v 0.00261 0.02178 -0.00974
v 0.00386 0.02178 -0.00931
v 0.00504 0.02178 -0.00873
v 0.00614 0.02178 -0.00800
v 0.00713 0.02178 -0.00713
v 0.00800 0.02178 -0.00614
v 0.00873 0.02178 -0.00504
v 0.00931 0.02178 -0.00386
v 0.00974 0.02178 -0.00261
v 0.00999 0.02178 -0.00132
v 0.01008 0.02178 -0.00000
v 0.01037 0.02225 0.00000
v 0.01028 0.02225 0.00135
v 0.01002 0.02225 0.00268
v 0.00958 0.02225 0.00397
v 0.00898 0.02225 0.00519
v 0.00823 0.02225 0.00631
v 0.00733 0.02225 0.00733
v 0.00631 0.02225 0.00823
v 0.00519 0.02225 0.00898
v 0.00397 0.02225 0.00958
v 0.00268 0.02225 0.01002
v 0.00135 0.02225 0.01028
v 0.00000 0.02225 0.01037
v -0.00135 0.02225 0.01028
v -0.00268 0.02225 0.01002
v -0.00397 0.02225 0.00958
v -0.00519 0.02225 0.00898
v -0.00631 0.02225 0.00823
v -0.00733 0.02225 0.00733
v -0.00823 0.02225 0.00631
v -0.00898 0.02225 0.00519
v -0.00958 0.02225 0.00397
v -0.01002 0.02225 0.00268
v -0.01028 0.02225 0.00135
v -0.01037 0.02225 0.00000
v -0.01028 0.02225 -0.00135
v -0.01002 0.02225 -0.00268
v -0.00958 0.02225 -0.00397
v -0.00898 0.02225 -0.00519
v -0.00823 0.02225 -0.00631
v -0.00733 0.02225 -0.00733
v -0.00631 0.02225 -0.00823
v -0.00519 0.02225 -0.00898
v -0.00397 0.02225 -0.00958
v -0.00268 0.02225 -0.01002
v -0.00135 0.02225 -0.01028
v -0.00000 0.02225 -0.01037
v 0.00135 0.02225 -0.01028
v 0.00268 0.02225 -0.01002
v 0.00397 0.02225 -0.00958
v 0.00519 0.02225 -0.00898
v 0.00631 0.02225 -0.00823
v 0.00733 0.02225 -0.00733
v 0.00823 0.02225 -0.00631
v 0.00898 0.02225 -0.00519
v 0.00958 0.02225 -0.00397
v 0.01002 0.02225 -0.00268
v 0.01028 0.02225 -0.00135
v 0.01037 0.02225 -0.00000
v 0.01054 0.02271 0.00000
v 0.01045 0.02271 0.00138
v 0.01019 0.02271 0.00273
v 0.00974 0.02271 0.00404
v 0.00913 0.02271 0.00527
v 0.00837 0.02271 0.00642
v 0.00746 0.02271 0.00746
v 0.00642 0.02271 0.00837
v 0.00527 0.02271 0.00913
v 0.00404 0.02271 0.00974
v 0.00273 0.02271 0.01019
v 0.00138 0.02271 0.01045
v 0.00000 0.02271 0.01054
v -0.00138 0.02271 0.01045
v -0.00273 0.02271 0.01019
v -0.00404 0.02271 0.00974
v -0.00527 0.02271 0.00913
v -0.00642 0.02271 0.00837
v -0.00746 0.02271 0.00746
v -0.00837 0.02271 0.00642
v -0.00913 0.02271 0.00527
v -0.00974 0.02271 0.00404
v -0.01019 0.02271 0.00273
v -0.01045 0.02271 0.00138
v -0.01054 0.02271 0.00000
v -0.01045 0.02271 -0.00138
v -0.01019 0.02271 -0.00273
v -0.00974 0.02271 -0.00404
v -0.00913 0.02271 -0.00527
v -0.00837 0.02271 -0.00642
v -0.00746 0.02271 -0.00746
v -0.00642 0.02271 -0.00837
v -0.00527 0.02271 -0.00913
v -0.00404 0.02271 -0.00974
v -0.00273 0.02271 -0.01019
v -0.00138 0.02271 -0.01045
v -0.00000 0.02271 -0.01054
v 0.00138 0.02271 -0.01045
v 0.00273 0.02271 -0.01019
v 0.00404 0.02271 -0.00974
v 0.00527 0.02271 -0.00913
v 0.00642 0.02271 -0.00837
v 0.00746 0.02271 -0.00746
v 0.00837 0.02271 -0.00642
v 0.00913 0.02271 -0.00527
v 0.00974 0.02271 -0.00404
v 0.01019 0.02271 -0.00273
v 0.01045 0.02271 -0.00138
v 0.01054 0.02271 -0.00000
v 0.01054 0.02317 0.00000
v 0.01045 0.02317 0.00138
v 0.01019 0.02317 0.00273
v 0.00974 0.02317 0.00404
v 0.00913 0.02317 0.00527
v 0.00837 0.02317 0.00642
v 0.00746 0.02317 0.00746
v 0.00642 0.02317 0.00837
v 0.00527 0.02317 0.00913
v 0.00404 0.02317 0.00974
v 0.00273 0.02317 0.01019
v 0.00138 0.02317 0.01045
v 0.00000 0.02317 0.01054
v -0.00138 0.02317 0.01045
v -0.00273 0.02317 0.01019
v -0.00404 0.02317 0.00974
v -0.00527 0.02317 0.00913
v -0.00642 0.02317 0.00837
v -0.00746 0.02317 0.00746
v -0.00837 0.02317 0.00642
v -0.00913 0.02317 0.00527
v -0.00974 0.02317 0.00404
v -0.01019 0.02317 0.00273
v -0.01045 0.02317 0.00138
v -0.01054 0.02317 0.00000
v -0.01045 0.02317 -0.00138
v -0.01019 0.02317 -0.00273
v -0.00974 0.02317 -0.00404
v -0.00913 0.02317 -0.00527
v -0.00837 0.02317 -0.00642
v -0.00746 0.02317 -0.00746
v -0.00642 0.02317 -0.00837
v -0.00527 0.02317 -0.00913
v -0.00404 0.02317 -0.00974
v -0.00273 0.02317 -0.01019
v -0.00138 0.02317 -0.01045
v -0.00000 0.02317 -0.01054
v 0.00138 0.02317 -0.01045
v 0.00273 0.02317 -0.01019
v 0.00404 0.02317 -0.00974
v 0.00527 0.02317 -0.00913
v 0.00642 0.02317 -0.00837
v 0.00746 0.02317 -0.00746
v 0.00837 0.02317 -0.00642
v 0.00913 0.02317 -0.00527
v 0.00974 0.02317 -0.00404
v 0.01019 0.02317 -0.00273
v 0.01045 0.02317 -0.00138
v 0.01054 0.02317 -0.00000
v 0.01049 0.02364 0.00000
v 0.01040 0.02364 0.00137
v 0.01013 0.02364 0.00271
v 0.00969 0.02364 0.00401
v 0.00908 0.02364 0.00524
v 0.00832 0.02364 0.00638
v 0.00742 0.02364 0.00742
v 0.00638 0.02364 0.00832
v 0.00524 0.02364 0.00908
v 0.00401 0.02364 0.00969
v 0.00271 0.02364 0.01013
v 0.00137 0.02364 0.01040
v 0.00000 0.02364 0.01049
v -0.00137 0.02364 0.01040
v -0.00271 0.02364 0.01013
v -0.00401 0.02364 0.00969
v -0.00524 0.02364 0.00908
v -0.00638 0.02364 0.00832
v -0.00742 0.02364 0.00742
v -0.00832 0.02364 0.00638
v -0.00908 0.02364 0.00524
v -0.00969 0.02364 0.00401
v -0.01013 0.02364 0.00271
v -0.01040 0.02364 0.00137
v -0.01049 0.02364 0.00000
v -0.01040 0.02364 -0.00137
v -0.01013 0.02364 -0.00271
v -0.00969 0.02364 -0.00401
v -0.00908 0.02364 -0.00524
v -0.00832 0.02364 -0.00638
v -0.00742 0.02364 -0.00742
v -0.00638 0.02364 -0.00832
v -0.00524 0.02364 -0.00908
v -0.00401 0.02364 -0.00969
v -0.00271 0.02364 -0.01013
v -0.00137 0.02364 -0.01040
v -0.00000 0.02364 -0.01049
v 0.00137 0.02364 -0.01040
v 0.00271 0.02364 -0.01013
v 0.00401 0.02364 -0.00969
v 0.00524 0.02364 -0.00908
v 0.00638 0.02364 -0.00832
v 0.00742 0.02364 -0.00742
v 0.00832 0.02364 -0.00638
v 0.00908 0.02364 -0.00524
v 0.00969 0.02364 -0.00401
v 0.01013 0.02364 -0.00271
v 0.01040 0.02364 -0.00137
v 0.01049 0.02364 -0.00000
v 0.01025 0.02410 0.00000
v 0.01017 0.02410 0.00134
v 0.00991 0.02410 0.00265
v 0.00947 0.02410 0.00392
v 0.00888 0.02410 0.00513
v 0.00814 0.02410 0.00624
v 0.00725 0.02410 0.00725
v 0.00624 0.02410 0.00814
v 0.00513 0.02410 0.00888
v 0.00392 0.02410 0.00947
v 0.00265 0.02410 0.00991
v 0.00134 0.02410 0.01017
v 0.00000 0.02410 0.01025
v -0.00134 0.02410 0.01017
v -0.00265 0.02410 0.00991
v -0.00392 0.02410 0.00947
v -0.00513 0.02410 0.00888
v -0.00624 0.02410 0.00814
v -0.00725 0.02410 0.00725
v -0.00814 0.02410 0.00624
v -0.00888 0.02410 0.00513
v -0.00947 0.02410 0.00392
v -0.00991 0.02410 0.00265
v -0.01017 0.02410 0.00134
v -0.01025 0.02410 0.00000
v -0.01017 0.02410 -0.00134
v -0.00991 0.02410 -0.00265
v -0.00947 0.02410 -0.00392
v -0.00888 0.02410 -0.00513
v -0.00814 0.02410 -0.00624
v -0.00725 0.02410 -0.00725
v -0.00624 0.02410 -0.00814
v -0.00513 0.02410 -0.00888
v -0.00392 0.02410 -0.00947
v -0.00265 0.02410 -0.00991
v -0.00134 0.02410 -0.01017
v -0.00000 0.02410 -0.01025
v 0.00134 0.02410 -0.01017
v 0.00265 0.02410 -0.00991
v 0.00392 0.02410 -0.00947
v 0.00513 0.02410 -0.00888
v 0.00624 0.02410 -0.00814
v 0.00725 0.02410 -0.00725
v 0.00814 0.02410 -0.00624
v 0.00888 0.02410 -0.00513
v 0.00947 0.02410 -0.00392
v 0.00991 0.02410 -0.00265
v 0.01017 0.02410 -0.00134
v 0.01025 0.02410 -0.00000
v 0.00997 0.02457 0.00000
v 0.00988 0.02457 0.00130
v 0.00963 0.02457 0.00258
v 0.00921 0.02457 0.00381
v 0.00863 0.02457 0.00498
v 0.00791 0.02457 0.00607
v 0.00705 0.02457 0.00705
v 0.00607 0.02457 0.00791
v 0.00498 0.02457 0.00863
v 0.00381 0.02457 0.00921
v 0.00258 0.02457 0.00963
v 0.00130 0.02457 0.00988
v 0.00000 0.02457 0.00997
v -0.00130 0.02457 0.00988
v -0.00258 0.02457 0.00963
v -0.00381 0.02457 0.00921
v -0.00498 0.02457 0.00863
v -0.00607 0.02457 0.00791
v -0.00705 0.02457 0.00705
v -0.00791 0.02457 0.00607
v -0.00863 0.02457 0.00498
v -0.00921 0.02457 0.00381
v -0.00963 0.02457 0.00258
v -0.00988 0.02457 0.00130
v -0.00997 0.02457 0.00000
v -0.00988 0.02457 -0.00130
v -0.00963 0.02457 -0.00258
v -0.00921 0.02457 -0.00381
v -0.00863 0.02457 -0.00498
v -0.00791 0.02457 -0.00607
v -0.00705 0.02457 -0.00705
v -0.00607 0.02457 -0.00791
v -0.00498 0.02457 -0.00863
v -0.00381 0.02457 -0.00921
v -0.00258 0.02457 -0.00963
v -0.00130 0.02457 -0.00988
v -0.00000 0.02457 -0.00997
v 0.00130 0.02457 -0.00988
v 0.00258 0.02457 -0.00963
v 0.00381 0.02457 -0.00921
v 0.00498 0.02457 -0.00863
v 0.00607 0.02457 -0.00791
v 0.00705 0.02457 -0.00705
v 0.00791 0.02457 -0.00607
v 0.00863 0.02457 -0.00498
v 0.00921 0.02457 -0.00381
v 0.00963 0.02457 -0.00258
v 0.00988 0.02457 -0.00130
v 0.00997 0.02457 -0.00000
v 0.00956 0.02503 0.00000
v 0.00948 0.02503 0.00125
v 0.00923 0.02503 0.00247
v 0.00883 0.02503 0.00366
v 0.00828 0.02503 0.00478
v 0.00758 0.02503 0.00582
v 0.00676 0.02503 0.00676
v 0.00582 0.02503 0.00758
v 0.00478 0.02503 0.00828
v 0.00366 0.02503 0.00883
v 0.00247 0.02503 0.00923
v 0.00125 0.02503 0.00948
v 0.00000 0.02503 0.00956
v -0.00125 0.02503 0.00948
v -0.00247 0.02503 0.00923
v -0.00366 0.02503 0.00883
v -0.00478 0.02503 0.00828
v -0.00582 0.02503 0.00758
v -0.00676 0.02503 0.00676
v -0.00758 0.02503 0.00582
v -0.00828 0.02503 0.00478
v -0.00883 0.02503 0.00366
v -0.00923 0.02503 0.00247
v -0.00948 0.02503 0.00125
v -0.00956 0.02503 0.00000
v -0.00948 0.02503 -0.00125
v -0.00923 0.02503 -0.00247
v -0.00883 0.02503 -0.00366
v -0.00828 0.02503 -0.00478
v -0.00758 0.02503 -0.00582
v -0.00676 0.02503 -0.00676
v -0.00582 0.02503 -0.00758
v -0.00478 0.02503 -0.00828
v -0.00366 0.02503 -0.00883
v -0.00247 0.02503 -0.00923
v -0.00125 0.02503 -0.00948
v -0.00000 0.02503 -0.00956
v 0.00125 0.02503 -0.00948
v 0.00247 0.02503 -0.00923
v 0.00366 0.02503 -0.00883
v 0.00478 0.02503 -0.00828
v 0.00582 0.02503 -0.00758
v 0.00676 0.02503 -0.00676
v 0.00758 0.02503 -0.00582
v 0.00828 0.02503 -0.00478
v 0.00883 0.02503 -0.00366
v 0.00923 0.02503 -0.00247
v 0.00948 0.02503 -0.00125
v 0.00956 0.02503 -0.00000
v 0.00875 0.02549 0.00000
v 0.00867 0.02549 0.00114
v 0.00845 0.02549 0.00226
v 0.00808 0.02549 0.00335
v 0.00758 0.02549 0.00437
v 0.00694 0.02549 0.00533
v 0.00619 0.02549 0.00619
v 0.00533 0.02549 0.00694
v 0.00437 0.02549 0.00758
v 0.00335 0.02549 0.00808
v 0.00226 0.02549 0.00845
v 0.00114 0.02549 0.00867
v 0.00000 0.02549 0.00875
v -0.00114 0.02549 0.00867
v -0.00226 0.02549 0.00845
v -0.00335 0.02549 0.00808
v -0.00437 0.02549 0.00758
v -0.00533 0.02549 0.00694
v -0.00619 0.02549 0.00619
v -0.00694 0.02549 0.00533
v -0.00758 0.02549 0.00437
v -0.00808 0.02549 0.00335
v -0.00845 0.02549 0.00226
v -0.00867 0.02549 0.00114
v -0.00875 0.02549 0.00000
v -0.00867 0.02549 -0.00114
v -0.00845 0.02549 -0.00226
v -0.00808 0.02549 -0.00335
v -0.00758 0.02549 -0.00437
v -0.00694 0.02549 -0.00533
v -0.00619 0.02549 -0.00619
v -0.00533 0.02549 -0.00694
v -0.00437 0.02549 -0.00758
v -0.00335 0.02549 -0.00808
v -0.00226 0.02549 -0.00845
v -0.00114 0.02549 -0.00867
v -0.00000 0.02549 -0.00875
v 0.00114 0.02549 -0.00867
v 0.00226 0.02549 -0.00845
v 0.00335 0.02549 -0.00808
v 0.00437 0.02549 -0.00758
v 0.00533 0.02549 -0.00694
v 0.00619 0.02549 -0.00619
v 0.00694 0.02549 -0.00533
v 0.00758 0.02549 -0.00437
v 0.00808 0.02549 -0.00335
v 0.00845 0.02549 -0.00226
v 0.00867 0.02549 -0.00114
v 0.00875 0.02549 -0.00000
v 0.00834 0.02596 0.00000
v 0.00827 0.02596 0.00109
v 0.00806 0.02596 0.00216
v 0.00771 0.02596 0.00319
v 0.00723 0.02596 0.00417
v 0.00662 0.02596 0.00508
v 0.00590 0.02596 0.00590
v 0.00508 0.02596 0.00662
v 0.00417 0.02596 0.00723
v 0.00319 0.02596 0.00771
v 0.00216 0.02596 0.00806
v 0.00109 0.02596 0.00827
v 0.00000 0.02596 0.00834
v -0.00109 0.02596 0.00827
v -0.00216 0.02596 0.00806
v -0.00319 0.02596 0.00771
v -0.00417 0.02596 0.00723
v -0.00508 0.02596 0.00662
v -0.00590 0.02596 0.00590
v -0.00662 0.02596 0.00508
v -0.00723 0.02596 0.00417
v -0.00771 0.02596 0.00319
v -0.00806 0.02596 0.00216
v -0.00827 0.02596 0.00109
v -0.00834 0.02596 0.00000
v -0.00827 0.02596 -0.00109
v -0.00806 0.02596 -0.00216
v -0.00771 0.02596 -0.00319
v -0.00723 0.02596 -0.00417
v -0.00662 0.02596 -0.00508
v -0.00590 0.02596 -0.00590
v -0.00508 0.02596 -0.00662
v -0.00417 0.02596 -0.00723
v -0.00319 0.02596 -0.00771
v -0.00216 0.02596 -0.00806
v -0.00109 0.02596 -0.00827
v -0.00000 0.02596 -0.00834
v 0.00109 0.02596 -0.00827
v 0.00216 0.02596 -0.00806
v 0.00319 0.02596 -0.00771
v 0.00417 0.02596 -0.00723
v 0.00508 0.02596 -0.00662
v 0.00590 0.02596 -0.00590
v 0.00662 0.02596 -0.00508
v 0.00723 0.02596 -0.00417
v 0.00771 0.02596 -0.00319
v 0.00806 0.02596 -0.00216
v 0.00827 0.02596 -0.00109
v 0.00834 0.02596 -0.00000
v 0.00823 0.02642 0.00000
v 0.00816 0.02642 0.00107
v 0.00795 0.02642 0.00213
v 0.00760 0.02642 0.00315
v 0.00712 0.02642 0.00411
v 0.00653 0.02642 0.00501
v 0.00582 0.02642 0.00582
v 0.00501 0.02642 0.00653
v 0.00411 0.02642 0.00712
v 0.00315 0.02642 0.00760
v 0.00213 0.02642 0.00795
v 0.00107 0.02642 0.00816
v 0.00000 0.02642 0.00823
v -0.00107 0.02642 0.00816
v -0.00213 0.02642 0.00795
v -0.00315 0.02642 0.00760
v -0.00411 0.02642 0.00712
v -0.00501 0.02642 0.00653
v -0.00582 0.02642 0.00582
v -0.00653 0.02642 0.00501
v -0.00712 0.02642 0.00411
v -0.00760 0.02642 0.00315
v -0.00795 0.02642 0.00213
v -0.00816 0.02642 0.00107
v -0.00823 0.02642 0.00000
v -0.00816 0.02642 -0.00107
v -0.00795 0.02642 -0.00213
v -0.00760 0.02642 -0.00315
v -0.00712 0.02642 -0.00411
v -0.00653 0.02642 -0.00501
v -0.00582 0.02642 -0.00582
v -0.00501 0.02642 -0.00653
v -0.00411 0.02642 -0.00712
v -0.00315 0.02642 -0.00760
v -0.00213 0.02642 -0.00795
v -0.00107 0.02642 -0.00816
v -0.00000 0.02642 -0.00823
v 0.00107 0.02642 -0.00816
v 0.00213 0.02642 -0.00795
v 0.00315 0.02642 -0.00760
v 0.00411 0.02642 -0.00712
v 0.00501 0.02642 -0.00653
v 0.00582 0.02642 -0.00582
v 0.00653 0.02642 -0.00501
v 0.00712 0.02642 -0.00411
v 0.00760 0.02642 -0.00315
v 0.00795 0.02642 -0.00213
v 0.00816 0.02642 -0.00107
v 0.00823 0.02642 -0.00000
v 0.00811 0.02688 0.00000
v 0.00804 0.02688 0.00106
v 0.00783 0.02688 0.00210
v 0.00749 0.02688 0.00310
v 0.00702 0.02688 0.00406
v 0.00644 0.02688 0.00494
v 0.00574 0.02688 0.00574
v 0.00494 0.02688 0.00644
v 0.00406 0.02688 0.00702
v 0.00310 0.02688 0.00749
v 0.00210 0.02688 0.00783
v 0.00106 0.02688 0.00804
v 0.00000 0.02688 0.00811
v -0.00106 0.02688 0.00804
v -0.00210 0.02688 0.00783
v -0.00310 0.02688 0.00749
v -0.00406 0.02688 0.00702
v -0.00494 0.02688 0.00644
v -0.00574 0.02688 0.00574
v -0.00644 0.02688 0.00494
v -0.00702 0.02688 0.00406
v -0.00749 0.02688 0.00310
v -0.00783 0.02688 0.00210
v -0.00804 0.02688 0.00106
v -0.00811 0.02688 0.00000
v -0.00804 0.02688 -0.00106
v -0.00783 0.02688 -0.00210
v -0.00749 0.02688 -0.00310
v -0.00702 0.02688 -0.00406
v -0.00644 0.02688 -0.00494
v -0.00574 0.02688 -0.00574
v -0.00494 0.02688 -0.00644
v -0.00406 0.02688 -0.00702
v -0.00310 0.02688 -0.00749
v -0.00210 0.02688 -0.00783
v -0.00106 0.02688 -0.00804
v -0.00000 0.02688 -0.00811
v 0.00106 0.02688 -0.00804
v 0.00210 0.02688 -0.00783
v 0.00310 0.02688 -0.00749
v 0.00406 0.02688 -0.00702
v 0.00494 0.02688 -0.00644
v 0.00574 0.02688 -0.00574
v 0.00644 0.02688 -0.00494
v 0.00702 0.02688 -0.00406
v 0.00749 0.02688 -0.00310
v 0.00783 0.02688 -0.00210
v 0.00804 0.02688 -0.00106
v 0.00811 0.02688 -0.00000
v 0.00794 0.02735 0.00000
v 0.00787 0.02735 0.00104
v 0.00767 0.02735 0.00205
v 0.00733 0.02735 0.00304
v 0.00687 0.02735 0.00397
v 0.00630 0.02735 0.00483
v 0.00561 0.02735 0.00561
v 0.00483 0.02735 0.00630
v 0.00397 0.02735 0.00687
v 0.00304 0.02735 0.00733
v 0.00205 0.02735 0.00767
v 0.00104 0.02735 0.00787
v 0.00000 0.02735 0.00794
v -0.00104 0.02735 0.00787
v -0.00205 0.02735 0.00767
v -0.00304 0.02735 0.00733
v -0.00397 0.02735 0.00687
v -0.00483 0.02735 0.00630
v -0.00561 0.02735 0.00561
v -0.00630 0.02735 0.00483
v -0.00687 0.02735 0.00397
v -0.00733 0.02735 0.00304
v -0.00767 0.02735 0.00205
v -0.00787 0.02735 0.00104
v -0.00794 0.02735 0.00000
v -0.00787 0.02735 -0.00104
v -0.00767 0.02735 -0.00205
v -0.00733 0.02735 -0.00304
v -0.00687 0.02735 -0.00397
v -0.00630 0.02735 -0.00483
v -0.00561 0.02735 -0.00561
v -0.00483 0.02735 -0.00630
v -0.00397 0.02735 -0.00687
v -0.00304 0.02735 -0.00733
v -0.00205 0.02735 -0.00767
v -0.00104 0.02735 -0.00787
v -0.00000 0.02735 -0.00794
v 0.00104 0.02735 -0.00787
v 0.00205 0.02735 -0.00767
v 0.00304 0.02735 -0.00733
v 0.00397 0.02735 -0.00687
v 0.00483 0.02735 -0.00630
v 0.00561 0.02735 -0.00561
v 0.00630 0.02735 -0.00483
v 0.00687 0.02735 -0.00397
v 0.00733 0.02735 -0.00304
v 0.00767 0.02735 -0.00205
v 0.00787 0.02735 -0.00104
v 0.00794 0.02735 -0.00000
v 0.00782 0.02781 0.00000
v 0.00775 0.02781 0.00102
v 0.00756 0.02781 0.00202
v 0.00723 0.02781 0.00299
v 0.00677 0.02781 0.00391
v 0.00621 0.02781 0.00476
v 0.00553 0.02781 0.00553
v 0.00476 0.02781 0.00621
v 0.00391 0.02781 0.00677
v 0.00299 0.02781 0.00723
v 0.00202 0.02781 0.00756
v 0.00102 0.02781 0.00775
v 0.00000 0.02781 0.00782
v -0.00102 0.02781 0.00775
v -0.00202 0.02781 0.00756
v -0.00299 0.02781 0.00723
v -0.00391 0.02781 0.00677
v -0.00476 0.02781 0.00621
v -0.00553 0.02781 0.00553
v -0.00621 0.02781 0.00476
v -0.00677 0.02781 0.00391
v -0.00723 0.02781 0.00299
v -0.00756 0.02781 0.00202
v -0.00775 0.02781 0.00102
v -0.00782 0.02781 0.00000
v -0.00775 0.02781 -0.00102
v -0.00756 0.02781 -0.00202
v -0.00723 0.02781 -0.00299
v -0.00677 0.02781 -0.00391
v -0.00621 0.02781 -0.00476
v -0.00553 0.02781 -0.00553
v -0.00476 0.02781 -0.00621
v -0.00391 0.02781 -0.00677
v -0.00299 0.02781 -0.00723
v -0.00202 0.02781 -0.00756
v -0.00102 0.02781 -0.00775
v -0.00000 0.02781 -0.00782
v 0.00102 0.02781 -0.00775
v 0.00202 0.02781 -0.00756
v 0.00299 0.02781 -0.00723
v 0.00391 0.02781 -0.00677
v 0.00476 0.02781 -0.00621
v 0.00553 0.02781 -0.00553
v 0.00621 0.02781 -0.00476
v 0.00677 0.02781 -0.00391
v 0.00723 0.02781 -0.00299
v 0.00756 0.02781 -0.00202
v 0.00775 0.02781 -0.00102
v 0.00782 0.02781 -0.00000
v 0.00776 0.02827 0.00000
v 0.00770 0.02827 0.00101
v 0.00750 0.02827 0.00201
v 0.00717 0.02827 0.00297
v 0.00672 0.02827 0.00388
v 0.00616 0.02827 0.00473
v 0.00549 0.02827 0.00549
v 0.00473 0.02827 0.00616
v 0.00388 0.02827 0.00672
v 0.00297 0.02827 0.00717
v 0.00201 0.02827 0.00750
v 0.00101 0.02827 0.00770
v 0.00000 0.02827 0.00776
v -0.00101 0.02827 0.00770
v -0.00201 0.02827 0.00750
v -0.00297 0.02827 0.00717
v -0.00388 0.02827 0.00672
v -0.00473 0.02827 0.00616
v -0.00549 0.02827 0.00549
v -0.00616 0.02827 0.00473
v -0.00672 0.02827 0.00388
v -0.00717 0.02827 0.00297
v -0.00750 0.02827 0.00201
v -0.00770 0.02827 0.00101
v -0.00776 0.02827 0.00000
v -0.00770 0.02827 -0.00101
v -0.00750 0.02827 -0.00201
v -0.00717 0.02827 -0.00297
v -0.00672 0.02827 -0.00388
v -0.00616 0.02827 -0.00473
v -0.00549 0.02827 -0.00549
v -0.00473 0.02827 -0.00616
v -0.00388 0.02827 -0.00672
v -0.00297 0.02827 -0.00717
v -0.00201 0.02827 -0.00750
v -0.00101 0.02827 -0.00770
v -0.00000 0.02827 -0.00776
v 0.00101 0.02827 -0.00770
v 0.00201 0.02827 -0.00750
v 0.00297 0.02827 -0.00717
v 0.00388 0.02827 -0.00672
v 0.00473 0.02827 -0.00616
v 0.00549 0.02827 -0.00549
v 0.00616 0.02827 -0.00473
v 0.00672 0.02827 -0.00388
v 0.00717 0.02827 -0.00297
v 0.00750 0.02827 -0.00201
v 0.00770 0.02827 -0.00101
v 0.00776 0.02827 -0.00000
v 0.00771 0.02874 0.00000
v 0.00764 0.02874 0.00101
v 0.00744 0.02874 0.00199
v 0.00712 0.02874 0.00295
v 0.00667 0.02874 0.00385
v 0.00611 0.02874 0.00469
v 0.00545 0.02874 0.00545
v 0.00469 0.02874 0.00611
v 0.00385 0.02874 0.00667
v 0.00295 0.02874 0.00712
v 0.00199 0.02874 0.00744
v 0.00101 0.02874 0.00764
v 0.00000 0.02874 0.00771
v -0.00101 0.02874 0.00764
v -0.00199 0.02874 0.00744
v -0.00295 0.02874 0.00712
v -0.00385 0.02874 0.00667
v -0.00469 0.02874 0.00611
v -0.00545 0.02874 0.00545
v -0.00611 0.02874 0.00469
v -0.00667 0.02874 0.00385
v -0.00712 0.02874 0.00295
v -0.00744 0.02874 0.00199
v -0.00764 0.02874 0.00101
v -0.00771 0.02874 0.00000
v -0.00764 0.02874 -0.00101
v -0.00744 0.02874 -0.00199
v -0.00712 0.02874 -0.00295
v -0.00667 0.02874 -0.00385
v -0.00611 0.02874 -0.00469
v -0.00545 0.02874 -0.00545
v -0.00469 0.02874 -0.00611
v -0.00385 0.02874 -0.00667
v -0.00295 0.02874 -0.00712
v -0.00199 0.02874 -0.00744
v -0.00101 0.02874 -0.00764
v -0.00000 0.02874 -0.00771
v 0.00101 0.02874 -0.00764
v 0.00199 0.02874 -0.00744
v 0.00295 0.02874 -0.00712
v 0.00385 0.02874 -0.00667
v 0.00469 0.02874 -0.00611
v 0.00545 0.02874 -0.00545
v 0.00611 0.02874 -0.00469
v 0.00667 0.02874 -0.00385
v 0.00712 0.02874 -0.00295
v 0.00744 0.02874 -0.00199
v 0.00764 0.02874 -0.00101
v 0.00771 0.02874 -0.00000
v 0.00759 0.02920 0.00000
v 0.00752 0.02920 0.00099
v 0.00733 0.02920 0.00196
v 0.00701 0.02920 0.00290
v 0.00657 0.02920 0.00379
v 0.00602 0.02920 0.00462
v 0.00537 0.02920 0.00537
v 0.00462 0.02920 0.00602
v 0.00379 0.02920 0.00657
v 0.00290 0.02920 0.00701
v 0.00196 0.02920 0.00733
v 0.00099 0.02920 0.00752
v 0.00000 0.02920 0.00759
v -0.00099 0.02920 0.00752
v -0.00196 0.02920 0.00733
v -0.00290 0.02920 0.00701
v -0.00379 0.02920 0.00657
v -0.00462 0.02920 0.00602
v -0.00537 0.02920 0.00537
v -0.00602 0.02920 0.00462
v -0.00657 0.02920 0.00379
v -0.00701 0.02920 0.00290
v -0.00733 0.02920 0.00196
v -0.00752 0.02920 0.00099
v -0.00759 0.02920 0.00000
v -0.00752 0.02920 -0.00099
v -0.00733 0.02920 -0.00196
v -0.00701 0.02920 -0.00290
v -0.00657 0.02920 -0.00379
v -0.00602 0.02920 -0.00462
v -0.00537 0.02920 -0.00537
v -0.00462 0.02920 -0.00602
v -0.00379 0.02920 -0.00657
v -0.00290 0.02920 -0.00701
v -0.00196 0.02920 -0.00733
v -0.00099 0.02920 -0.00752
v -0.00000 0.02920 -0.00759
v 0.00099 0.02920 -0.00752
v 0.00196 0.02920 -0.00733
v 0.00290 0.02920 -0.00701
v 0.00379 0.02920 -0.00657
v 0.00462 0.02920 -0.00602
v 0.00537 0.02920 -0.00537
v 0.00602 0.02920 -0.00462
v 0.00657 0.02920 -0.00379
v 0.00701 0.02920 -0.00290
v 0.00733 0.02920 -0.00196
v 0.00752 0.02920 -0.00099
v 0.00759 0.02920 -0.00000
v 0.00747 0.02966 0.00000
v 0.00741 0.02966 0.00098
v 0.00722 0.02966 0.00193
v 0.00691 0.02966 0.00286
v 0.00647 0.02966 0.00374
v 0.00593 0.02966 0.00455
v 0.00528 0.02966 0.00528
v 0.00455 0.02966 0.00593
v 0.00374 0.02966 0.00647
v 0.00286 0.02966 0.00691
v 0.00193 0.02966 0.00722
v 0.00098 0.02966 0.00741
v 0.00000 0.02966 0.00747
v -0.00098 0.02966 0.00741
v -0.00193 0.02966 0.00722
v -0.00286 0.02966 0.00691
v -0.00374 0.02966 0.00647
v -0.00455 0.02966 0.00593
v -0.00528 0.02966 0.00528
v -0.00593 0.02966 0.00455
v -0.00647 0.02966 0.00374
v -0.00691 0.02966 0.00286
v -0.00722 0.02966 0.00193
v -0.00741 0.02966 0.00098
v -0.00747 0.02966 0.00000
v -0.00741 0.02966 -0.00098
v -0.00722 0.02966 -0.00193
v -0.00691 0.02966 -0.00286
v -0.00647 0.02966 -0.00374
v -0.00593 0.02966 -0.00455
v -0.00528 0.02966 -0.00528
v -0.00455 0.02966 -0.00593
v -0.00374 0.02966 -0.00647
v -0.00286 0.02966 -0.00691
v -0.00193 0.02966 -0.00722
v -0.00098 0.02966 -0.00741
v -0.00000 0.02966 -0.00747
v 0.00098 0.02966 -0.00741
v 0.00193 0.02966 -0.00722
v 0.00286 0.02966 -0.00691
v 0.00374 0.02966 -0.00647
v 0.00455 0.02966 -0.00593
v 0.00528 0.02966 -0.00528
v 0.00593 0.02966 -0.00455
v 0.00647 0.02966 -0.00374
v 0.00691 0.02966 -0.00286
v 0.00722 0.02966 -0.00193
v 0.00741 0.02966 -0.00098
v 0.00747 0.02966 -0.00000
v 0.00736 0.03013 0.00000
v 0.00730 0.03013 0.00096
v 0.00711 0.03013 0.00190
v 0.00680 0.03013 0.00282
v 0.00637 0.03013 0.00368
v 0.00584 0.03013 0.00448
v 0.00520 0.03013 0.00520
v 0.00448 0.03013 0.00584
v 0.00368 0.03013 0.00637
v 0.00282 0.03013 0.00680
v 0.00190 0.03013 0.00711
v 0.00096 0.03013 0.00730
v 0.00000 0.03013 0.00736
v -0.00096 0.03013 0.00730
v -0.00190 0.03013 0.00711
v -0.00282 0.03013 0.00680
v -0.00368 0.03013 0.00637
v -0.00448 0.03013 0.00584
v -0.00520 0.03013 0.00520
v -0.00584 0.03013 0.00448
v -0.00637 0.03013 0.00368
v -0.00680 0.03013 0.00282
v -0.00711 0.03013 0.00190
v -0.00730 0.03013 0.00096
v -0.00736 0.03013 0.00000
v -0.00730 0.03013 -0.00096
v -0.00711 0.03013 -0.00190
v -0.00680 0.03013 -0.00282
v -0.00637 0.03013 -0.00368
v -0.00584 0.03013 -0.00448
v -0.00520 0.03013 -0.00520
v -0.00448 0.03013 -0.00584
v -0.00368 0.03013 -0.00637
v -0.00282 0.03013 -0.00680
v -0.00190 0.03013 -0.00711
v -0.00096 0.03013 -0.00730
v -0.00000 0.03013 -0.00736
v 0.00096 0.03013 -0.00730
v 0.00190 0.03013 -0.00711
v 0.00282 0.03013 -0.00680
v 0.00368 0.03013 -0.00637
v 0.00448 0.03013 -0.00584
v 0.00520 0.03013 -0.00520
v 0.00584 0.03013 -0.00448
v 0.00637 0.03013 -0.00368
v 0.00680 0.03013 -0.00282
v 0.00711 0.03013 -0.00190
v 0.00730 0.03013 -0.00096
v 0.00736 0.03013 -0.00000
v 0.00736 0.03059 0.00000
v 0.00730 0.03059 0.00096
v 0.00711 0.03059 0.00190
v 0.00680 0.03059 0.00282
v 0.00637 0.03059 0.00368
v 0.00584 0.03059 0.00448
v 0.00520 0.03059 0.00520
v 0.00448 0.03059 0.00584
v 0.00368 0.03059 0.00637
v 0.00282 0.03059 0.00680
v 0.00190 0.03059 0.00711
v 0.00096 0.03059 0.00730
v 0.00000 0.03059 0.00736
v -0.00096 0.03059 0.00730
v -0.00190 0.03059 0.00711
v -0.00282 0.03059 0.00680
v -0.00368 0.03059 0.00637
v -0.00448 0.03059 0.00584
v -0.00520 0.03059 0.00520
v -0.00584 0.03059 0.00448
v -0.00637 0.03059 0.00368
v -0.00680 0.03059 0.00282
v -0.00711 0.03059 0.00190
v -0.00730 0.03059 0.00096
v -0.00736 0.03059 0.00000
v -0.00730 0.03059 -0.00096
v -0.00711 0.03059 -0.00190
v -0.00680 0.03059 -0.00282
v -0.00637 0.03059 -0.00368
v -0.00584 0.03059 -0.00448
v -0.00520 0.03059 -0.00520
v -0.00448 0.03059 -0.00584
v -0.00368 0.03059 -0.00637
v -0.00282 0.03059 -0.00680
v -0.00190 0.03059 -0.00711
v -0.00096 0.03059 -0.00730
v -0.00000 0.03059 -0.00736
v 0.00096 0.03059 -0.00730
v 0.00190 0.03059 -0.00711
v 0.00282 0.03059 -0.00680
v 0.00368 0.03059 -0.00637
v 0.00448 0.03059 -0.00584
v 0.00520 0.03059 -0.00520
v 0.00584 0.03059 -0.00448
v 0.00637 0.03059 -0.00368
v 0.00680 0.03059 -0.00282
v 0.00711 0.03059 -0.00190
v 0.00730 0.03059 -0.00096
v 0.00736 0.03059 -0.00000
v 0.00730 0.03105 0.00000
v 0.00724 0.03105 0.00095
v 0.00705 0.03105 0.00189
v 0.00674 0.03105 0.00279
v 0.00632 0.03105 0.00365
v 0.00579 0.03105 0.00444
v 0.00516 0.03105 0.00516
v 0.00444 0.03105 0.00579
v 0.00365 0.03105 0.00632
v 0.00279 0.03105 0.00674
v 0.00189 0.03105 0.00705
v 0.00095 0.03105 0.00724
v 0.00000 0.03105 0.00730
v -0.00095 0.03105 0.00724
v -0.00189 0.03105 0.00705
v -0.00279 0.03105 0.00674
v -0.00365 0.03105 0.00632
v -0.00444 0.03105 0.00579
v -0.00516 0.03105 0.00516
v -0.00579 0.03105 0.00444
v -0.00632 0.03105 0.00365
v -0.00674 0.03105 0.00279
v -0.00705 0.03105 0.00189
v -0.00724 0.03105 0.00095
v -0.00730 0.03105 0.00000
v -0.00724 0.03105 -0.00095
v -0.00705 0.03105 -0.00189
v -0.00674 0.03105 -0.00279
v -0.00632 0.03105 -0.00365
v -0.00579 0.03105 -0.00444
v -0.00516 0.03105 -0.00516
v -0.00444 0.03105 -0.00579
v -0.00365 0.03105 -0.00632
v -0.00279 0.03105 -0.00674
v -0.00189 0.03105 -0.00705
v -0.00095 0.03105 -0.00724
v -0.00000 0.03105 -0.00730
v 0.00095 0.03105 -0.00724
v 0.00189 0.03105 -0.00705
v 0.00279 0.03105 -0.00674
v 0.00365 0.03105 -0.00632
v 0.00444 0.03105 -0.00579
v 0.00516 0.03105 -0.00516
v 0.00579 0.03105 -0.00444
v 0.00632 0.03105 -0.00365
v 0.00674 0.03105 -0.00279
v 0.00705 0.03105 -0.00189
v 0.00724 0.03105 -0.00095
v 0.00730 0.03105 -0.00000
v 0.00713 0.03152 0.00000
v 0.00707 0.03152 0.00093
v 0.00688 0.03152 0.00184
v 0.00658 0.03152 0.00273
v 0.00617 0.03152 0.00356
v 0.00565 0.03152 0.00434
v 0.00504 0.03152 0.00504
v 0.00434 0.03152 0.00565
v 0.00356 0.03152 0.00617
v 0.00273 0.03152 0.00658
v 0.00184 0.03152 0.00688
v 0.00093 0.03152 0.00707
v 0.00000 0.03152 0.00713
v -0.00093 0.03152 0.00707
v -0.00184 0.03152 0.00688
v -0.00273 0.03152 0.00658
v -0.00356 0.03152 0.00617
v -0.00434 0.03152 0.00565
v -0.00504 0.03152 0.00504
v -0.00565 0.03152 0.00434
v -0.00617 0.03152 0.00356
v -0.00658 0.03152 0.00273
v -0.00688 0.03152 0.00184
v -0.00707 0.03152 0.00093
v -0.00713 0.03152 0.00000
v -0.00707 0.03152 -0.00093
v -0.00688 0.03152 -0.00184
v -0.00658 0.03152 -0.00273
v -0.00617 0.03152 -0.00356
v -0.00565 0.03152 -0.00434
v -0.00504 0.03152 -0.00504
v -0.00434 0.03152 -0.00565
v -0.00356 0.03152 -0.00617
v -0.00273 0.03152 -0.00658
v -0.00184 0.03152 -0.00688
v -0.00093 0.03152 -0.00707
v -0.00000 0.03152 -0.00713
v 0.00093 0.03152 -0.00707
v 0.00184 0.03152 -0.00688
v 0.00273 0.03152 -0.00658
v 0.00356 0.03152 -0.00617
v 0.00434 0.03152 -0.00565
v 0.00504 0.03152 -0.00504
v 0.00565 0.03152 -0.00434
v 0.00617 0.03152 -0.00356
v 0.00658 0.03152 -0.00273
v 0.00688 0.03152 -0.00184
v 0.00707 0.03152 -0.00093
v 0.00713 0.03152 -0.00000
v 0.00701 0.03198 0.00000
v 0.00695 0.03198 0.00092
v 0.00677 0.03198 0.00181
v 0.00648 0.03198 0.00268
v 0.00607 0.03198 0.00351
v 0.00556 0.03198 0.00427
v 0.00496 0.03198 0.00496
v 0.00427 0.03198 0.00556
v 0.00351 0.03198 0.00607
v 0.00268 0.03198 0.00648
v 0.00181 0.03198 0.00677
v 0.00092 0.03198 0.00695
v 0.00000 0.03198 0.00701
v -0.00092 0.03198 0.00695
v -0.00181 0.03198 0.00677
v -0.00268 0.03198 0.00648
v -0.00351 0.03198 0.00607
v -0.00427 0.03198 0.00556
v -0.00496 0.03198 0.00496
v -0.00556 0.03198 0.00427
v -0.00607 0.03198 0.00351
v -0.00648 0.03198 0.00268
v -0.00677 0.03198 0.00181
v -0.00695 0.03198 0.00092
v -0.00701 0.03198 0.00000
v -0.00695 0.03198 -0.00092
v -0.00677 0.03198 -0.00181
v -0.00648 0.03198 -0.00268
v -0.00607 0.03198 -0.00351
v -0.00556 0.03198 -0.00427
v -0.00496 0.03198 -0.00496
v -0.00427 0.03198 -0.00556
v -0.00351 0.03198 -0.00607
v -0.00268 0.03198 -0.00648
v -0.00181 0.03198 -0.00677
v -0.00092 0.03198 -0.00695
v -0.00000 0.03198 -0.00701
v 0.00092 0.03198 -0.00695
v 0.00181 0.03198 -0.00677
v 0.00268 0.03198 -0.00648
v 0.00351 0.03198 -0.00607
v 0.00427 0.03198 -0.00556
v 0.00496 0.03198 -0.00496
v 0.00556 0.03198 -0.00427
v 0.00607 0.03198 -0.00351
v 0.00648 0.03198 -0.00268
v 0.00677 0.03198 -0.00181
v 0.00695 0.03198 -0.00092
v 0.00701 0.03198 -0.00000
v 0.00695 0.03244 0.00000
v 0.00689 0.03244 0.00091
v 0.00672 0.03244 0.00180
v 0.00642 0.03244 0.00266
v 0.00602 0.03244 0.00348
v 0.00552 0.03244 0.00423
v 0.00492 0.03244 0.00492
v 0.00423 0.03244 0.00552
v 0.00348 0.03244 0.00602
v 0.00266 0.03244 0.00642
v 0.00180 0.03244 0.00672
v 0.00091 0.03244 0.00689
v 0.00000 0.03244 0.00695
v -0.00091 0.03244 0.00689
v -0.00180 0.03244 0.00672
v -0.00266 0.03244 0.00642
v -0.00348 0.03244 0.00602
v -0.00423 0.03244 0.00552
v -0.00492 0.03244 0.00492
v -0.00552 0.03244 0.00423
v -0.00602 0.03244 0.00348
v -0.00642 0.03244 0.00266
v -0.00672 0.03244 0.00180
v -0.00689 0.03244 0.00091
v -0.00695 0.03244 0.00000
v -0.00689 0.03244 -0.00091
v -0.00672 0.03244 -0.00180
v -0.00642 0.03244 -0.00266
v -0.00602 0.03244 -0.00348
v -0.00552 0.03244 -0.00423
v -0.00492 0.03244 -0.00492
v -0.00423 0.03244 -0.00552
v -0.00348 0.03244 -0.00602
v -0.00266 0.03244 -0.00642
v -0.00180 0.03244 -0.00672
v -0.00091 0.03244 -0.00689
v -0.00000 0.03244 -0.00695
v 0.00091 0.03244 -0.00689
v 0.00180 0.03244 -0.00672
v 0.00266 0.03244 -0.00642
v 0.00348 0.03244 -0.00602
v 0.00423 0.03244 -0.00552
v 0.00492 0.03244 -0.00492
v 0.00552 0.03244 -0.00423
v 0.00602 0.03244 -0.00348
v 0.00642 0.03244 -0.00266
v 0.00672 0.03244 -0.00180
v 0.00689 0.03244 -0.00091
v 0.00695 0.03244 -0.00000
v 0.00695 0.03291 0.00000
v 0.00689 0.03291 0.00091
v 0.00672 0.03291 0.00180
v 0.00642 0.03291 0.00266
v 0.00602 0.03291 0.00348
v 0.00552 0.03291 0.00423
v 0.00492 0.03291 0.00492
v 0.00423 0.03291 0.00552
v 0.00348 0.03291 0.00602
v 0.00266 0.03291 0.00642
v 0.00180 0.03291 0.00672
v 0.00091 0.03291 0.00689
v 0.00000 0.03291 0.00695
v -0.00091 0.03291 0.00689
v -0.00180 0.03291 0.00672
v -0.00266 0.03291 0.00642
v -0.00348 0.03291 0.00602
v -0.00423 0.03291 0.00552
v -0.00492 0.03291 0.00492
v -0.00552 0.03291 0.00423
v -0.00602 0.03291 0.00348
v -0.00642 0.03291 0.00266
v -0.00672 0.03291 0.00180
v -0.00689 0.03291 0.00091
v -0.00695 0.03291 0.00000
v -0.00689 0.03291 -0.00091
v -0.00672 0.03291 -0.00180
v -0.00642 0.03291 -0.00266
v -0.00602 0.03291 -0.00348
v -0.00552 0.03291 -0.00423
v -0.00492 0.03291 -0.00492
v -0.00423 0.03291 -0.00552
v -0.00348 0.03291 -0.00602
v -0.00266 0.03291 -0.00642
v -0.00180 0.03291 -0.00672
v -0.00091 0.03291 -0.00689
v -0.00000 0.03291 -0.00695
v 0.00091 0.03291 -0.00689
v 0.00180 0.03291 -0.00672
v 0.00266 0.03291 -0.00642
v 0.00348 0.03291 -0.00602
v 0.00423 0.03291 -0.00552
v 0.00492 0.03291 -0.00492
v 0.00552 0.03291 -0.00423
v 0.00602 0.03291 -0.00348
v 0.00642 0.03291 -0.00266
v 0.00672 0.03291 -0.00180
v 0.00689 0.03291 -0.00091
v 0.00695 0.03291 -0.00000
v 0.00684 0.03337 0.00000
v 0.00678 0.03337 0.00089
v 0.00660 0.03337 0.00177
v 0.00632 0.03337 0.00262
v 0.00592 0.03337 0.00342
v 0.00542 0.03337 0.00416
v 0.00483 0.03337 0.00483
v 0.00416 0.03337 0.00542
v 0.00342 0.03337 0.00592
v 0.00262 0.03337 0.00632
v 0.00177 0.03337 0.00660
v 0.00089 0.03337 0.00678
v 0.00000 0.03337 0.00684
v -0.00089 0.03337 0.00678
v -0.00177 0.03337 0.00660
v -0.00262 0.03337 0.00632
v -0.00342 0.03337 0.00592
v -0.00416 0.03337 0.00542
v -0.00483 0.03337 0.00483
v -0.00542 0.03337 0.00416
v -0.00592 0.03337 0.00342
v -0.00632 0.03337 0.00262
v -0.00660 0.03337 0.00177
v -0.00678 0.03337 0.00089
v -0.00684 0.03337 0.00000
v -0.00678 0.03337 -0.00089
v -0.00660 0.03337 -0.00177
v -0.00632 0.03337 -0.00262
v -0.00592 0.03337 -0.00342
v -0.00542 0.03337 -0.00416
v -0.00483 0.03337 -0.00483
v -0.00416 0.03337 -0.00542
v -0.00342 0.03337 -0.00592
v -0.00262 0.03337 -0.00632
v -0.00177 0.03337 -0.00660
v -0.00089 0.03337 -0.00678
v -0.00000 0.03337 -0.00684
v 0.00089 0.03337 -0.00678
v 0.00177 0.03337 -0.00660
v 0.00262 0.03337 -0.00632
v 0.00342 0.03337 -0.00592
v 0.00416 0.03337 -0.00542
v 0.00483 0.03337 -0.00483
v 0.00542 0.03337 -0.00416
v 0.00592 0.03337 -0.00342
v 0.00632 0.03337 -0.00262
v 0.00660 0.03337 -0.00177
v 0.00678 0.03337 -0.00089
v 0.00684 0.03337 -0.00000
v 0.00684 0.03384 0.00000
v 0.00678 0.03384 0.00089
v 0.00660 0.03384 0.00177
v 0.00632 0.03384 0.00262
v 0.00592 0.03384 0.00342
v 0.00542 0.03384 0.00416
v 0.00483 0.03384 0.00483
v 0.00416 0.03384 0.00542
v 0.00342 0.03384 0.00592
v 0.00262 0.03384 0.00632
v 0.00177 0.03384 0.00660
v 0.00089 0.03384 0.00678
v 0.00000 0.03384 0.00684
v -0.00089 0.03384 0.00678
v -0.00177 0.03384 0.00660
v -0.00262 0.03384 0.00632
v -0.00342 0.03384 0.00592
v -0.00416 0.03384 0.00542
v -0.00483 0.03384 0.00483
v -0.00542 0.03384 0.00416
v -0.00592 0.03384 0.00342
v -0.00632 0.03384 0.00262
v -0.00660 0.03384 0.00177
v -0.00678 0.03384 0.00089
v -0.00684 0.03384 0.00000
v -0.00678 0.03384 -0.00089
v -0.00660 0.03384 -0.00177
v -0.00632 0.03384 -0.00262
v -0.00592 0.03384 -0.00342
v -0.00542 0.03384 -0.00416
v -0.00483 0.03384 -0.00483
v -0.00416 0.03384 -0.00542
v -0.00342 0.03384 -0.00592
v -0.00262 0.03384 -0.00632
v -0.00177 0.03384 -0.00660
v -0.00089 0.03384 -0.00678
v -0.00000 0.03384 -0.00684
v 0.00089 0.03384 -0.00678
v 0.00177 0.03384 -0.00660
v 0.00262 0.03384 -0.00632
v 0.00342 0.03384 -0.00592
v 0.00416 0.03384 -0.00542
v 0.00483 0.03384 -0.00483
v 0.00542 0.03384 -0.00416
v 0.00592 0.03384 -0.00342
v 0.00632 0.03384 -0.00262
v 0.00660 0.03384 -0.00177
v 0.00678 0.03384 -0.00089
v 0.00684 0.03384 -0.00000
v 0.00672 0.03430 0.00000
v 0.00666 0.03430 0.00088
v 0.00649 0.03430 0.00174
v 0.00621 0.03430 0.00257
v 0.00582 0.03430 0.00336
v 0.00533 0.03430 0.00409
v 0.00475 0.03430 0.00475
v 0.00409 0.03430 0.00533
v 0.00336 0.03430 0.00582
v 0.00257 0.03430 0.00621
v 0.00174 0.03430 0.00649
v 0.00088 0.03430 0.00666
v 0.00000 0.03430 0.00672
v -0.00088 0.03430 0.00666
v -0.00174 0.03430 0.00649
v -0.00257 0.03430 0.00621
v -0.00336 0.03430 0.00582
v -0.00409 0.03430 0.00533
v -0.00475 0.03430 0.00475
v -0.00533 0.03430 0.00409
v -0.00582 0.03430 0.00336
v -0.00621 0.03430 0.00257
v -0.00649 0.03430 0.00174
v -0.00666 0.03430 0.00088
v -0.00672 0.03430 0.00000
v -0.00666 0.03430 -0.00088
v -0.00649 0.03430 -0.00174
v -0.00621 0.03430 -0.00257
v -0.00582 0.03430 -0.00336
v -0.00533 0.03430 -0.00409
v -0.00475 0.03430 -0.00475
v -0.00409 0.03430 -0.00533
v -0.00336 0.03430 -0.00582
v -0.00257 0.03430 -0.00621
v -0.00174 0.03430 -0.00649
v -0.00088 0.03430 -0.00666
v -0.00000 0.03430 -0.00672
v 0.00088 0.03430 -0.00666
v 0.00174 0.03430 -0.00649
v 0.00257 0.03430 -0.00621
v 0.00336 0.03430 -0.00582
v 0.00409 0.03430 -0.00533
v 0.00475 0.03430 -0.00475
v 0.00533 0.03430 -0.00409
v 0.00582 0.03430 -0.00336
v 0.00621 0.03430 -0.00257
v 0.00649 0.03430 -0.00174
v 0.00666 0.03430 -0.00088
v 0.00672 0.03430 -0.00000
v 0.00660 0.03476 0.00000
v 0.00655 0.03476 0.00086
v 0.00638 0.03476 0.00171
v 0.00610 0.03476 0.00253
v 0.00572 0.03476 0.00330
v 0.00524 0.03476 0.00402
v 0.00467 0.03476 0.00467
v 0.00402 0.03476 0.00524
v 0.00330 0.03476 0.00572
v 0.00253 0.03476 0.00610
v 0.00171 0.03476 0.00638
v 0.00086 0.03476 0.00655
v 0.00000 0.03476 0.00660
v -0.00086 0.03476 0.00655
v -0.00171 0.03476 0.00638
v -0.00253 0.03476 0.00610
v -0.00330 0.03476 0.00572
v -0.00402 0.03476 0.00524
v -0.00467 0.03476 0.00467
v -0.00524 0.03476 0.00402
v -0.00572 0.03476 0.00330
v -0.00610 0.03476 0.00253
v -0.00638 0.03476 0.00171
v -0.00655 0.03476 0.00086
v -0.00660 0.03476 0.00000
v -0.00655 0.03476 -0.00086
v -0.00638 0.03476 -0.00171
v -0.00610 0.03476 -0.00253
v -0.00572 0.03476 -0.00330
v -0.00524 0.03476 -0.00402
v -0.00467 0.03476 -0.00467
v -0.00402 0.03476 -0.00524
v -0.00330 0.03476 -0.00572
v -0.00253 0.03476 -0.00610
v -0.00171 0.03476 -0.00638
v -0.00086 0.03476 -0.00655
v -0.00000 0.03476 -0.00660
v 0.00086 0.03476 -0.00655
v 0.00171 0.03476 -0.00638
v 0.00253 0.03476 -0.00610
v 0.00330 0.03476 -0.00572
v 0.00402 0.03476 -0.00524
v 0.00467 0.03476 -0.00467
v 0.00524 0.03476 -0.00402
v 0.00572 0.03476 -0.00330
v 0.00610 0.03476 -0.00253
v 0.00638 0.03476 -0.00171
v 0.00655 0.03476 -0.00086
v 0.00660 0.03476 -0.00000
v 0.00655 0.03523 0.00000
v 0.00649 0.03523 0.00085
v 0.00632 0.03523 0.00169
v 0.00605 0.03523 0.00251
v 0.00567 0.03523 0.00327
v 0.00519 0.03523 0.00399
v 0.00463 0.03523 0.00463
v 0.00399 0.03523 0.00519
v 0.00327 0.03523 0.00567
v 0.00251 0.03523 0.00605
v 0.00169 0.03523 0.00632
v 0.00085 0.03523 0.00649
v 0.00000 0.03523 0.00655
v -0.00085 0.03523 0.00649
v -0.00169 0.03523 0.00632
v -0.00251 0.03523 0.00605
v -0.00327 0.03523 0.00567
v -0.00399 0.03523 0.00519
v -0.00463 0.03523 0.00463
v -0.00519 0.03523 0.00399
v -0.00567 0.03523 0.00327
v -0.00605 0.03523 0.00251
v -0.00632 0.03523 0.00169
v -0.00649 0.03523 0.00085
v -0.00655 0.03523 0.00000
v -0.00649 0.03523 -0.00085
v -0.00632 0.03523 -0.00169
v -0.00605 0.03523 -0.00251
v -0.00567 0.03523 -0.00327
v -0.00519 0.03523 -0.00399
v -0.00463 0.03523 -0.00463
v -0.00399 0.03523 -0.00519
v -0.00327 0.03523 -0.00567
v -0.00251 0.03523 -0.00605
v -0.00169 0.03523 -0.00632
v -0.00085 0.03523 -0.00649
v -0.00000 0.03523 -0.00655
v 0.00085 0.03523 -0.00649
v 0.00169 0.03523 -0.00632
v 0.00251 0.03523 -0.00605
v 0.00327 0.03523 -0.00567
v 0.00399 0.03523 -0.00519
v 0.00463 0.03523 -0.00463
v 0.00519 0.03523 -0.00399
v 0.00567 0.03523 -0.00327
v 0.00605 0.03523 -0.00251
v 0.00632 0.03523 -0.00169
v 0.00649 0.03523 -0.00085
v 0.00655 0.03523 -0.00000
v 0.00649 0.03569 0.00000
v 0.00643 0.03569 0.00085
v 0.00627 0.03569 0.00168
v 0.00600 0.03569 0.00248
v 0.00562 0.03569 0.00324
v 0.00515 0.03569 0.00395
v 0.00459 0.03569 0.00459
v 0.00395 0.03569 0.00515
v 0.00324 0.03569 0.00562
v 0.00248 0.03569 0.00600
v 0.00168 0.03569 0.00627
v 0.00085 0.03569 0.00643
v 0.00000 0.03569 0.00649
v -0.00085 0.03569 0.00643
v -0.00168 0.03569 0.00627
v -0.00248 0.03569 0.00600
v -0.00324 0.03569 0.00562
v -0.00395 0.03569 0.00515
v -0.00459 0.03569 0.00459
v -0.00515 0.03569 0.00395
v -0.00562 0.03569 0.00324
v -0.00600 0.03569 0.00248
v -0.00627 0.03569 0.00168
v -0.00643 0.03569 0.00085
v -0.00649 0.03569 0.00000
v -0.00643 0.03569 -0.00085
v -0.00627 0.03569 -0.00168
v -0.00600 0.03569 -0.00248
v -0.00562 0.03569 -0.00324
v -0.00515 0.03569 -0.00395
v -0.00459 0.03569 -0.00459
v -0.00395 0.03569 -0.00515
v -0.00324 0.03569 -0.00562
v -0.00248 0.03569 -0.00600
v -0.00168 0.03569 -0.00627
v -0.00085 0.03569 -0.00643
v -0.00000 0.03569 -0.00649
v 0.00085 0.03569 -0.00643
v 0.00168 0.03569 -0.00627
v 0.00248 0.03569 -0.00600
v 0.00324 0.03569 -0.00562
v 0.00395 0.03569 -0.00515
v 0.00459 0.03569 -0.00459
v 0.00515 0.03569 -0.00395
v 0.00562 0.03569 -0.00324
v 0.00600 0.03569 -0.00248
v 0.00627 0.03569 -0.00168
v 0.00643 0.03569 -0.00085
v 0.00649 0.03569 -0.00000
v 0.00649 0.03615 0.00000
v 0.00643 0.03615 0.00085
v 0.00627 0.03615 0.00168
v 0.00600 0.03615 0.00248
v 0.00562 0.03615 0.00324
v 0.00515 0.03615 0.00395
v 0.00459 0.03615 0.00459
v 0.00395 0.03615 0.00515
v 0.00324 0.03615 0.00562
v 0.00248 0.03615 0.00600
v 0.00168 0.03615 0.00627
v 0.00085 0.03615 0.00643
v 0.00000 0.03615 0.00649
v -0.00085 0.03615 0.00643
v -0.00168 0.03615 0.00627
v -0.00248 0.03615 0.00600
v -0.00324 0.03615 0.00562
v -0.00395 0.03615 0.00515
v -0.00459 0.03615 0.00459
v -0.00515 0.03615 0.00395
v -0.00562 0.03615 0.00324
v -0.00600 0.03615 0.00248
v -0.00627 0.03615 0.00168
v -0.00643 0.03615 0.00085
v -0.00649 0.03615 0.00000
v -0.00643 0.03615 -0.00085
v -0.00627 0.03615 -0.00168
v -0.00600 0.03615 -0.00248
v -0.00562 0.03615 -0.00324
v -0.00515 0.03615 -0.00395
v -0.00459 0.03615 -0.00459
v -0.00395 0.03615 -0.00515
v -0.00324 0.03615 -0.00562
v -0.00248 0.03615 -0.00600
v -0.00168 0.03615 -0.00627
v -0.00085 0.03615 -0.00643
v -0.00000 0.03615 -0.00649
v 0.00085 0.03615 -0.00643
v 0.00168 0.03615 -0.00627
v 0.00248 0.03615 -0.00600
v 0.00324 0.03615 -0.00562
v 0.00395 0.03615 -0.00515
v 0.00459 0.03615 -0.00459
v 0.00515 0.03615 -0.00395
v 0.00562 0.03615 -0.00324
v 0.00600 0.03615 -0.00248
v 0.00627 0.03615 -0.00168
v 0.00643 0.03615 -0.00085
v 0.00649 0.03615 -0.00000
v 0.00637 0.03662 0.00000
v 0.00632 0.03662 0.00083
v 0.00616 0.03662 0.00165
v 0.00589 0.03662 0.00244
v 0.00552 0.03662 0.00319
v 0.00506 0.03662 0.00388
v 0.00451 0.03662 0.00451
v 0.00388 0.03662 0.00506
v 0.00319 0.03662 0.00552
v 0.00244 0.03662 0.00589
v 0.00165 0.03662 0.00616
v 0.00083 0.03662 0.00632
v 0.00000 0.03662 0.00637
v -0.00083 0.03662 0.00632
v -0.00165 0.03662 0.00616
v -0.00244 0.03662 0.00589
v -0.00319 0.03662 0.00552
v -0.00388 0.03662 0.00506
v -0.00451 0.03662 0.00451
v -0.00506 0.03662 0.00388
v -0.00552 0.03662 0.00319
v -0.00589 0.03662 0.00244
v -0.00616 0.03662 0.00165
v -0.00632 0.03662 0.00083
v -0.00637 0.03662 0.00000
v -0.00632 0.03662 -0.00083
v -0.00616 0.03662 -0.00165
v -0.00589 0.03662 -0.00244
v -0.00552 0.03662 -0.00319
v -0.00506 0.03662 -0.00388
v -0.00451 0.03662 -0.00451
v -0.00388 0.03662 -0.00506
v -0.00319 0.03662 -0.00552
v -0.00244 0.03662 -0.00589
v -0.00165 0.03662 -0.00616
v -0.00083 0.03662 -0.00632
v -0.00000 0.03662 -0.00637
v 0.00083 0.03662 -0.00632
v 0.00165 0.03662 -0.00616
v 0.00244 0.03662 -0.00589
v 0.00319 0.03662 -0.00552
v 0.00388 0.03662 -0.00506
v 0.00451 0.03662 -0.00451
v 0.00506 0.03662 -0.00388
v 0.00552 0.03662 -0.00319
v 0.00589 0.03662 -0.00244
v 0.00616 0.03662 -0.00165
v 0.00632 0.03662 -0.00083
v 0.00637 0.03662 -0.00000
v 0.00637 0.03708 0.00000
v 0.00632 0.03708 0.00083
v 0.00616 0.03708 0.00165
v 0.00589 0.03708 0.00244
v 0.00552 0.03708 0.00319
v 0.00506 0.03708 0.00388
v 0.00451 0.03708 0.00451
v 0.00388 0.03708 0.00506
v 0.00319 0.03708 0.00552
v 0.00244 0.03708 0.00589
v 0.00165 0.03708 0.00616
v 0.00083 0.03708 0.00632
v 0.00000 0.03708 0.00637
v -0.00083 0.03708 0.00632
v -0.00165 0.03708 0.00616
v -0.00244 0.03708 0.00589
v -0.00319 0.03708 0.00552
v -0.00388 0.03708 0.00506
v -0.00451 0.03708 0.00451
v -0.00506 0.03708 0.00388
v -0.00552 0.03708 0.00319
v -0.00589 0.03708 0.00244
v -0.00616 0.03708 0.00165
v -0.00632 0.03708 0.00083
v -0.00637 0.03708 0.00000
v -0.00632 0.03708 -0.00083
v -0.00616 0.03708 -0.00165
v -0.00589 0.03708 -0.00244
v -0.00552 0.03708 -0.00319
v -0.00506 0.03708 -0.00388
v -0.00451 0.03708 -0.00451
v -0.00388 0.03708 -0.00506
v -0.00319 0.03708 -0.00552
v -0.00244 0.03708 -0.00589
v -0.00165 0.03708 -0.00616
v -0.00083 0.03708 -0.00632
v -0.00000 0.03708 -0.00637
v 0.00083 0.03708 -0.00632
v 0.00165 0.03708 -0.00616
v 0.00244 0.03708 -0.00589
v 0.00319 0.03708 -0.00552
v 0.00388 0.03708 -0.00506
v 0.00451 0.03708 -0.00451
v 0.00506 0.03708 -0.00388
v 0.00552 0.03708 -0.00319
v 0.00589 0.03708 -0.00244
v 0.00616 0.03708 -0.00165
v 0.00632 0.03708 -0.00083
v 0.00637 0.03708 -0.00000
v 0.00637 0.03754 0.00000
v 0.00632 0.03754 0.00083
v 0.00616 0.03754 0.00165
v 0.00589 0.03754 0.00244
v 0.00552 0.03754 0.00319
v 0.00506 0.03754 0.00388
v 0.00451 0.03754 0.00451
v 0.00388 0.03754 0.00506
v 0.00319 0.03754 0.00552
v 0.00244 0.03754 0.00589
v 0.00165 0.03754 0.00616
v 0.00083 0.03754 0.00632
v 0.00000 0.03754 0.00637
v -0.00083 0.03754 0.00632
v -0.00165 0.03754 0.00616
v -0.00244 0.03754 0.00589
v -0.00319 0.03754 0.00552
v -0.00388 0.03754 0.00506
v -0.00451 0.03754 0.00451
v -0.00506 0.03754 0.00388
v -0.00552 0.03754 0.00319
v -0.00589 0.03754 0.00244
v -0.00616 0.03754 0.00165
v -0.00632 0.03754 0.00083
v -0.00637 0.03754 0.00000
v -0.00632 0.03754 -0.00083
v -0.00616 0.03754 -0.00165
v -0.00589 0.03754 -0.00244
v -0.00552 0.03754 -0.00319
v -0.00506 0.03754 -0.00388
v -0.00451 0.03754 -0.00451
v -0.00388 0.03754 -0.00506
v -0.00319 0.03754 -0.00552
v -0.00244 0.03754 -0.00589
v -0.00165 0.03754 -0.00616
v -0.00083 0.03754 -0.00632
v -0.00000 0.03754 -0.00637
v 0.00083 0.03754 -0.00632
v 0.00165 0.03754 -0.00616
v 0.00244 0.03754 -0.00589
v 0.00319 0.03754 -0.00552
v 0.00388 0.03754 -0.00506
v 0.00451 0.03754 -0.00451
v 0.00506 0.03754 -0.00388
v 0.00552 0.03754 -0.00319
v 0.00589 0.03754 -0.00244
v 0.00616 0.03754 -0.00165
v 0.00632 0.03754 -0.00083
v 0.00637 0.03754 -0.00000
v 0.00626 0.03801 0.00000
v 0.00620 0.03801 0.00082
v 0.00604 0.03801 0.00162
v 0.00578 0.03801 0.00239
v 0.00542 0.03801 0.00313
v 0.00496 0.03801 0.00381
v 0.00442 0.03801 0.00442
v 0.00381 0.03801 0.00496
v 0.00313 0.03801 0.00542
v 0.00239 0.03801 0.00578
v 0.00162 0.03801 0.00604
v 0.00082 0.03801 0.00620
v 0.00000 0.03801 0.00626
v -0.00082 0.03801 0.00620
v -0.00162 0.03801 0.00604
v -0.00239 0.03801 0.00578
v -0.00313 0.03801 0.00542
v -0.00381 0.03801 0.00496
v -0.00442 0.03801 0.00442
v -0.00496 0.03801 0.00381
v -0.00542 0.03801 0.00313
v -0.00578 0.03801 0.00239
v -0.00604 0.03801 0.00162
v -0.00620 0.03801 0.00082
v -0.00626 0.03801 0.00000
v -0.00620 0.03801 -0.00082
v -0.00604 0.03801 -0.00162
v -0.00578 0.03801 -0.00239
v -0.00542 0.03801 -0.00313
v -0.00496 0.03801 -0.00381
v -0.00442 0.03801 -0.00442
v -0.00381 0.03801 -0.00496
v -0.00313 0.03801 -0.00542
v -0.00239 0.03801 -0.00578
v -0.00162 0.03801 -0.00604
v -0.00082 0.03801 -0.00620
v -0.00000 0.03801 -0.00626
v 0.00082 0.03801 -0.00620
v 0.00162 0.03801 -0.00604
v 0.00239 0.03801 -0.00578
v 0.00313 0.03801 -0.00542
v 0.00381 0.03801 -0.00496
v 0.00442 0.03801 -0.00442
v 0.00496 0.03801 -0.00381
v 0.00542 0.03801 -0.00313
v 0.00578 0.03801 -0.00239
v 0.00604 0.03801 -0.00162
v 0.00620 0.03801 -0.00082
v 0.00626 0.03801 -0.00000
v 0.00845 0.03824 0.00000
v 0.00838 0.03824 0.00110
v 0.00816 0.03824 0.00219
v 0.00780 0.03824 0.00323
v 0.00732 0.03824 0.00422
v 0.00670 0.03824 0.00514
v 0.00597 0.03824 0.00597
v 0.00514 0.03824 0.00670
v 0.00422 0.03824 0.00732
v 0.00323 0.03824 0.00780
v 0.00219 0.03824 0.00816
v 0.00110 0.03824 0.00838
v 0.00000 0.03824 0.00845
v -0.00110 0.03824 0.00838
v -0.00219 0.03824 0.00816
v -0.00323 0.03824 0.00780
v -0.00422 0.03824 0.00732
v -0.00514 0.03824 0.00670
v -0.00597 0.03824 0.00597
v -0.00670 0.03824 0.00514
v -0.00732 0.03824 0.00422
v -0.00780 0.03824 0.00323
v -0.00816 0.03824 0.00219
v -0.00838 0.03824 0.00110
v -0.00845 0.03824 0.00000
v -0.00838 0.03824 -0.00110
v -0.00816 0.03824 -0.00219
v -0.00780 0.03824 -0.00323
v -0.00732 0.03824 -0.00422
v -0.00670 0.03824 -0.00514
v -0.00597 0.03824 -0.00597
v -0.00514 0.03824 -0.00670
v -0.00422 0.03824 -0.00732
v -0.00323 0.03824 -0.00780
v -0.00219 0.03824 -0.00816
v -0.00110 0.03824 -0.00838
v -0.00000 0.03824 -0.00845
v 0.00110 0.03824 -0.00838
v 0.00219 0.03824 -0.00816
v 0.00323 0.03824 -0.00780
v 0.00422 0.03824 -0.00732
v 0.00514 0.03824 -0.00670
v 0.00597 0.03824 -0.00597
v 0.00670 0.03824 -0.00514
v 0.00732 0.03824 -0.00422
v 0.00780 0.03824 -0.00323
v 0.00816 0.03824 -0.00219
v 0.00838 0.03824 -0.00110
v 0.00845 0.03824 -0.00000
v 0.00907 0.03917 0.00000
v 0.00900 0.03917 0.00118
v 0.00876 0.03917 0.00235
v 0.00838 0.03917 0.00347
v 0.00786 0.03917 0.00454
v 0.00720 0.03917 0.00552
v 0.00642 0.03917 0.00642
v 0.00552 0.03917 0.00720
v 0.00454 0.03917 0.00786
v 0.00347 0.03917 0.00838
v 0.00235 0.03917 0.00876
v 0.00118 0.03917 0.00900
v 0.00000 0.03917 0.00907
v -0.00118 0.03917 0.00900
v -0.00235 0.03917 0.00876
v -0.00347 0.03917 0.00838
v -0.00454 0.03917 0.00786
v -0.00552 0.03917 0.00720
v -0.00642 0.03917 0.00642
v -0.00720 0.03917 0.00552
v -0.00786 0.03917 0.00454
v -0.00838 0.03917 0.00347
v -0.00876 0.03917 0.00235
v -0.00900 0.03917 0.00118
v -0.00907 0.03917 0.00000
v -0.00900 0.03917 -0.00118
v -0.00876 0.03917 -0.00235
v -0.00838 0.03917 -0.00347
v -0.00786 0.03917 -0.00454
v -0.00720 0.03917 -0.00552
v -0.00642 0.03917 -0.00642
v -0.00552 0.03917 -0.00720
v -0.00454 0.03917 -0.00786
v -0.00347 0.03917 -0.00838
v -0.00235 0.03917 -0.00876
v -0.00118 0.03917 -0.00900
v -0.00000 0.03917 -0.00907
v 0.00118 0.03917 -0.00900
v 0.00235 0.03917 -0.00876
v 0.00347 0.03917 -0.00838
v 0.00454 0.03917 -0.00786
v 0.00552 0.03917 -0.00720
v 0.00642 0.03917 -0.00642
v 0.00720 0.03917 -0.00552
v 0.00786 0.03917 -0.00454
v 0.00838 0.03917 -0.00347
v 0.00876 0.03917 -0.00235
v 0.00900 0.03917 -0.00118
v 0.00907 0.03917 -0.00000
v 0.00845 0.04032 0.00000
v 0.00838 0.04032 0.00110
v 0.00816 0.04032 0.00219
v 0.00780 0.04032 0.00323
v 0.00732 0.04032 0.00422
v 0.00670 0.04032 0.00514
v 0.00597 0.04032 0.00597
v 0.00514 0.04032 0.00670
v 0.00422 0.04032 0.00732
v 0.00323 0.04032 0.00780
v 0.00219 0.04032 0.00816
v 0.00110 0.04032 0.00838
v 0.00000 0.04032 0.00845
v -0.00110 0.04032 0.00838
v -0.00219 0.04032 0.00816
v -0.00323 0.04032 0.00780
v -0.00422 0.04032 0.00732
v -0.00514 0.04032 0.00670
v -0.00597 0.04032 0.00597
v -0.00670 0.04032 0.00514
v -0.00732 0.04032 0.00422
v -0.00780 0.04032 0.00323
v -0.00816 0.04032 0.00219
v -0.00838 0.04032 0.00110
v -0.00845 0.04032 0.00000
v -0.00838 0.04032 -0.00110
v -0.00816 0.04032 -0.00219
v -0.00780 0.04032 -0.00323
v -0.00732 0.04032 -0.00422
v -0.00670 0.04032 -0.00514
v -0.00597 0.04032 -0.00597
v -0.00514 0.04032 -0.00670
v -0.00422 0.04032 -0.00732
v -0.00323 0.04032 -0.00780
v -0.00219 0.04032 -0.00816
v -0.00110 0.04032 -0.00838
v -0.00000 0.04032 -0.00845
v 0.00110 0.04032 -0.00838
v 0.00219 0.04032 -0.00816
v 0.00323 0.04032 -0.00780
v 0.00422 0.04032 -0.00732
v 0.00514 0.04032 -0.00670
v 0.00597 0.04032 -0.00597
v 0.00670 0.04032 -0.00514
v 0.00732 0.04032 -0.00422
v 0.00780 0.04032 -0.00323
v 0.00816 0.04032 -0.00219
v 0.00838 0.04032 -0.00110
v 0.00845 0.04032 -0.00000
v 0.00389 0.04039 0.00000
v 0.00386 0.04039 0.00051
v 0.00376 0.04039 0.00101
v 0.00359 0.04039 0.00149
v 0.00337 0.04039 0.00194
v 0.00309 0.04039 0.00237
v 0.00275 0.04039 0.00275
v 0.00237 0.04039 0.00309
v 0.00194 0.04039 0.00337
v 0.00149 0.04039 0.00359
v 0.00101 0.04039 0.00376
v 0.00051 0.04039 0.00386
v 0.00000 0.04039 0.00389
v -0.00051 0.04039 0.00386
v -0.00101 0.04039 0.00376
v -0.00149 0.04039 0.00359
v -0.00194 0.04039 0.00337
v -0.00237 0.04039 0.00309
v -0.00275 0.04039 0.00275
v -0.00309 0.04039 0.00237
v -0.00337 0.04039 0.00194
v -0.00359 0.04039 0.00149
v -0.00376 0.04039 0.00101
v -0.00386 0.04039 0.00051
v -0.00389 0.04039 0.00000
v -0.00386 0.04039 -0.00051
v -0.00376 0.04039 -0.00101
v -0.00359 0.04039 -0.00149
v -0.00337 0.04039 -0.00194
v -0.00309 0.04039 -0.00237
v -0.00275 0.04039 -0.00275
v -0.00237 0.04039 -0.00309
v -0.00194 0.04039 -0.00337
v -0.00149 0.04039 -0.00359
v -0.00101 0.04039 -0.00376
v -0.00051 0.04039 -0.00386
v -0.00000 0.04039 -0.00389
v 0.00051 0.04039 -0.00386
v 0.00101 0.04039 -0.00376
v 0.00149 0.04039 -0.00359
v 0.00194 0.04039 -0.00337
v 0.00237 0.04039 -0.00309
v 0.00275 0.04039 -0.00275
v 0.00309 0.04039 -0.00237
v 0.00337 0.04039 -0.00194
v 0.00359 0.04039 -0.00149
v 0.00376 0.04039 -0.00101
v 0.00386 0.04039 -0.00051
v 0.00389 0.04039 -0.00000
v 0.00563 0.04079 0.00000
v 0.00558 0.04079 0.00074
v 0.00544 0.04079 0.00146
v 0.00520 0.04079 0.00216
v 0.00488 0.04079 0.00282
v 0.00447 0.04079 0.00343
v 0.00398 0.04079 0.00398
v 0.00343 0.04079 0.00447
v 0.00282 0.04079 0.00488
v 0.00216 0.04079 0.00520
v 0.00146 0.04079 0.00544
v 0.00074 0.04079 0.00558
v 0.00000 0.04079 0.00563
v -0.00074 0.04079 0.00558
v -0.00146 0.04079 0.00544
v -0.00216 0.04079 0.00520
v -0.00282 0.04079 0.00488
v -0.00343 0.04079 0.00447
v -0.00398 0.04079 0.00398
v -0.00447 0.04079 0.00343
v -0.00488 0.04079 0.00282
v -0.00520 0.04079 0.00216
v -0.00544 0.04079 0.00146
v -0.00558 0.04079 0.00074
v -0.00563 0.04079 0.00000
v -0.00558 0.04079 -0.00074
v -0.00544 0.04079 -0.00146
v -0.00520 0.04079 -0.00216
v -0.00488 0.04079 -0.00282
v -0.00447 0.04079 -0.00343
v -0.00398 0.04079 -0.00398
v -0.00343 0.04079 -0.00447
v -0.00282 0.04079 -0.00488
v -0.00216 0.04079 -0.00520
v -0.00146 0.04079 -0.00544
v -0.00074 0.04079 -0.00558
v -0.00000 0.04079 -0.00563
v 0.00074 0.04079 -0.00558
v 0.00146 0.04079 -0.00544
v 0.00216 0.04079 -0.00520
v 0.00282 0.04079 -0.00488
v 0.00343 0.04079 -0.00447
v 0.00398 0.04079 -0.00398
v 0.00447 0.04079 -0.00343
v 0.00488 0.04079 -0.00282
v 0.00520 0.04079 -0.00216
v 0.00544 0.04079 -0.00146
v 0.00558 0.04079 -0.00074
v 0.00563 0.04079 -0.00000
v 0.00468 0.04088 0.00000
v 0.00464 0.04088 0.00061
v 0.00452 0.04088 0.00121
v 0.00432 0.04088 0.00179
v 0.00405 0.04088 0.00234
v 0.00371 0.04088 0.00285
v 0.00331 0.04088 0.00331
v 0.00285 0.04088 0.00371
v 0.00234 0.04088 0.00405
v 0.00179 0.04088 0.00432
v 0.00121 0.04088 0.00452
v 0.00061 0.04088 0.00464
v 0.00000 0.04088 0.00468
v -0.00061 0.04088 0.00464
v -0.00121 0.04088 0.00452
v -0.00179 0.04088 0.00432
v -0.00234 0.04088 0.00405
v -0.00285 0.04088 0.00371
v -0.00331 0.04088 0.00331
v -0.00371 0.04088 0.00285
v -0.00405 0.04088 0.00234
v -0.00432 0.04088 0.00179
v -0.00452 0.04088 0.00121
v -0.00464 0.04088 0.00061
v -0.00468 0.04088 0.00000
v -0.00464 0.04088 -0.00061
v -0.00452 0.04088 -0.00121
v -0.00432 0.04088 -0.00179
v -0.00405 0.04088 -0.00234
v -0.00371 0.04088 -0.00285
v -0.00331 0.04088 -0.00331
v -0.00285 0.04088 -0.00371
v -0.00234 0.04088 -0.00405
v -0.00179 0.04088 -0.00432
v -0.00121 0.04088 -0.00452
v -0.00061 0.04088 -0.00464
v -0.00000 0.04088 -0.00468
v 0.00061 0.04088 -0.00464
v 0.00121 0.04088 -0.00452
v 0.00179 0.04088 -0.00432
v 0.00234 0.04088 -0.00405
v 0.00285 0.04088 -0.00371
v 0.00331 0.04088 -0.00331
v 0.00371 0.04088 -0.00285
v 0.00405 0.04088 -0.00234
v 0.00432 0.04088 -0.00179
v 0.00452 0.04088 -0.00121
v 0.00464 0.04088 -0.00061
v 0.00468 0.04088 -0.00000
v 0.00541 0.04146 0.00000
v 0.00536 0.04146 0.00071
v 0.00522 0.04146 0.00140
v 0.00500 0.04146 0.00207
v 0.00468 0.04146 0.00270
v 0.00429 0.04146 0.00329
v 0.00382 0.04146 0.00382
v 0.00329 0.04146 0.00429
v 0.00270 0.04146 0.00468
v 0.00207 0.04146 0.00500
v 0.00140 0.04146 0.00522
v 0.00071 0.04146 0.00536
v 0.00000 0.04146 0.00541
v -0.00071 0.04146 0.00536
v -0.00140 0.04146 0.00522
v -0.00207 0.04146 0.00500
v -0.00270 0.04146 0.00468
v -0.00329 0.04146 0.00429
v -0.00382 0.04146 0.00382
v -0.00429 0.04146 0.00329
v -0.00468 0.04146 0.00270
v -0.00500 0.04146 0.00207
v -0.00522 0.04146 0.00140
v -0.00536 0.04146 0.00071
v -0.00541 0.04146 0.00000
v -0.00536 0.04146 -0.00071
v -0.00522 0.04146 -0.00140
v -0.00500 0.04146 -0.00207
v -0.00468 0.04146 -0.00270
v -0.00429 0.04146 -0.00329
v -0.00382 0.04146 -0.00382
v -0.00329 0.04146 -0.00429
v -0.00270 0.04146 -0.00468
v -0.00207 0.04146 -0.00500
v -0.00140 0.04146 -0.00522
v -0.00071 0.04146 -0.00536
v -0.00000 0.04146 -0.00541
v 0.00071 0.04146 -0.00536
v 0.00140 0.04146 -0.00522
v 0.00207 0.04146 -0.00500
v 0.00270 0.04146 -0.00468
v 0.00329 0.04146 -0.00429
v 0.00382 0.04146 -0.00382
v 0.00429 0.04146 -0.00329
v 0.00468 0.04146 -0.00270
v 0.00500 0.04146 -0.00207
v 0.00522 0.04146 -0.00140
v 0.00536 0.04146 -0.00071
v 0.00541 0.04146 -0.00000
v 0.00606 0.04212 0.00000
v 0.00601 0.04212 0.00079
v 0.00586 0.04212 0.00157
v 0.00560 0.04212 0.00232
v 0.00525 0.04212 0.00303
v 0.00481 0.04212 0.00369
v 0.00429 0.04212 0.00429
v 0.00369 0.04212 0.00481
v 0.00303 0.04212 0.00525
v 0.00232 0.04212 0.00560
v 0.00157 0.04212 0.00586
v 0.00079 0.04212 0.00601
v 0.00000 0.04212 0.00606
v -0.00079 0.04212 0.00601
v -0.00157 0.04212 0.00586
v -0.00232 0.04212 0.00560
v -0.00303 0.04212 0.00525
v -0.00369 0.04212 0.00481
v -0.00429 0.04212 0.00429
v -0.00481 0.04212 0.00369
v -0.00525 0.04212 0.00303
v -0.00560 0.04212 0.00232
v -0.00586 0.04212 0.00157
v -0.00601 0.04212 0.00079
v -0.00606 0.04212 0.00000
v -0.00601 0.04212 -0.00079
v -0.00586 0.04212 -0.00157
v -0.00560 0.04212 -0.00232
v -0.00525 0.04212 -0.00303
v -0.00481 0.04212 -0.00369
v -0.00429 0.04212 -0.00429
v -0.00369 0.04212 -0.00481
v -0.00303 0.04212 -0.00525
v -0.00232 0.04212 -0.00560
v -0.00157 0.04212 -0.00586
v -0.00079 0.04212 -0.00601
v -0.00000 0.04212 -0.00606
v 0.00079 0.04212 -0.00601
v 0.00157 0.04212 -0.00586
v 0.00232 0.04212 -0.00560
v 0.00303 0.04212 -0.00525
v 0.00369 0.04212 -0.00481
v 0.00429 0.04212 -0.00429
v 0.00481 0.04212 -0.00369
v 0.00525 0.04212 -0.00303
v 0.00560 0.04212 -0.00232
v 0.00586 0.04212 -0.00157
v 0.00601 0.04212 -0.00079
v 0.00606 0.04212 -0.00000
v 0.00664 0.04285 0.00000
v 0.00659 0.04285 0.00087
v 0.00642 0.04285 0.00172
v 0.00614 0.04285 0.00254
v 0.00575 0.04285 0.00332
v 0.00527 0.04285 0.00404
v 0.00470 0.04285 0.00470
v 0.00404 0.04285 0.00527
v 0.00332 0.04285 0.00575
v 0.00254 0.04285 0.00614
v 0.00172 0.04285 0.00642
v 0.00087 0.04285 0.00659
v 0.00000 0.04285 0.00664
v -0.00087 0.04285 0.00659
v -0.00172 0.04285 0.00642
v -0.00254 0.04285 0.00614
v -0.00332 0.04285 0.00575
v -0.00404 0.04285 0.00527
v -0.00470 0.04285 0.00470
v -0.00527 0.04285 0.00404
v -0.00575 0.04285 0.00332
v -0.00614 0.04285 0.00254
v -0.00642 0.04285 0.00172
v -0.00659 0.04285 0.00087
v -0.00664 0.04285 0.00000
v -0.00659 0.04285 -0.00087
v -0.00642 0.04285 -0.00172
v -0.00614 0.04285 -0.00254
v -0.00575 0.04285 -0.00332
v -0.00527 0.04285 -0.00404
v -0.00470 0.04285 -0.00470
v -0.00404 0.04285 -0.00527
v -0.00332 0.04285 -0.00575
v -0.00254 0.04285 -0.00614
v -0.00172 0.04285 -0.00642
v -0.00087 0.04285 -0.00659
v -0.00000 0.04285 -0.00664
v 0.00087 0.04285 -0.00659
v 0.00172 0.04285 -0.00642
v 0.00254 0.04285 -0.00614
v 0.00332 0.04285 -0.00575
v 0.00404 0.04285 -0.00527
v 0.00470 0.04285 -0.00470
v 0.00527 0.04285 -0.00404
v 0.00575 0.04285 -0.00332
v 0.00614 0.04285 -0.00254
v 0.00642 0.04285 -0.00172
v 0.00659 0.04285 -0.00087
v 0.00664 0.04285 -0.00000
v 0.00713 0.04364 0.00000
v 0.00707 0.04364 0.00093
v 0.00689 0.04364 0.00185
v 0.00659 0.04364 0.00273
v 0.00618 0.04364 0.00357
v 0.00566 0.04364 0.00434
v 0.00504 0.04364 0.00504
v 0.00434 0.04364 0.00566
v 0.00357 0.04364 0.00618
v 0.00273 0.04364 0.00659
v 0.00185 0.04364 0.00689
v 0.00093 0.04364 0.00707
v 0.00000 0.04364 0.00713
v -0.00093 0.04364 0.00707
v -0.00185 0.04364 0.00689
v -0.00273 0.04364 0.00659
v -0.00357 0.04364 0.00618
v -0.00434 0.04364 0.00566
v -0.00504 0.04364 0.00504
v -0.00566 0.04364 0.00434
v -0.00618 0.04364 0.00357
v -0.00659 0.04364 0.00273
v -0.00689 0.04364 0.00185
v -0.00707 0.04364 0.00093
v -0.00713 0.04364 0.00000
v -0.00707 0.04364 -0.00093
v -0.00689 0.04364 -0.00185
v -0.00659 0.04364 -0.00273
v -0.00618 0.04364 -0.00357
v -0.00566 0.04364 -0.00434
v -0.00504 0.04364 -0.00504
v -0.00434 0.04364 -0.00566
v -0.00357 0.04364 -0.00618
v -0.00273 0.04364 -0.00659
v -0.00185 0.04364 -0.00689
v -0.00093 0.04364 -0.00707
v -0.00000 0.04364 -0.00713
v 0.00093 0.04364 -0.00707
v 0.00185 0.04364 -0.00689
v 0.00273 0.04364 -0.00659
v 0.00357 0.04364 -0.00618
v 0.00434 0.04364 -0.00566
v 0.00504 0.04364 -0.00504
v 0.00566 0.04364 -0.00434
v 0.00618 0.04364 -0.00357
v 0.00659 0.04364 -0.00273
v 0.00689 0.04364 -0.00185
v 0.00707 0.04364 -0.00093
v 0.00713 0.04364 -0.00000
v 0.00753 0.04449 0.00000
v 0.00746 0.04449 0.00098
v 0.00727 0.04449 0.00195
v 0.00695 0.04449 0.00288
v 0.00652 0.04449 0.00376
v 0.00597 0.04449 0.00458
v 0.00532 0.04449 0.00532
v 0.00458 0.04449 0.00597
v 0.00376 0.04449 0.00652
v 0.00288 0.04449 0.00695
v 0.00195 0.04449 0.00727
v 0.00098 0.04449 0.00746
v 0.00000 0.04449 0.00753
v -0.00098 0.04449 0.00746
v -0.00195 0.04449 0.00727
v -0.00288 0.04449 0.00695
v -0.00376 0.04449 0.00652
v -0.00458 0.04449 0.00597
v -0.00532 0.04449 0.00532
v -0.00597 0.04449 0.00458
v -0.00652 0.04449 0.00376
v -0.00695 0.04449 0.00288
v -0.00727 0.04449 0.00195
v -0.00746 0.04449 0.00098
v -0.00753 0.04449 0.00000
v -0.00746 0.04449 -0.00098
v -0.00727 0.04449 -0.00195
v -0.00695 0.04449 -0.00288
v -0.00652 0.04449 -0.00376
v -0.00597 0.04449 -0.00458
v -0.00532 0.04449 -0.00532
v -0.00458 0.04449 -0.00597
v -0.00376 0.04449 -0.00652
v -0.00288 0.04449 -0.00695
v -0.00195 0.04449 -0.00727
v -0.00098 0.04449 -0.00746
v -0.00000 0.04449 -0.00753
v 0.00098 0.04449 -0.00746
v 0.00195 0.04449 -0.00727
v 0.00288 0.04449 -0.00695
v 0.00376 0.04449 -0.00652
v 0.00458 0.04449 -0.00597
v 0.00532 0.04449 -0.00532
v 0.00597 0.04449 -0.00458
v 0.00652 0.04449 -0.00376
v 0.00695 0.04449 -0.00288
v 0.00727 0.04449 -0.00195
v 0.00746 0.04449 -0.00098
v 0.00753 0.04449 -0.00000
v 0.00782 0.04537 0.00000
v 0.00776 0.04537 0.00102
v 0.00756 0.04537 0.00203
v 0.00723 0.04537 0.00299
v 0.00678 0.04537 0.00391
v 0.00621 0.04537 0.00476
v 0.00553 0.04537 0.00553
v 0.00476 0.04537 0.00621
v 0.00391 0.04537 0.00678
v 0.00299 0.04537 0.00723
v 0.00203 0.04537 0.00756
v 0.00102 0.04537 0.00776
v 0.00000 0.04537 0.00782
v -0.00102 0.04537 0.00776
v -0.00203 0.04537 0.00756
v -0.00299 0.04537 0.00723
v -0.00391 0.04537 0.00678
v -0.00476 0.04537 0.00621
v -0.00553 0.04537 0.00553
v -0.00621 0.04537 0.00476
v -0.00678 0.04537 0.00391
v -0.00723 0.04537 0.00299
v -0.00756 0.04537 0.00203
v -0.00776 0.04537 0.00102
v -0.00782 0.04537 0.00000
v -0.00776 0.04537 -0.00102
v -0.00756 0.04537 -0.00203
v -0.00723 0.04537 -0.00299
v -0.00678 0.04537 -0.00391
v -0.00621 0.04537 -0.00476
v -0.00553 0.04537 -0.00553
v -0.00476 0.04537 -0.00621
v -0.00391 0.04537 -0.00678
v -0.00299 0.04537 -0.00723
v -0.00203 0.04537 -0.00756
v -0.00102 0.04537 -0.00776
v -0.00000 0.04537 -0.00782
v 0.00102 0.04537 -0.00776
v 0.00203 0.04537 -0.00756
v 0.00299 0.04537 -0.00723
v 0.00391 0.04537 -0.00678
v 0.00476 0.04537 -0.00621
v 0.00553 0.04537 -0.00553
v 0.00621 0.04537 -0.00476
v 0.00678 0.04537 -0.00391
v 0.00723 0.04537 -0.00299
v 0.00756 0.04537 -0.00203
v 0.00776 0.04537 -0.00102
v 0.00782 0.04537 -0.00000
v 0.00802 0.04628 0.00000
v 0.00795 0.04628 0.00105
v 0.00774 0.04628 0.00208
v 0.00741 0.04628 0.00307
v 0.00694 0.04628 0.00401
v 0.00636 0.04628 0.00488
v 0.00567 0.04628 0.00567
v 0.00488 0.04628 0.00636
v 0.00401 0.04628 0.00694
v 0.00307 0.04628 0.00741
v 0.00208 0.04628 0.00774
v 0.00105 0.04628 0.00795
v 0.00000 0.04628 0.00802
v -0.00105 0.04628 0.00795
v -0.00208 0.04628 0.00774
v -0.00307 0.04628 0.00741
v -0.00401 0.04628 0.00694
v -0.00488 0.04628 0.00636
v -0.00567 0.04628 0.00567
v -0.00636 0.04628 0.00488
v -0.00694 0.04628 0.00401
v -0.00741 0.04628 0.00307
v -0.00774 0.04628 0.00208
v -0.00795 0.04628 0.00105
v -0.00802 0.04628 0.00000
v -0.00795 0.04628 -0.00105
v -0.00774 0.04628 -0.00208
v -0.00741 0.04628 -0.00307
v -0.00694 0.04628 -0.00401
v -0.00636 0.04628 -0.00488
v -0.00567 0.04628 -0.00567
v -0.00488 0.04628 -0.00636
v -0.00401 0.04628 -0.00694
v -0.00307 0.04628 -0.00741
v -0.00208 0.04628 -0.00774
v -0.00105 0.04628 -0.00795
v -0.00000 0.04628 -0.00802
v 0.00105 0.04628 -0.00795
v 0.00208 0.04628 -0.00774
v 0.00307 0.04628 -0.00741
v 0.00401 0.04628 -0.00694
v 0.00488 0.04628 -0.00636
v 0.00567 0.04628 -0.00567
v 0.00636 0.04628 -0.00488
v 0.00694 0.04628 -0.00401
v 0.00741 0.04628 -0.00307
v 0.00774 0.04628 -0.00208
v 0.00795 0.04628 -0.00105
v 0.00802 0.04628 -0.00000
v 0.00811 0.04721 0.00000
v 0.00804 0.04721 0.00106
v 0.00783 0.04721 0.00210
v 0.00749 0.04721 0.00310
v 0.00702 0.04721 0.00405
v 0.00643 0.04721 0.00493
v 0.00573 0.04721 0.00573
v 0.00493 0.04721 0.00643
v 0.00405 0.04721 0.00702
v 0.00310 0.04721 0.00749
v 0.00210 0.04721 0.00783
v 0.00106 0.04721 0.00804
v 0.00000 0.04721 0.00811
v -0.00106 0.04721 0.00804
v -0.00210 0.04721 0.00783
v -0.00310 0.04721 0.00749
v -0.00405 0.04721 0.00702
v -0.00493 0.04721 0.00643
v -0.00573 0.04721 0.00573
v -0.00643 0.04721 0.00493
v -0.00702 0.04721 0.00405
v -0.00749 0.04721 0.00310
v -0.00783 0.04721 0.00210
v -0.00804 0.04721 0.00106
v -0.00811 0.04721 0.00000
v -0.00804 0.04721 -0.00106
v -0.00783 0.04721 -0.00210
v -0.00749 0.04721 -0.00310
v -0.00702 0.04721 -0.00405
v -0.00643 0.04721 -0.00493
v -0.00573 0.04721 -0.00573
v -0.00493 0.04721 -0.00643
v -0.00405 0.04721 -0.00702
v -0.00310 0.04721 -0.00749
v -0.00210 0.04721 -0.00783
v -0.00106 0.04721 -0.00804
v -0.00000 0.04721 -0.00811
v 0.00106 0.04721 -0.00804
v 0.00210 0.04721 -0.00783
v 0.00310 0.04721 -0.00749
v 0.00405 0.04721 -0.00702
v 0.00493 0.04721 -0.00643
v 0.00573 0.04721 -0.00573
v 0.00643 0.04721 -0.00493
v 0.00702 0.04721 -0.00405
v 0.00749 0.04721 -0.00310
v 0.00783 0.04721 -0.00210
v 0.00804 0.04721 -0.00106
v 0.00811 0.04721 -0.00000
v 0.00809 0.04814 0.00000
v 0.00802 0.04814 0.00106
v 0.00781 0.04814 0.00209
v 0.00747 0.04814 0.00309
v 0.00700 0.04814 0.00404
v 0.00642 0.04814 0.00492
v 0.00572 0.04814 0.00572
v 0.00492 0.04814 0.00642
v 0.00404 0.04814 0.00700
v 0.00309 0.04814 0.00747
v 0.00209 0.04814 0.00781
v 0.00106 0.04814 0.00802
v 0.00000 0.04814 0.00809
v -0.00106 0.04814 0.00802
v -0.00209 0.04814 0.00781
v -0.00309 0.04814 0.00747
v -0.00404 0.04814 0.00700
v -0.00492 0.04814 0.00642
v -0.00572 0.04814 0.00572
v -0.00642 0.04814 0.00492
v -0.00700 0.04814 0.00404
v -0.00747 0.04814 0.00309
v -0.00781 0.04814 0.00209
v -0.00802 0.04814 0.00106
v -0.00809 0.04814 0.00000
v -0.00802 0.04814 -0.00106
v -0.00781 0.04814 -0.00209
v -0.00747 0.04814 -0.00309
v -0.00700 0.04814 -0.00404
v -0.00642 0.04814 -0.00492
v -0.00572 0.04814 -0.00572
v -0.00492 0.04814 -0.00642
v -0.00404 0.04814 -0.00700
v -0.00309 0.04814 -0.00747
v -0.00209 0.04814 -0.00781
v -0.00106 0.04814 -0.00802
v -0.00000 0.04814 -0.00809
v 0.00106 0.04814 -0.00802
v 0.00209 0.04814 -0.00781
v 0.00309 0.04814 -0.00747
v 0.00404 0.04814 -0.00700
v 0.00492 0.04814 -0.00642
v 0.00572 0.04814 -0.00572
v 0.00642 0.04814 -0.00492
v 0.00700 0.04814 -0.00404
v 0.00747 0.04814 -0.00309
v 0.00781 0.04814 -0.00209
v 0.00802 0.04814 -0.00106
v 0.00809 0.04814 -0.00000
v 0.00796 0.04906 0.00000
v 0.00789 0.04906 0.00104
v 0.00769 0.04906 0.00206
v 0.00736 0.04906 0.00305
v 0.00689 0.04906 0.00398
v 0.00632 0.04906 0.00485
v 0.00563 0.04906 0.00563
v 0.00485 0.04906 0.00632
v 0.00398 0.04906 0.00689
v 0.00305 0.04906 0.00736
v 0.00206 0.04906 0.00769
v 0.00104 0.04906 0.00789
v 0.00000 0.04906 0.00796
v -0.00104 0.04906 0.00789
v -0.00206 0.04906 0.00769
v -0.00305 0.04906 0.00736
v -0.00398 0.04906 0.00689
v -0.00485 0.04906 0.00632
v -0.00563 0.04906 0.00563
v -0.00632 0.04906 0.00485
v -0.00689 0.04906 0.00398
v -0.00736 0.04906 0.00305
v -0.00769 0.04906 0.00206
v -0.00789 0.04906 0.00104
v -0.00796 0.04906 0.00000
v -0.00789 0.04906 -0.00104
v -0.00769 0.04906 -0.00206
v -0.00736 0.04906 -0.00305
v -0.00689 0.04906 -0.00398
v -0.00632 0.04906 -0.00485
v -0.00563 0.04906 -0.00563
v -0.00485 0.04906 -0.00632
v -0.00398 0.04906 -0.00689
v -0.00305 0.04906 -0.00736
v -0.00206 0.04906 -0.00769
v -0.00104 0.04906 -0.00789
v -0.00000 0.04906 -0.00796
v 0.00104 0.04906 -0.00789
v 0.00206 0.04906 -0.00769
v 0.00305 0.04906 -0.00736
v 0.00398 0.04906 -0.00689
v 0.00485 0.04906 -0.00632
v 0.00563 0.04906 -0.00563
v 0.00632 0.04906 -0.00485
v 0.00689 0.04906 -0.00398
v 0.00736 0.04906 -0.00305
v 0.00769 0.04906 -0.00206
v 0.00789 0.04906 -0.00104
v 0.00796 0.04906 -0.00000
v 0.00773 0.04996 0.00000
v 0.00766 0.04996 0.00101
v 0.00747 0.04996 0.00200
v 0.00714 0.04996 0.00296
v 0.00670 0.04996 0.00387
v 0.00613 0.04996 0.00471
v 0.00547 0.04996 0.00547
v 0.00471 0.04996 0.00613
v 0.00387 0.04996 0.00670
v 0.00296 0.04996 0.00714
v 0.00200 0.04996 0.00747
v 0.00101 0.04996 0.00766
v 0.00000 0.04996 0.00773
v -0.00101 0.04996 0.00766
v -0.00200 0.04996 0.00747
v -0.00296 0.04996 0.00714
v -0.00387 0.04996 0.00670
v -0.00471 0.04996 0.00613
v -0.00547 0.04996 0.00547
v -0.00613 0.04996 0.00471
v -0.00670 0.04996 0.00387
v -0.00714 0.04996 0.00296
v -0.00747 0.04996 0.00200
v -0.00766 0.04996 0.00101
v -0.00773 0.04996 0.00000
v -0.00766 0.04996 -0.00101
v -0.00747 0.04996 -0.00200
v -0.00714 0.04996 -0.00296
v -0.00670 0.04996 -0.00387
v -0.00613 0.04996 -0.00471
v -0.00547 0.04996 -0.00547
v -0.00471 0.04996 -0.00613
v -0.00387 0.04996 -0.00670
v -0.00296 0.04996 -0.00714
v -0.00200 0.04996 -0.00747
v -0.00101 0.04996 -0.00766
v -0.00000 0.04996 -0.00773
v 0.00101 0.04996 -0.00766
v 0.00200 0.04996 -0.00747
v 0.00296 0.04996 -0.00714
v 0.00387 0.04996 -0.00670
v 0.00471 0.04996 -0.00613
v 0.00547 0.04996 -0.00547
v 0.00613 0.04996 -0.00471
v 0.00670 0.04996 -0.00387
v 0.00714 0.04996 -0.00296
v 0.00747 0.04996 -0.00200
v 0.00766 0.04996 -0.00101
v 0.00773 0.04996 -0.00000
v 0.00740 0.05083 0.00000
v 0.00734 0.05083 0.00097
v 0.00715 0.05083 0.00191
v 0.00684 0.05083 0.00283
v 0.00641 0.05083 0.00370
v 0.00587 0.05083 0.00450
v 0.00523 0.05083 0.00523
v 0.00450 0.05083 0.00587
v 0.00370 0.05083 0.00641
v 0.00283 0.05083 0.00684
v 0.00191 0.05083 0.00715
v 0.00097 0.05083 0.00734
v 0.00000 0.05083 0.00740
v -0.00097 0.05083 0.00734
v -0.00191 0.05083 0.00715
v -0.00283 0.05083 0.00684
v -0.00370 0.05083 0.00641
v -0.00450 0.05083 0.00587
v -0.00523 0.05083 0.00523
v -0.00587 0.05083 0.00450
v -0.00641 0.05083 0.00370
v -0.00684 0.05083 0.00283
v -0.00715 0.05083 0.00191
v -0.00734 0.05083 0.00097
v -0.00740 0.05083 0.00000
v -0.00734 0.05083 -0.00097
v -0.00715 0.05083 -0.00191
v -0.00684 0.05083 -0.00283
v -0.00641 0.05083 -0.00370
v -0.00587 0.05083 -0.00450
v -0.00523 0.05083 -0.00523
v -0.00450 0.05083 -0.00587
v -0.00370 0.05083 -0.00641
v -0.00283 0.05083 -0.00684
v -0.00191 0.05083 -0.00715
v -0.00097 0.05083 -0.00734
v -0.00000 0.05083 -0.00740
v 0.00097 0.05083 -0.00734
v 0.00191 0.05083 -0.00715
v 0.00283 0.05083 -0.00684
v 0.00370 0.05083 -0.00641
v 0.00450 0.05083 -0.00587
v 0.00523 0.05083 -0.00523
v 0.00587 0.05083 -0.00450
v 0.00641 0.05083 -0.00370
v 0.00684 0.05083 -0.00283
v 0.00715 0.05083 -0.00191
v 0.00734 0.05083 -0.00097
v 0.00740 0.05083 -0.00000
v 0.00697 0.05166 0.00000
v 0.00691 0.05166 0.00091
v 0.00673 0.05166 0.00180
v 0.00644 0.05166 0.00267
v 0.00604 0.05166 0.00348
v 0.00553 0.05166 0.00424
v 0.00493 0.05166 0.00493
v 0.00424 0.05166 0.00553
v 0.00348 0.05166 0.00604
v 0.00267 0.05166 0.00644
v 0.00180 0.05166 0.00673
v 0.00091 0.05166 0.00691
v 0.00000 0.05166 0.00697
v -0.00091 0.05166 0.00691
v -0.00180 0.05166 0.00673
v -0.00267 0.05166 0.00644
v -0.00348 0.05166 0.00604
v -0.00424 0.05166 0.00553
v -0.00493 0.05166 0.00493
v -0.00553 0.05166 0.00424
v -0.00604 0.05166 0.00348
v -0.00644 0.05166 0.00267
v -0.00673 0.05166 0.00180
v -0.00691 0.05166 0.00091
v -0.00697 0.05166 0.00000
v -0.00691 0.05166 -0.00091
v -0.00673 0.05166 -0.00180
v -0.00644 0.05166 -0.00267
v -0.00604 0.05166 -0.00348
v -0.00553 0.05166 -0.00424
v -0.00493 0.05166 -0.00493
v -0.00424 0.05166 -0.00553
v -0.00348 0.05166 -0.00604
v -0.00267 0.05166 -0.00644
v -0.00180 0.05166 -0.00673
v -0.00091 0.05166 -0.00691
v -0.00000 0.05166 -0.00697
v 0.00091 0.05166 -0.00691
v 0.00180 0.05166 -0.00673
v 0.00267 0.05166 -0.00644
v 0.00348 0.05166 -0.00604
v 0.00424 0.05166 -0.00553
v 0.00493 0.05166 -0.00493
v 0.00553 0.05166 -0.00424
v 0.00604 0.05166 -0.00348
v 0.00644 0.05166 -0.00267
v 0.00673 0.05166 -0.00180
v 0.00691 0.05166 -0.00091
v 0.00697 0.05166 -0.00000
v 0.00645 0.05243 0.00000
v 0.00639 0.05243 0.00084
v 0.00623 0.05243 0.00167
v 0.00596 0.05243 0.00247
v 0.00558 0.05243 0.00322
v 0.00512 0.05243 0.00392
v 0.00456 0.05243 0.00456
v 0.00392 0.05243 0.00512
v 0.00322 0.05243 0.00558
v 0.00247 0.05243 0.00596
v 0.00167 0.05243 0.00623
v 0.00084 0.05243 0.00639
v 0.00000 0.05243 0.00645
v -0.00084 0.05243 0.00639
v -0.00167 0.05243 0.00623
v -0.00247 0.05243 0.00596
v -0.00322 0.05243 0.00558
v -0.00392 0.05243 0.00512
v -0.00456 0.05243 0.00456
v -0.00512 0.05243 0.00392
v -0.00558 0.05243 0.00322
v -0.00596 0.05243 0.00247
v -0.00623 0.05243 0.00167
v -0.00639 0.05243 0.00084
v -0.00645 0.05243 0.00000
v -0.00639 0.05243 -0.00084
v -0.00623 0.05243 -0.00167
v -0.00596 0.05243 -0.00247
v -0.00558 0.05243 -0.00322
v -0.00512 0.05243 -0.00392
v -0.00456 0.05243 -0.00456
v -0.00392 0.05243 -0.00512
v -0.00322 0.05243 -0.00558
v -0.00247 0.05243 -0.00596
v -0.00167 0.05243 -0.00623
v -0.00084 0.05243 -0.00639
v -0.00000 0.05243 -0.00645
v 0.00084 0.05243 -0.00639
v 0.00167 0.05243 -0.00623
v 0.00247 0.05243 -0.00596
v 0.00322 0.05243 -0.00558
v 0.00392 0.05243 -0.00512
v 0.00456 0.05243 -0.00456
v 0.00512 0.05243 -0.00392
v 0.00558 0.05243 -0.00322
v 0.00596 0.05243 -0.00247
v 0.00623 0.05243 -0.00167
v 0.00639 0.05243 -0.00084
v 0.00645 0.05243 -0.00000
v 0.00584 0.05314 0.00000
v 0.00579 0.05314 0.00076
v 0.00564 0.05314 0.00151
v 0.00540 0.05314 0.00224
v 0.00506 0.05314 0.00292
v 0.00463 0.05314 0.00356
v 0.00413 0.05314 0.00413
v 0.00356 0.05314 0.00463
v 0.00292 0.05314 0.00506
v 0.00224 0.05314 0.00540
v 0.00151 0.05314 0.00564
v 0.00076 0.05314 0.00579
v 0.00000 0.05314 0.00584
v -0.00076 0.05314 0.00579
v -0.00151 0.05314 0.00564
v -0.00224 0.05314 0.00540
v -0.00292 0.05314 0.00506
v -0.00356 0.05314 0.00463
v -0.00413 0.05314 0.00413
v -0.00463 0.05314 0.00356
v -0.00506 0.05314 0.00292
v -0.00540 0.05314 0.00224
v -0.00564 0.05314 0.00151
v -0.00579 0.05314 0.00076
v -0.00584 0.05314 0.00000
v -0.00579 0.05314 -0.00076
v -0.00564 0.05314 -0.00151
v -0.00540 0.05314 -0.00224
v -0.00506 0.05314 -0.00292
v -0.00463 0.05314 -0.00356
v -0.00413 0.05314 -0.00413
v -0.00356 0.05314 -0.00463
v -0.00292 0.05314 -0.00506
v -0.00224 0.05314 -0.00540
v -0.00151 0.05314 -0.00564
v -0.00076 0.05314 -0.00579
v -0.00000 0.05314 -0.00584
v 0.00076 0.05314 -0.00579
v 0.00151 0.05314 -0.00564
v 0.00224 0.05314 -0.00540
v 0.00292 0.05314 -0.00506
v 0.00356 0.05314 -0.00463
v 0.00413 0.05314 -0.00413
v 0.00463 0.05314 -0.00356
v 0.00506 0.05314 -0.00292
v 0.00540 0.05314 -0.00224
v 0.00564 0.05314 -0.00151
v 0.00579 0.05314 -0.00076
v 0.00584 0.05314 -0.00000
v 0.00516 0.05377 0.00000
v 0.00511 0.05377 0.00067
v 0.00498 0.05377 0.00133
v 0.00476 0.05377 0.00197
v 0.00447 0.05377 0.00258
v 0.00409 0.05377 0.00314
v 0.00365 0.05377 0.00365
v 0.00314 0.05377 0.00409
v 0.00258 0.05377 0.00447
v 0.00197 0.05377 0.00476
v 0.00133 0.05377 0.00498
v 0.00067 0.05377 0.00511
v 0.00000 0.05377 0.00516
v -0.00067 0.05377 0.00511
v -0.00133 0.05377 0.00498
v -0.00197 0.05377 0.00476
v -0.00258 0.05377 0.00447
v -0.00314 0.05377 0.00409
v -0.00365 0.05377 0.00365
v -0.00409 0.05377 0.00314
v -0.00447 0.05377 0.00258
v -0.00476 0.05377 0.00197
v -0.00498 0.05377 0.00133
v -0.00511 0.05377 0.00067
v -0.00516 0.05377 0.00000
v -0.00511 0.05377 -0.00067
v -0.00498 0.05377 -0.00133
v -0.00476 0.05377 -0.00197
v -0.00447 0.05377 -0.00258
v -0.00409 0.05377 -0.00314
v -0.00365 0.05377 -0.00365
v -0.00314 0.05377 -0.00409
v -0.00258 0.05377 -0.00447
v -0.00197 0.05377 -0.00476
v -0.00133 0.05377 -0.00498
v -0.00067 0.05377 -0.00511
v -0.00000 0.05377 -0.00516
v 0.00067 0.05377 -0.00511
v 0.00133 0.05377 -0.00498
v 0.00197 0.05377 -0.00476
v 0.00258 0.05377 -0.00447
v 0.00314 0.05377 -0.00409
v 0.00365 0.05377 -0.00365
v 0.00409 0.05377 -0.00314
v 0.00447 0.05377 -0.00258
v 0.00476 0.05377 -0.00197
v 0.00498 0.05377 -0.00133
v 0.00511 0.05377 -0.00067
v 0.00516 0.05377 -0.00000
v 0.00441 0.05432 0.00000
v 0.00437 0.05432 0.00058
v 0.00426 0.05432 0.00114
v 0.00407 0.05432 0.00169
v 0.00382 0.05432 0.00220
v 0.00350 0.05432 0.00268
v 0.00312 0.05432 0.00312
v 0.00268 0.05432 0.00350
v 0.00220 0.05432 0.00382
v 0.00169 0.05432 0.00407
v 0.00114 0.05432 0.00426
v 0.00058 0.05432 0.00437
v 0.00000 0.05432 0.00441
v -0.00058 0.05432 0.00437
v -0.00114 0.05432 0.00426
v -0.00169 0.05432 0.00407
v -0.00220 0.05432 0.00382
v -0.00268 0.05432 0.00350
v -0.00312 0.05432 0.00312
v -0.00350 0.05432 0.00268
v -0.00382 0.05432 0.00220
v -0.00407 0.05432 0.00169
v -0.00426 0.05432 0.00114
v -0.00437 0.05432 0.00058
v -0.00441 0.05432 0.00000
v -0.00437 0.05432 -0.00058
v -0.00426 0.05432 -0.00114
v -0.00407 0.05432 -0.00169
v -0.00382 0.05432 -0.00220
v -0.00350 0.05432 -0.00268
v -0.00312 0.05432 -0.00312
v -0.00268 0.05432 -0.00350
v -0.00220 0.05432 -0.00382
v -0.00169 0.05432 -0.00407
v -0.00114 0.05432 -0.00426
v -0.00058 0.05432 -0.00437
v -0.00000 0.05432 -0.00441
v 0.00058 0.05432 -0.00437
v 0.00114 0.05432 -0.00426
v 0.00169 0.05432 -0.00407
v 0.00220 0.05432 -0.00382
v 0.00268 0.05432 -0.00350
v 0.00312 0.05432 -0.00312
v 0.00350 0.05432 -0.00268
v 0.00382 0.05432 -0.00220
v 0.00407 0.05432 -0.00169
v 0.00426 0.05432 -0.00114
v 0.00437 0.05432 -0.00058
v 0.00441 0.05432 -0.00000
v 0.00360 0.05478 0.00000
v 0.00357 0.05478 0.00047
v 0.00347 0.05478 0.00093
v 0.00332 0.05478 0.00138
v 0.00311 0.05478 0.00180
v 0.00285 0.05478 0.00219
v 0.00254 0.05478 0.00254
v 0.00219 0.05478 0.00285
v 0.00180 0.05478 0.00311
v 0.00138 0.05478 0.00332
v 0.00093 0.05478 0.00347
v 0.00047 0.05478 0.00357
v 0.00000 0.05478 0.00360
v -0.00047 0.05478 0.00357
v -0.00093 0.05478 0.00347
v -0.00138 0.05478 0.00332
v -0.00180 0.05478 0.00311
v -0.00219 0.05478 0.00285
v -0.00254 0.05478 0.00254
v -0.00285 0.05478 0.00219
v -0.00311 0.05478 0.00180
v -0.00332 0.05478 0.00138
v -0.00347 0.05478 0.00093
v -0.00357 0.05478 0.00047
v -0.00360 0.05478 0.00000
v -0.00357 0.05478 -0.00047
v -0.00347 0.05478 -0.00093
v -0.00332 0.05478 -0.00138
v -0.00311 0.05478 -0.00180
v -0.00285 0.05478 -0.00219
v -0.00254 0.05478 -0.00254
v -0.00219 0.05478 -0.00285
v -0.00180 0.05478 -0.00311
v -0.00138 0.05478 -0.00332
v -0.00093 0.05478 -0.00347
v -0.00047 0.05478 -0.00357
v -0.00000 0.05478 -0.00360
v 0.00047 0.05478 -0.00357
v 0.00093 0.05478 -0.00347
v 0.00138 0.05478 -0.00332
v 0.00180 0.05478 -0.00311
v 0.00219 0.05478 -0.00285
v 0.00254 0.05478 -0.00254
v 0.00285 0.05478 -0.00219
v 0.00311 0.05478 -0.00180
v 0.00332 0.05478 -0.00138
v 0.00347 0.05478 -0.00093
v 0.00357 0.05478 -0.00047
v 0.00360 0.05478 -0.00000
v 0.00274 0.05514 0.00000
v 0.00272 0.05514 0.00036
v 0.00265 0.05514 0.00071
v 0.00253 0.05514 0.00105
v 0.00237 0.05514 0.00137
v 0.00217 0.05514 0.00167
v 0.00194 0.05514 0.00194
v 0.00167 0.05514 0.00217
v 0.00137 0.05514 0.00237
v 0.00105 0.05514 0.00253
v 0.00071 0.05514 0.00265
v 0.00036 0.05514 0.00272
v 0.00000 0.05514 0.00274
v -0.00036 0.05514 0.00272
v -0.00071 0.05514 0.00265
v -0.00105 0.05514 0.00253
v -0.00137 0.05514 0.00237
v -0.00167 0.05514 0.00217
v -0.00194 0.05514 0.00194
v -0.00217 0.05514 0.00167
v -0.00237 0.05514 0.00137
v -0.00253 0.05514 0.00105
v -0.00265 0.05514 0.00071
v -0.00272 0.05514 0.00036
v -0.00274 0.05514 0.00000
v -0.00272 0.05514 -0.00036
v -0.00265 0.05514 -0.00071
v -0.00253 0.05514 -0.00105
v -0.00237 0.05514 -0.00137
v -0.00217 0.05514 -0.00167
v -0.00194 0.05514 -0.00194
v -0.00167 0.05514 -0.00217
v -0.00137 0.05514 -0.00237
v -0.00105 0.05514 -0.00253
v -0.00071 0.05514 -0.00265
v -0.00036 0.05514 -0.00272
v -0.00000 0.05514 -0.00274
v 0.00036 0.05514 -0.00272
v 0.00071 0.05514 -0.00265
v 0.00105 0.05514 -0.00253
v 0.00137 0.05514 -0.00237
v 0.00167 0.05514 -0.00217
v 0.00194 0.05514 -0.00194
v 0.00217 0.05514 -0.00167
v 0.00237 0.05514 -0.00137
v 0.00253 0.05514 -0.00105
v 0.00265 0.05514 -0.00071
v 0.00272 0.05514 -0.00036
v 0.00274 0.05514 -0.00000
v 0.00185 0.05541 0.00000
v 0.00183 0.05541 0.00024
v 0.00178 0.05541 0.00048
v 0.00171 0.05541 0.00071
v 0.00160 0.05541 0.00092
v 0.00147 0.05541 0.00112
v 0.00131 0.05541 0.00131
v 0.00112 0.05541 0.00147
v 0.00092 0.05541 0.00160
v 0.00071 0.05541 0.00171
v 0.00048 0.05541 0.00178
v 0.00024 0.05541 0.00183
v 0.00000 0.05541 0.00185
v -0.00024 0.05541 0.00183
v -0.00048 0.05541 0.00178
v -0.00071 0.05541 0.00171
v -0.00092 0.05541 0.00160
v -0.00112 0.05541 0.00147
v -0.00131 0.05541 0.00131
v -0.00147 0.05541 0.00112
v -0.00160 0.05541 0.00092
v -0.00171 0.05541 0.00071
v -0.00178 0.05541 0.00048
v -0.00183 0.05541 0.00024
v -0.00185 0.05541 0.00000
v -0.00183 0.05541 -0.00024
v -0.00178 0.05541 -0.00048
v -0.00171 0.05541 -0.00071
v -0.00160 0.05541 -0.00092
v -0.00147 0.05541 -0.00112
v -0.00131 0.05541 -0.00131
v -0.00112 0.05541 -0.00147
v -0.00092 0.05541 -0.00160
v -0.00071 0.05541 -0.00171
v -0.00048 0.05541 -0.00178
v -0.00024 0.05541 -0.00183
v -0.00000 0.05541 -0.00185
v 0.00024 0.05541 -0.00183
v 0.00048 0.05541 -0.00178
v 0.00071 0.05541 -0.00171
v 0.00092 0.05541 -0.00160
v 0.00112 0.05541 -0.00147
v 0.00131 0.05541 -0.00131
v 0.00147 0.05541 -0.00112
v 0.00160 0.05541 -0.00092
v 0.00171 0.05541 -0.00071
v 0.00178 0.05541 -0.00048
v 0.00183 0.05541 -0.00024
v 0.00185 0.05541 -0.00000
v 0.00093 0.05557 0.00000
v 0.00092 0.05557 0.00012
v 0.00090 0.05557 0.00024
v 0.00086 0.05557 0.00036
v 0.00081 0.05557 0.00046
v 0.00074 0.05557 0.00057
v 0.00066 0.05557 0.00066
v 0.00057 0.05557 0.00074
v 0.00046 0.05557 0.00081
v 0.00036 0.05557 0.00086
v 0.00024 0.05557 0.00090
v 0.00012 0.05557 0.00092
v 0.00000 0.05557 0.00093
v -0.00012 0.05557 0.00092
v -0.00024 0.05557 0.00090
v -0.00036 0.05557 0.00086
v -0.00046 0.05557 0.00081
v -0.00057 0.05557 0.00074
v -0.00066 0.05557 0.00066
v -0.00074 0.05557 0.00057
v -0.00081 0.05557 0.00046
v -0.00086 0.05557 0.00036
v -0.00090 0.05557 0.00024
v -0.00092 0.05557 0.00012
v -0.00093 0.05557 0.00000
v -0.00092 0.05557 -0.00012
v -0.00090 0.05557 -0.00024
v -0.00086 0.05557 -0.00036
v -0.00081 0.05557 -0.00046
v -0.00074 0.05557 -0.00057
v -0.00066 0.05557 -0.00066
v -0.00057 0.05557 -0.00074
v -0.00046 0.05557 -0.00081
v -0.00036 0.05557 -0.00086
v -0.00024 0.05557 -0.00090
v -0.00012 0.05557 -0.00092
v -0.00000 0.05557 -0.00093
v 0.00012 0.05557 -0.00092
v 0.00024 0.05557 -0.00090
v 0.00036 0.05557 -0.00086
v 0.00046 0.05557 -0.00081
v 0.00057 0.05557 -0.00074
v 0.00066 0.05557 -0.00066
v 0.00074 0.05557 -0.00057
v 0.00081 0.05557 -0.00046
v 0.00086 0.05557 -0.00036
v 0.00090 0.05557 -0.00024
v 0.00092 0.05557 -0.00012
v 0.00093 0.05557 -0.00000
v 0.00000 0.05562 0.00000
v 0.00000 0.05562 0.00000
v 0.00000 0.05562 0.00000
v 0.00000 0.05562 0.00000
v 0.00000 0.05562 0.00000
v 0.00000 0.05562 0.00000
v 0.00000 0.05562 0.00000
v 0.00000 0.05562 0.00000
v 0.00000 0.05562 0.00000
v 0.00000 0.05562 0.00000
v 0.00000 0.05562 0.00000
v 0.00000 0.05562 0.00000
v 0.00000 0.05562 0.00000
v -0.00000 0.05562 0.00000
v -0.00000 0.05562 0.00000
v -0.00000 0.05562 0.00000
v -0.00000 0.05562 0.00000
v -0.00000 0.05562 0.00000
v -0.00000 0.05562 0.00000
v -0.00000 0.05562 0.00000
v -0.00000 0.05562 0.00000
v -0.00000 0.05562 0.00000
v -0.00000 0.05562 0.00000
v -0.00000 0.05562 0.00000
v -0.00000 0.05562 0.00000
v -0.00000 0.05562 -0.00000
v -0.00000 0.05562 -0.00000
v -0.00000 0.05562 -0.00000
v -0.00000 0.05562 -0.00000
v -0.00000 0.05562 -0.00000
v -0.00000 0.05562 -0.00000
v -0.00000 0.05562 -0.00000
v -0.00000 0.05562 -0.00000
v -0.00000 0.05562 -0.00000
v -0.00000 0.05562 -0.00000
v -0.00000 0.05562 -0.00000
v -0.00000 0.05562 -0.00000
v 0.00000 0.05562 -0.00000
v 0.00000 0.05562 -0.00000
v 0.00000 0.05562 -0.00000
v 0.00000 0.05562 -0.00000
v 0.00000 0.05562 -0.00000
v 0.00000 0.05562 -0.00000
v 0.00000 0.05562 -0.00000
v 0.00000 0.05562 -0.00000
v 0.00000 0.05562 -0.00000
v 0.00000 0.05562 -0.00000
v 0.00000 0.05562 -0.00000
v 0.00000 0.05562 -0.00000
v 0.00000 0.05562 0.00000
v 0.00000 0.05562 0.00000
v 0.00000 0.05562 0.00000
v 0.00000 0.05562 0.00000
v 0.00000 0.05562 0.00000
v 0.00000 0.05562 0.00000
v 0.00000 0.05562 0.00000
v 0.00000 0.05562 0.00000
v 0.00000 0.05562 0.00000
v 0.00000 0.05562 0.00000
v 0.00000 0.05562 0.00000
v 0.00000 0.05562 0.00000
v 0.00000 0.05562 0.00000
v -0.00000 0.05562 0.00000
v -0.00000 0.05562 0.00000
v -0.00000 0.05562 0.00000
v -0.00000 0.05562 0.00000
v -0.00000 0.05562 0.00000
v -0.00000 0.05562 0.00000
v -0.00000 0.05562 0.00000
v -0.00000 0.05562 0.00000
v -0.00000 0.05562 0.00000
v -0.00000 0.05562 0.00000
v -0.00000 0.05562 0.00000
v -0.00000 0.05562 0.00000
v -0.00000 0.05562 -0.00000
v -0.00000 0.05562 -0.00000
v -0.00000 0.05562 -0.00000
v -0.00000 0.05562 -0.00000
v -0.00000 0.05562 -0.00000
v -0.00000 0.05562 -0.00000
v -0.00000 0.05562 -0.00000
v -0.00000 0.05562 -0.00000
v -0.00000 0.05562 -0.00000
v -0.00000 0.05562 -0.00000
v -0.00000 0.05562 -0.00000
v -0.00000 0.05562 -0.00000
v 0.00000 0.05562 -0.00000
v 0.00000 0.05562 -0.00000
v 0.00000 0.05562 -0.00000
v 0.00000 0.05562 -0.00000
v 0.00000 0.05562 -0.00000
v 0.00000 0.05562 -0.00000
v 0.00000 0.05562 -0.00000
v 0.00000 0.05562 -0.00000
v 0.00000 0.05562 -0.00000
v 0.00000 0.05562 -0.00000
v 0.00000 0.05562 -0.00000
v 0.00000 0.05562 -0.00000
vt 0.49790 0.00435
vt 0.49790 0.00435
vt 0.49790 0.00435
vt 0.49790 0.00435
vt 0.49790 0.00435
vt 0.49790 0.00435
vt 0.49790 0.00435
vt 0.49790 0.00435
vt 0.49790 0.00435
vt 0.49790 0.00435
vt 0.49790 0.00435
vt 0.49790 0.00435
vt 0.49790 0.00435
vt 0.49790 0.00435
vt 0.49790 0.00435
vt 0.49790 0.00435
vt 0.49790 0.00435
vt 0.49790 0.00435
vt 0.49790 0.00435
vt 0.49790 0.00435
vt 0.49790 0.00435
vt 0.49790 0.00435
vt 0.49790 0.00435
vt 0.49790 0.00435
vt 0.49790 0.00435
vt 0.49790 0.00435
vt 0.49790 0.00435
vt 0.49790 0.00435
vt 0.49790 0.00435
vt 0.49790 0.00435
vt 0.49790 0.00435
vt 0.49790 0.00435
vt 0.49790 0.00435
vt 0.49790 0.00435
vt 0.49790 0.00435
vt 0.49790 0.00435
vt 0.49790 0.00435
vt 0.49790 0.00435
vt 0.49790 0.00435
vt 0.49790 0.00435
vt 0.49790 0.00435
vt 0.49790 0.00435
vt 0.49790 0.00435
vt 0.49790 0.00435
vt 0.49790 0.00435
vt 0.49790 0.00435
vt 0.49790 0.00435
vt 0.49790 0.00435
vt 0.49790 0.00435
vt 0.85958 0.00435
vt 0.85649 0.00435
vt 0.84726 0.00435
vt 0.83205 0.00435
vt 0.81112 0.00435
vt 0.78484 0.00435
vt 0.75365 0.00435
vt 0.71808 0.00435
vt 0.67874 0.00435
vt 0.63631 0.00435
vt 0.59151 0.00435
vt 0.54511 0.00435
vt 0.49790 0.00435
vt 0.45069 0.00435
vt 0.40429 0.00435
vt 0.35949 0.00435
vt 0.31706 0.00435
vt 0.27772 0.00435
vt 0.24215 0.00435
vt 0.21096 0.00435
vt 0.18468 0.00435
vt 0.16375 0.00435
vt 0.14854 0.00435
vt 0.13931 0.00435
vt 0.13622 0.00435
vt 0.13931 0.00435
vt 0.14854 0.00435
vt 0.16375 0.00435
vt 0.18468 0.00435
vt 0.21096 0.00435
vt 0.24215 0.00435
vt 0.27772 0.00435
vt 0.31706 0.00435
vt 0.35949 0.00435
vt 0.40429 0.00435
vt 0.45069 0.00435
vt 0.49790 0.00435
vt 0.54511 0.00435
vt 0.59151 0.00435
vt 0.63631 0.00435
vt 0.67874 0.00435
vt 0.71808 0.00435
vt 0.75365 0.00435
vt 0.78484 0.00435
vt 0.81112 0.00435
vt 0.83205 0.00435
vt 0.84726 0.00435
vt 0.85649 0.00435
vt 0.85958 0.00435
vt 0.89079 0.00870
vt 0.88743 0.00870
vt 0.87740 0.00870
vt 0.86088 0.00870
vt 0.83815 0.00870
vt 0.80960 0.00870
vt 0.77572 0.00870
vt 0.73708 0.00870
vt 0.69435 0.00870
vt 0.64825 0.00870
vt 0.59959 0.00870
vt 0.54918 0.00870
vt 0.49790 0.00870
vt 0.44662 0.00870
vt 0.39621 0.00870
vt 0.34755 0.00870
vt 0.30146 0.00870
vt 0.25872 0.00870
vt 0.22008 0.00870
vt 0.18620 0.00870
vt 0.15765 0.00870
vt 0.13492 0.00870
vt 0.11840 0.00870
vt 0.10837 0.00870
vt 0.10501 0.00870
vt 0.10837 0.00870
vt 0.11840 0.00870
vt 0.13492 0.00870
vt 0.15765 0.00870
vt 0.18620 0.00870
vt 0.22008 0.00870
vt 0.25872 0.00870
vt 0.30146 0.00870
vt 0.34755 0.00870
vt 0.39621 0.00870
vt 0.44662 0.00870
vt 0.49790 0.00870
vt 0.54918 0.00870
vt 0.59959 0.00870
vt 0.64825 0.00870
vt 0.69435 0.00870
vt 0.73708 0.00870
vt 0.77572 0.00870
vt 0.80960 0.00870
vt 0.83815 0.00870
vt 0.86088 0.00870
vt 0.87740 0.00870
vt 0.88743 0.00870
vt 0.89079 0.00870
vt 0.91282 0.01304
vt 0.90927 0.01304
vt 0.89868 0.01304
vt 0.88124 0.01304
vt 0.85723 0.01304
vt 0.82708 0.01304
vt 0.79129 0.01304
vt 0.75049 0.01304
vt 0.70536 0.01304
vt 0.65668 0.01304
vt 0.60529 0.01304
vt 0.55206 0.01304
vt 0.49790 0.01304
vt 0.44374 0.01304
vt 0.39051 0.01304
vt 0.33912 0.01304
vt 0.29044 0.01304
vt 0.24531 0.01304
vt 0.20451 0.01304
vt 0.16872 0.01304
vt 0.13857 0.01304
vt 0.11456 0.01304
vt 0.09712 0.01304
vt 0.08653 0.01304
vt 0.08298 0.01304
vt 0.08653 0.01304
vt 0.09712 0.01304
vt 0.11456 0.01304
vt 0.13857 0.01304
vt 0.16872 0.01304
vt 0.20451 0.01304
vt 0.24531 0.01304
vt 0.29044 0.01304
vt 0.33912 0.01304
vt 0.39051 0.01304
vt 0.44374 0.01304
vt 0.49790 0.01304
vt 0.55206 0.01304
vt 0.60529 0.01304
vt 0.65668 0.01304
vt 0.70536 0.01304
vt 0.75049 0.01304
vt 0.79129 0.01304
vt 0.82708 0.01304
vt 0.85723 0.01304
vt 0.88124 0.01304
vt 0.89868 0.01304
vt 0.90927 0.01304
vt 0.91282 0.01304
vt 0.96606 0.01739
vt 0.96206 0.01739
vt 0.95011 0.01739
vt 0.93043 0.01739
vt 0.90334 0.01739
vt 0.86932 0.01739
vt 0.82894 0.01739
vt 0.78290 0.01739
vt 0.73198 0.01739
vt 0.67706 0.01739
vt 0.61907 0.01739
vt 0.55901 0.01739
vt 0.49790 0.01739
vt 0.43679 0.01739
vt 0.37673 0.01739
vt 0.31874 0.01739
vt 0.26382 0.01739
vt 0.21290 0.01739
vt 0.16686 0.01739
vt 0.12648 0.01739
vt 0.09246 0.01739
vt 0.06537 0.01739
vt 0.04569 0.01739
vt 0.03374 0.01739
vt 0.02974 0.01739
vt 0.03374 0.01739
vt 0.04569 0.01739
vt 0.06537 0.01739
vt 0.09246 0.01739
vt 0.12648 0.01739
vt 0.16686 0.01739
vt 0.21290 0.01739
vt 0.26382 0.01739
vt 0.31874 0.01739
vt 0.37673 0.01739
vt 0.43679 0.01739
vt 0.49790 0.01739
vt 0.55901 0.01739
vt 0.61907 0.01739
vt 0.67706 0.01739
vt 0.73198 0.01739
vt 0.78290 0.01739
vt 0.82894 0.01739
vt 0.86932 0.01739
vt 0.90334 0.01739
vt 0.93043 0.01739
vt 0.95011 0.01739
vt 0.96206 0.01739
vt 0.96606 0.01739
vt 0.96606 0.02174
vt 0.96206 0.02174
vt 0.95011 0.02174
vt 0.93043 0.02174
vt 0.90334 0.02174
vt 0.86932 0.02174
vt 0.82894 0.02174
vt 0.78290 0.02174
vt 0.73198 0.02174
vt 0.67706 0.02174
vt 0.61907 0.02174
vt 0.55901 0.02174
vt 0.49790 0.02174
vt 0.43679 0.02174
vt 0.37673 0.02174
vt 0.31874 0.02174
vt 0.26382 0.02174
vt 0.21290 0.02174
vt 0.16686 0.02174
vt 0.12648 0.02174
vt 0.09246 0.02174
vt 0.06537 0.02174
vt 0.04569 0.02174
vt 0.03374 0.02174
vt 0.02974 0.02174
vt 0.03374 0.02174
vt 0.04569 0.02174
vt 0.06537 0.02174
vt 0.09246 0.02174
vt 0.12648 0.02174
vt 0.16686 0.02174
vt 0.21290 0.02174
vt 0.26382 0.02174
vt 0.31874 0.02174
vt 0.37673 0.02174
vt 0.43679 0.02174
vt 0.49790 0.02174
vt 0.55901 0.02174
vt 0.61907 0.02174
vt 0.67706 0.02174
vt 0.73198 0.02174
vt 0.78290 0.02174
vt 0.82894 0.02174
vt 0.86932 0.02174
vt 0.90334 0.02174
vt 0.93043 0.02174
vt 0.95011 0.02174
vt 0.96206 0.02174
vt 0.96606 0.02174
vt 0.96606 0.02609
vt 0.96206 0.02609
vt 0.95011 0.02609
vt 0.93043 0.02609
vt 0.90334 0.02609
vt 0.86932 0.02609
vt 0.82894 0.02609
vt 0.78290 0.02609
vt 0.73198 0.02609
vt 0.67706 0.02609
vt 0.61907 0.02609
vt 0.55901 0.02609
vt 0.49790 0.02609
vt 0.43679 0.02609
vt 0.37673 0.02609
vt 0.31874 0.02609
vt 0.26382 0.02609
vt 0.21290 0.02609
vt 0.16686 0.02609
vt 0.12648 0.02609
vt 0.09246 0.02609
vt 0.06537 0.02609
vt 0.04569 0.02609
vt 0.03374 0.02609
vt 0.02974 0.02609
vt 0.03374 0.02609
vt 0.04569 0.02609
vt 0.06537 0.02609
vt 0.09246 0.02609
vt 0.12648 0.02609
vt 0.16686 0.02609
vt 0.21290 0.02609
vt 0.26382 0.02609
vt 0.31874 0.02609
vt 0.37673 0.02609
vt 0.43679 0.02609
vt 0.49790 0.02609
vt 0.55901 0.02609
vt 0.61907 0.02609
vt 0.67706 0.02609
vt 0.73198 0.02609
vt 0.78290 0.02609
vt 0.82894 0.02609
vt 0.86932 0.02609
vt 0.90334 0.02609
vt 0.93043 0.02609
vt 0.95011 0.02609
vt 0.96206 0.02609
vt 0.96606 0.02609
vt 0.96606 0.03043
vt 0.96206 0.03043
vt 0.95011 0.03043
vt 0.93043 0.03043
vt 0.90334 0.03043
vt 0.86932 0.03043
vt 0.82894 0.03043
vt 0.78290 0.03043
vt 0.73198 0.03043
vt 0.67706 0.03043
vt 0.61907 0.03043
vt 0.55901 0.03043
vt 0.49790 0.03043
vt 0.43679 0.03043
vt 0.37673 0.03043
vt 0.31874 0.03043
vt 0.26382 0.03043
vt 0.21290 0.03043
vt 0.16686 0.03043
vt 0.12648 0.03043
vt 0.09246 0.03043
vt 0.06537 0.03043
vt 0.04569 0.03043
vt 0.03374 0.03043
vt 0.02974 0.03043
vt 0.03374 0.03043
vt 0.04569 0.03043
vt 0.06537 0.03043
vt 0.09246 0.03043
vt 0.12648 0.03043
vt 0.16686 0.03043
vt 0.21290 0.03043
vt 0.26382 0.03043
vt 0.31874 0.03043
vt 0.37673 0.03043
vt 0.43679 0.03043
vt 0.49790 0.03043
vt 0.55901 0.03043
vt 0.61907 0.03043
vt 0.67706 0.03043
vt 0.73198 0.03043
vt 0.78290 0.03043
vt 0.82894 0.03043
vt 0.86932 0.03043
vt 0.90334 0.03043
vt 0.93043 0.03043
vt 0.95011 0.03043
vt 0.96206 0.03043
vt 0.96606 0.03043
vt 0.96606 0.03478
vt 0.96206 0.03478
vt 0.95011 0.03478
vt 0.93043 0.03478
vt 0.90334 0.03478
vt 0.86932 0.03478
vt 0.82894 0.03478
vt 0.78290 0.03478
vt 0.73198 0.03478
vt 0.67706 0.03478
vt 0.61907 0.03478
vt 0.55901 0.03478
vt 0.49790 0.03478
vt 0.43679 0.03478
vt 0.37673 0.03478
vt 0.31874 0.03478
vt 0.26382 0.03478
vt 0.21290 0.03478
vt 0.16686 0.03478
vt 0.12648 0.03478
vt 0.09246 0.03478
vt 0.06537 0.03478
vt 0.04569 0.03478
vt 0.03374 0.03478
vt 0.02974 0.03478
vt 0.03374 0.03478
vt 0.04569 0.03478
vt 0.06537 0.03478
vt 0.09246 0.03478
vt 0.12648 0.03478
vt 0.16686 0.03478
vt 0.21290 0.03478
vt 0.26382 0.03478
vt 0.31874 0.03478
vt 0.37673 0.03478
vt 0.43679 0.03478
vt 0.49790 0.03478
vt 0.55901 0.03478
vt 0.61907 0.03478
vt 0.67706 0.03478
vt 0.73198 0.03478
vt 0.78290 0.03478
vt 0.82894 0.03478
vt 0.86932 0.03478
vt 0.90334 0.03478
vt 0.93043 0.03478
vt 0.95011 0.03478
vt 0.96206 0.03478
vt 0.96606 0.03478
vt 0.96606 0.03913
vt 0.96206 0.03913
vt 0.95011 0.03913
vt 0.93043 0.03913
vt 0.90334 0.03913
vt 0.86932 0.03913
vt 0.82894 0.03913
vt 0.78290 0.03913
vt 0.73198 0.03913
vt 0.67706 0.03913
vt 0.61907 0.03913
vt 0.55901 0.03913
vt 0.49790 0.03913
vt 0.43679 0.03913
vt 0.37673 0.03913
vt 0.31874 0.03913
vt 0.26382 0.03913
vt 0.21290 0.03913
vt 0.16686 0.03913
vt 0.12648 0.03913
vt 0.09246 0.03913
vt 0.06537 0.03913
vt 0.04569 0.03913
vt 0.03374 0.03913
vt 0.02974 0.03913
vt 0.03374 0.03913
vt 0.04569 0.03913
vt 0.06537 0.03913
vt 0.09246 0.03913
vt 0.12648 0.03913
vt 0.16686 0.03913
vt 0.21290 0.03913
vt 0.26382 0.03913
vt 0.31874 0.03913
vt 0.37673 0.03913
vt 0.43679 0.03913
vt 0.49790 0.03913
vt 0.55901 0.03913
vt 0.61907 0.03913
vt 0.67706 0.03913
vt 0.73198 0.03913
vt 0.78290 0.03913
vt 0.82894 0.03913
vt 0.86932 0.03913
vt 0.90334 0.03913
vt 0.93043 0.03913
vt 0.95011 0.03913
vt 0.96206 0.03913
vt 0.96606 0.03913
vt 0.96606 0.04348
vt 0.96206 0.04348
vt 0.95011 0.04348
vt 0.93043 0.04348
vt 0.90334 0.04348
vt 0.86932 0.04348
vt 0.82894 0.04348
vt 0.78290 0.04348
vt 0.73198 0.04348
vt 0.67706 0.04348
vt 0.61907 0.04348
vt 0.55901 0.04348
vt 0.49790 0.04348
vt 0.43679 0.04348
vt 0.37673 0.04348
vt 0.31874 0.04348
vt 0.26382 0.04348
vt 0.21290 0.04348
vt 0.16686 0.04348
vt 0.12648 0.04348
vt 0.09246 0.04348
vt 0.06537 0.04348
vt 0.04569 0.04348
vt 0.03374 0.04348
vt 0.02974 0.04348
vt 0.03374 0.04348
vt 0.04569 0.04348
vt 0.06537 0.04348
vt 0.09246 0.04348
vt 0.12648 0.04348
vt 0.16686 0.04348
vt 0.21290 0.04348
vt 0.26382 0.04348
vt 0.31874 0.04348
vt 0.37673 0.04348
vt 0.43679 0.04348
vt 0.49790 0.04348
vt 0.55901 0.04348
vt 0.61907 0.04348
vt 0.67706 0.04348
vt 0.73198 0.04348
vt 0.78290 0.04348
vt 0.82894 0.04348
vt 0.86932 0.04348
vt 0.90334 0.04348
vt 0.93043 0.04348
vt 0.95011 0.04348
vt 0.96206 0.04348
vt 0.96606 0.04348
vt 0.96606 0.04783
vt 0.96206 0.04783
vt 0.95011 0.04783
vt 0.93043 0.04783
vt 0.90334 0.04783
vt 0.86932 0.04783
vt 0.82894 0.04783
vt 0.78290 0.04783
vt 0.73198 0.04783
vt 0.67706 0.04783
vt 0.61907 0.04783
vt 0.55901 0.04783
vt 0.49790 0.04783
vt 0.43679 0.04783
vt 0.37673 0.04783
vt 0.31874 0.04783
vt 0.26382 0.04783
vt 0.21290 0.04783
vt 0.16686 0.04783
vt 0.12648 0.04783
vt 0.09246 0.04783
vt 0.06537 0.04783
vt 0.04569 0.04783
vt 0.03374 0.04783
vt 0.02974 0.04783
vt 0.03374 0.04783
vt 0.04569 0.04783
vt 0.06537 0.04783
vt 0.09246 0.04783
vt 0.12648 0.04783
vt 0.16686 0.04783
vt 0.21290 0.04783
vt 0.26382 0.04783
vt 0.31874 0.04783
vt 0.37673 0.04783
vt 0.43679 0.04783
vt 0.49790 0.04783
vt 0.55901 0.04783
vt 0.61907 0.04783
vt 0.67706 0.04783
vt 0.73198 0.04783
vt 0.78290 0.04783
vt 0.82894 0.04783
vt 0.86932 0.04783
vt 0.90334 0.04783
vt 0.93043 0.04783
vt 0.95011 0.04783
vt 0.96206 0.04783
vt 0.96606 0.04783
vt 0.96606 0.05217
vt 0.96206 0.05217
vt 0.95011 0.05217
vt 0.93043 0.05217
vt 0.90334 0.05217
vt 0.86932 0.05217
vt 0.82894 0.05217
vt 0.78290 0.05217
vt 0.73198 0.05217
vt 0.67706 0.05217
vt 0.61907 0.05217
vt 0.55901 0.05217
vt 0.49790 0.05217
vt 0.43679 0.05217
vt 0.37673 0.05217
vt 0.31874 0.05217
vt 0.26382 0.05217
vt 0.21290 0.05217
vt 0.16686 0.05217
vt 0.12648 0.05217
vt 0.09246 0.05217
vt 0.06537 0.05217
vt 0.04569 0.05217
vt 0.03374 0.05217
vt 0.02974 0.05217
vt 0.03374 0.05217
vt 0.04569 0.05217
vt 0.06537 0.05217
vt 0.09246 0.05217
vt 0.12648 0.05217
vt 0.16686 0.05217
vt 0.21290 0.05217
vt 0.26382 0.05217
vt 0.31874 0.05217
vt 0.37673 0.05217
vt 0.43679 0.05217
vt 0.49790 0.05217
vt 0.55901 0.05217
vt 0.61907 0.05217
vt 0.67706 0.05217
vt 0.73198 0.05217
vt 0.78290 0.05217
vt 0.82894 0.05217
vt 0.86932 0.05217
vt 0.90334 0.05217
vt 0.93043 0.05217
vt 0.95011 0.05217
vt 0.96206 0.05217
vt 0.96606 0.05217
vt 0.96606 0.05652
vt 0.96206 0.05652
vt 0.95011 0.05652
vt 0.93043 0.05652
vt 0.90334 0.05652
vt 0.86932 0.05652
vt 0.82894 0.05652
vt 0.78290 0.05652
vt 0.73198 0.05652
vt 0.67706 0.05652
vt 0.61907 0.05652
vt 0.55901 0.05652
vt 0.49790 0.05652
vt 0.43679 0.05652
vt 0.37673 0.05652
vt 0.31874 0.05652
vt 0.26382 0.05652
vt 0.21290 0.05652
vt 0.16686 0.05652
vt 0.12648 0.05652
vt 0.09246 0.05652
vt 0.06537 0.05652
vt 0.04569 0.05652
vt 0.03374 0.05652
vt 0.02974 0.05652
vt 0.03374 0.05652
vt 0.04569 0.05652
vt 0.06537 0.05652
vt 0.09246 0.05652
vt 0.12648 0.05652
vt 0.16686 0.05652
vt 0.21290 0.05652
vt 0.26382 0.05652
vt 0.31874 0.05652
vt 0.37673 0.05652
vt 0.43679 0.05652
vt 0.49790 0.05652
vt 0.55901 0.05652
vt 0.61907 0.05652
vt 0.67706 0.05652
vt 0.73198 0.05652
vt 0.78290 0.05652
vt 0.82894 0.05652
vt 0.86932 0.05652
vt 0.90334 0.05652
vt 0.93043 0.05652
vt 0.95011 0.05652
vt 0.96206 0.05652
vt 0.96606 0.05652
vt 0.96239 0.06087
vt 0.95842 0.06087
vt 0.94657 0.06087
vt 0.92704 0.06087
vt 0.90016 0.06087
vt 0.86641 0.06087
vt 0.82635 0.06087
vt 0.78067 0.06087
vt 0.73015 0.06087
vt 0.67565 0.06087
vt 0.61812 0.06087
vt 0.55853 0.06087
vt 0.49790 0.06087
vt 0.43727 0.06087
vt 0.37768 0.06087
vt 0.32015 0.06087
vt 0.26565 0.06087
vt 0.21514 0.06087
vt 0.16945 0.06087
vt 0.12939 0.06087
vt 0.09564 0.06087
vt 0.06877 0.06087
vt 0.04924 0.06087
vt 0.03738 0.06087
vt 0.03341 0.06087
vt 0.03738 0.06087
vt 0.04924 0.06087
vt 0.06877 0.06087
vt 0.09564 0.06087
vt 0.12939 0.06087
vt 0.16945 0.06087
vt 0.21514 0.06087
vt 0.26565 0.06087
vt 0.32015 0.06087
vt 0.37768 0.06087
vt 0.43727 0.06087
vt 0.49790 0.06087
vt 0.55853 0.06087
vt 0.61812 0.06087
vt 0.67565 0.06087
vt 0.73015 0.06087
vt 0.78067 0.06087
vt 0.82635 0.06087
vt 0.86641 0.06087
vt 0.90016 0.06087
vt 0.92704 0.06087
vt 0.94657 0.06087
vt 0.95842 0.06087
vt 0.96239 0.06087
vt 0.95688 0.06522
vt 0.95296 0.06522
vt 0.94125 0.06522
vt 0.92195 0.06522
vt 0.89539 0.06522
vt 0.86204 0.06522
vt 0.82245 0.06522
vt 0.77731 0.06522
vt 0.72739 0.06522
vt 0.67355 0.06522
vt 0.61669 0.06522
vt 0.55781 0.06522
vt 0.49790 0.06522
vt 0.43799 0.06522
vt 0.37911 0.06522
vt 0.32225 0.06522
vt 0.26841 0.06522
vt 0.21849 0.06522
vt 0.17335 0.06522
vt 0.13376 0.06522
vt 0.10041 0.06522
vt 0.07385 0.06522
vt 0.05456 0.06522
vt 0.04284 0.06522
vt 0.03892 0.06522
vt 0.04284 0.06522
vt 0.05456 0.06522
vt 0.07385 0.06522
vt 0.10041 0.06522
vt 0.13376 0.06522
vt 0.17335 0.06522
vt 0.21849 0.06522
vt 0.26841 0.06522
vt 0.32225 0.06522
vt 0.37911 0.06522
vt 0.43799 0.06522
vt 0.49790 0.06522
vt 0.55781 0.06522
vt 0.61669 0.06522
vt 0.67355 0.06522
vt 0.72739 0.06522
vt 0.77731 0.06522
vt 0.82245 0.06522
vt 0.86204 0.06522
vt 0.89539 0.06522
vt 0.92195 0.06522
vt 0.94125 0.06522
vt 0.95296 0.06522
vt 0.95688 0.06522
vt 0.95505 0.06957
vt 0.95114 0.06957
vt 0.93947 0.06957
vt 0.92025 0.06957
vt 0.89380 0.06957
vt 0.86058 0.06957
vt 0.82115 0.06957
vt 0.77619 0.06957
vt 0.72647 0.06957
vt 0.67284 0.06957
vt 0.61622 0.06957
vt 0.55757 0.06957
vt 0.49790 0.06957
vt 0.43823 0.06957
vt 0.37958 0.06957
vt 0.32296 0.06957
vt 0.26933 0.06957
vt 0.21961 0.06957
vt 0.17465 0.06957
vt 0.13522 0.06957
vt 0.10200 0.06957
vt 0.07555 0.06957
vt 0.05633 0.06957
vt 0.04466 0.06957
vt 0.04075 0.06957
vt 0.04466 0.06957
vt 0.05633 0.06957
vt 0.07555 0.06957
vt 0.10200 0.06957
vt 0.13522 0.06957
vt 0.17465 0.06957
vt 0.21961 0.06957
vt 0.26933 0.06957
vt 0.32296 0.06957
vt 0.37958 0.06957
vt 0.43823 0.06957
vt 0.49790 0.06957
vt 0.55757 0.06957
vt 0.61622 0.06957
vt 0.67284 0.06957
vt 0.72647 0.06957
vt 0.77619 0.06957
vt 0.82115 0.06957
vt 0.86058 0.06957
vt 0.89380 0.06957
vt 0.92025 0.06957
vt 0.93947 0.06957
vt 0.95114 0.06957
vt 0.95505 0.06957
vt 0.95321 0.07391
vt 0.94932 0.07391
vt 0.93770 0.07391
vt 0.91855 0.07391
vt 0.89221 0.07391
vt 0.85912 0.07391
vt 0.81985 0.07391
vt 0.77508 0.07391
vt 0.72556 0.07391
vt 0.67214 0.07391
vt 0.61574 0.07391
vt 0.55733 0.07391
vt 0.49790 0.07391
vt 0.43847 0.07391
vt 0.38006 0.07391
vt 0.32366 0.07391
vt 0.27024 0.07391
vt 0.22072 0.07391
vt 0.17595 0.07391
vt 0.13668 0.07391
vt 0.10359 0.07391
vt 0.07725 0.07391
vt 0.05810 0.07391
vt 0.04648 0.07391
vt 0.04259 0.07391
vt 0.04648 0.07391
vt 0.05810 0.07391
vt 0.07725 0.07391
vt 0.10359 0.07391
vt 0.13668 0.07391
vt 0.17595 0.07391
vt 0.22072 0.07391
vt 0.27024 0.07391
vt 0.32366 0.07391
vt 0.38006 0.07391
vt 0.43847 0.07391
vt 0.49790 0.07391
vt 0.55733 0.07391
vt 0.61574 0.07391
vt 0.67214 0.07391
vt 0.72556 0.07391
vt 0.77508 0.07391
vt 0.81985 0.07391
vt 0.85912 0.07391
vt 0.89221 0.07391
vt 0.91855 0.07391
vt 0.93770 0.07391
vt 0.94932 0.07391
vt 0.95321 0.07391
vt 0.94587 0.07826
vt 0.94204 0.07826
vt 0.93060 0.07826
vt 0.91177 0.07826
vt 0.88585 0.07826
vt 0.85330 0.07826
vt 0.81466 0.07826
vt 0.77061 0.07826
vt 0.72188 0.07826
vt 0.66933 0.07826
vt 0.61384 0.07826
vt 0.55637 0.07826
vt 0.49790 0.07826
vt 0.43943 0.07826
vt 0.38196 0.07826
vt 0.32647 0.07826
vt 0.27392 0.07826
vt 0.22519 0.07826
vt 0.18114 0.07826
vt 0.14250 0.07826
vt 0.10995 0.07826
vt 0.08403 0.07826
vt 0.06520 0.07826
vt 0.05376 0.07826
vt 0.04993 0.07826
vt 0.05376 0.07826
vt 0.06520 0.07826
vt 0.08403 0.07826
vt 0.10995 0.07826
vt 0.14250 0.07826
vt 0.18114 0.07826
vt 0.22519 0.07826
vt 0.27392 0.07826
vt 0.32647 0.07826
vt 0.38196 0.07826
vt 0.43943 0.07826
vt 0.49790 0.07826
vt 0.55637 0.07826
vt 0.61384 0.07826
vt 0.66933 0.07826
vt 0.72188 0.07826
vt 0.77061 0.07826
vt 0.81466 0.07826
vt 0.85330 0.07826
vt 0.88585 0.07826
vt 0.91177 0.07826
vt 0.93060 0.07826
vt 0.94204 0.07826
vt 0.94587 0.07826
vt 0.93853 0.08261
vt 0.93476 0.08261
vt 0.92351 0.08261
vt 0.90498 0.08261
vt 0.87949 0.08261
vt 0.84747 0.08261
vt 0.80947 0.08261
vt 0.76614 0.08261
vt 0.71821 0.08261
vt 0.66652 0.08261
vt 0.61194 0.08261
vt 0.55541 0.08261
vt 0.49790 0.08261
vt 0.44039 0.08261
vt 0.38386 0.08261
vt 0.32928 0.08261
vt 0.27759 0.08261
vt 0.22966 0.08261
vt 0.18633 0.08261
vt 0.14833 0.08261
vt 0.11631 0.08261
vt 0.09082 0.08261
vt 0.07229 0.08261
vt 0.06104 0.08261
vt 0.05728 0.08261
vt 0.06104 0.08261
vt 0.07229 0.08261
vt 0.09082 0.08261
vt 0.11631 0.08261
vt 0.14833 0.08261
vt 0.18633 0.08261
vt 0.22966 0.08261
vt 0.27759 0.08261
vt 0.32928 0.08261
vt 0.38386 0.08261
vt 0.44039 0.08261
vt 0.49790 0.08261
vt 0.55541 0.08261
vt 0.61194 0.08261
vt 0.66652 0.08261
vt 0.71821 0.08261
vt 0.76614 0.08261
vt 0.80947 0.08261
vt 0.84747 0.08261
vt 0.87949 0.08261
vt 0.90498 0.08261
vt 0.92351 0.08261
vt 0.93476 0.08261
vt 0.93853 0.08261
vt 0.92567 0.08696
vt 0.92201 0.08696
vt 0.91110 0.08696
vt 0.89311 0.08696
vt 0.86836 0.08696
vt 0.83728 0.08696
vt 0.80038 0.08696
vt 0.75831 0.08696
vt 0.71179 0.08696
vt 0.66160 0.08696
vt 0.60862 0.08696
vt 0.55374 0.08696
vt 0.49790 0.08696
vt 0.44206 0.08696
vt 0.38718 0.08696
vt 0.33420 0.08696
vt 0.28401 0.08696
vt 0.23749 0.08696
vt 0.19542 0.08696
vt 0.15852 0.08696
vt 0.12744 0.08696
vt 0.10269 0.08696
vt 0.08470 0.08696
vt 0.07379 0.08696
vt 0.07013 0.08696
vt 0.07379 0.08696
vt 0.08470 0.08696
vt 0.10269 0.08696
vt 0.12744 0.08696
vt 0.15852 0.08696
vt 0.19542 0.08696
vt 0.23749 0.08696
vt 0.28401 0.08696
vt 0.33420 0.08696
vt 0.38718 0.08696
vt 0.44206 0.08696
vt 0.49790 0.08696
vt 0.55374 0.08696
vt 0.60862 0.08696
vt 0.66160 0.08696
vt 0.71179 0.08696
vt 0.75831 0.08696
vt 0.80038 0.08696
vt 0.83728 0.08696
vt 0.86836 0.08696
vt 0.89311 0.08696
vt 0.91110 0.08696
vt 0.92201 0.08696
vt 0.92567 0.08696
vt 0.92567 0.09130
vt 0.92201 0.09130
vt 0.91110 0.09130
vt 0.89311 0.09130
vt 0.86836 0.09130
vt 0.83728 0.09130
vt 0.80038 0.09130
vt 0.75831 0.09130
vt 0.71179 0.09130
vt 0.66160 0.09130
vt 0.60862 0.09130
vt 0.55374 0.09130
vt 0.49790 0.09130
vt 0.44206 0.09130
vt 0.38718 0.09130
vt 0.33420 0.09130
vt 0.28401 0.09130
vt 0.23749 0.09130
vt 0.19542 0.09130
vt 0.15852 0.09130
vt 0.12744 0.09130
vt 0.10269 0.09130
vt 0.08470 0.09130
vt 0.07379 0.09130
vt 0.07013 0.09130
vt 0.07379 0.09130
vt 0.08470 0.09130
vt 0.10269 0.09130
vt 0.12744 0.09130
vt 0.15852 0.09130
vt 0.19542 0.09130
vt 0.23749 0.09130
vt 0.28401 0.09130
vt 0.33420 0.09130
vt 0.38718 0.09130
vt 0.44206 0.09130
vt 0.49790 0.09130
vt 0.55374 0.09130
vt 0.60862 0.09130
vt 0.66160 0.09130
vt 0.71179 0.09130
vt 0.75831 0.09130
vt 0.80038 0.09130
vt 0.83728 0.09130
vt 0.86836 0.09130
vt 0.89311 0.09130
vt 0.91110 0.09130
vt 0.92201 0.09130
vt 0.92567 0.09130
vt 0.93669 0.09565
vt 0.93294 0.09565
vt 0.92174 0.09565
vt 0.90329 0.09565
vt 0.87790 0.09565
vt 0.84602 0.09565
vt 0.80817 0.09565
vt 0.76502 0.09565
vt 0.71729 0.09565
vt 0.66582 0.09565
vt 0.61147 0.09565
vt 0.55517 0.09565
vt 0.49790 0.09565
vt 0.44063 0.09565
vt 0.38433 0.09565
vt 0.32998 0.09565
vt 0.27851 0.09565
vt 0.23078 0.09565
vt 0.18763 0.09565
vt 0.14979 0.09565
vt 0.11790 0.09565
vt 0.09251 0.09565
vt 0.07406 0.09565
vt 0.06287 0.09565
vt 0.05911 0.09565
vt 0.06287 0.09565
vt 0.07406 0.09565
vt 0.09251 0.09565
vt 0.11790 0.09565
vt 0.14979 0.09565
vt 0.18763 0.09565
vt 0.23078 0.09565
vt 0.27851 0.09565
vt 0.32998 0.09565
vt 0.38433 0.09565
vt 0.44063 0.09565
vt 0.49790 0.09565
vt 0.55517 0.09565
vt 0.61147 0.09565
vt 0.66582 0.09565
vt 0.71729 0.09565
vt 0.76502 0.09565
vt 0.80817 0.09565
vt 0.84602 0.09565
vt 0.87790 0.09565
vt 0.90329 0.09565
vt 0.92174 0.09565
vt 0.93294 0.09565
vt 0.93669 0.09565
vt 0.94587 0.10000
vt 0.94204 0.10000
vt 0.93060 0.10000
vt 0.91177 0.10000
vt 0.88585 0.10000
vt 0.85330 0.10000
vt 0.81466 0.10000
vt 0.77061 0.10000
vt 0.72188 0.10000
vt 0.66933 0.10000
vt 0.61384 0.10000
vt 0.55637 0.10000
vt 0.49790 0.10000
vt 0.43943 0.10000
vt 0.38196 0.10000
vt 0.32647 0.10000
vt 0.27392 0.10000
vt 0.22519 0.10000
vt 0.18114 0.10000
vt 0.14250 0.10000
vt 0.10995 0.10000
vt 0.08403 0.10000
vt 0.06520 0.10000
vt 0.05376 0.10000
vt 0.04993 0.10000
vt 0.05376 0.10000
vt 0.06520 0.10000
vt 0.08403 0.10000
vt 0.10995 0.10000
vt 0.14250 0.10000
vt 0.18114 0.10000
vt 0.22519 0.10000
vt 0.27392 0.10000
vt 0.32647 0.10000
vt 0.38196 0.10000
vt 0.43943 0.10000
vt 0.49790 0.10000
vt 0.55637 0.10000
vt 0.61384 0.10000
vt 0.66933 0.10000
vt 0.72188 0.10000
vt 0.77061 0.10000
vt 0.81466 0.10000
vt 0.85330 0.10000
vt 0.88585 0.10000
vt 0.91177 0.10000
vt 0.93060 0.10000
vt 0.94204 0.10000
vt 0.94587 0.10000
vt 0.94954 0.10435
vt 0.94568 0.10435
vt 0.93415 0.10435
vt 0.91516 0.10435
vt 0.88903 0.10435
vt 0.85621 0.10435
vt 0.81726 0.10435
vt 0.77284 0.10435
vt 0.72372 0.10435
vt 0.67074 0.10435
vt 0.61479 0.10435
vt 0.55685 0.10435
vt 0.49790 0.10435
vt 0.43895 0.10435
vt 0.38101 0.10435
vt 0.32507 0.10435
vt 0.27208 0.10435
vt 0.22296 0.10435
vt 0.17854 0.10435
vt 0.13959 0.10435
vt 0.10677 0.10435
vt 0.08064 0.10435
vt 0.06165 0.10435
vt 0.05012 0.10435
vt 0.04626 0.10435
vt 0.05012 0.10435
vt 0.06165 0.10435
vt 0.08064 0.10435
vt 0.10677 0.10435
vt 0.13959 0.10435
vt 0.17854 0.10435
vt 0.22296 0.10435
vt 0.27208 0.10435
vt 0.32507 0.10435
vt 0.38101 0.10435
vt 0.43895 0.10435
vt 0.49790 0.10435
vt 0.55685 0.10435
vt 0.61479 0.10435
vt 0.67074 0.10435
vt 0.72372 0.10435
vt 0.77284 0.10435
vt 0.81726 0.10435
vt 0.85621 0.10435
vt 0.88903 0.10435
vt 0.91516 0.10435
vt 0.93415 0.10435
vt 0.94568 0.10435
vt 0.94954 0.10435
vt 0.95138 0.10870
vt 0.94750 0.10870
vt 0.93593 0.10870
vt 0.91686 0.10870
vt 0.89062 0.10870
vt 0.85767 0.10870
vt 0.81856 0.10870
vt 0.77396 0.10870
vt 0.72464 0.10870
vt 0.67144 0.10870
vt 0.61527 0.10870
vt 0.55709 0.10870
vt 0.49790 0.10870
vt 0.43871 0.10870
vt 0.38053 0.10870
vt 0.32436 0.10870
vt 0.27116 0.10870
vt 0.22184 0.10870
vt 0.17724 0.10870
vt 0.13813 0.10870
vt 0.10518 0.10870
vt 0.07894 0.10870
vt 0.05988 0.10870
vt 0.04830 0.10870
vt 0.04442 0.10870
vt 0.04830 0.10870
vt 0.05988 0.10870
vt 0.07894 0.10870
vt 0.10518 0.10870
vt 0.13813 0.10870
vt 0.17724 0.10870
vt 0.22184 0.10870
vt 0.27116 0.10870
vt 0.32436 0.10870
vt 0.38053 0.10870
vt 0.43871 0.10870
vt 0.49790 0.10870
vt 0.55709 0.10870
vt 0.61527 0.10870
vt 0.67144 0.10870
vt 0.72464 0.10870
vt 0.77396 0.10870
vt 0.81856 0.10870
vt 0.85767 0.10870
vt 0.89062 0.10870
vt 0.91686 0.10870
vt 0.93593 0.10870
vt 0.94750 0.10870
vt 0.95138 0.10870
vt 0.95321 0.11304
vt 0.94932 0.11304
vt 0.93770 0.11304
vt 0.91855 0.11304
vt 0.89221 0.11304
vt 0.85912 0.11304
vt 0.81985 0.11304
vt 0.77508 0.11304
vt 0.72556 0.11304
vt 0.67214 0.11304
vt 0.61574 0.11304
vt 0.55733 0.11304
vt 0.49790 0.11304
vt 0.43847 0.11304
vt 0.38006 0.11304
vt 0.32366 0.11304
vt 0.27024 0.11304
vt 0.22072 0.11304
vt 0.17595 0.11304
vt 0.13668 0.11304
vt 0.10359 0.11304
vt 0.07725 0.11304
vt 0.05810 0.11304
vt 0.04648 0.11304
vt 0.04259 0.11304
vt 0.04648 0.11304
vt 0.05810 0.11304
vt 0.07725 0.11304
vt 0.10359 0.11304
vt 0.13668 0.11304
vt 0.17595 0.11304
vt 0.22072 0.11304
vt 0.27024 0.11304
vt 0.32366 0.11304
vt 0.38006 0.11304
vt 0.43847 0.11304
vt 0.49790 0.11304
vt 0.55733 0.11304
vt 0.61574 0.11304
vt 0.67214 0.11304
vt 0.72556 0.11304
vt 0.77508 0.11304
vt 0.81985 0.11304
vt 0.85912 0.11304
vt 0.89221 0.11304
vt 0.91855 0.11304
vt 0.93770 0.11304
vt 0.94932 0.11304
vt 0.95321 0.11304
vt 0.95321 0.11739
vt 0.94932 0.11739
vt 0.93770 0.11739
vt 0.91855 0.11739
vt 0.89221 0.11739
vt 0.85912 0.11739
vt 0.81985 0.11739
vt 0.77508 0.11739
vt 0.72556 0.11739
vt 0.67214 0.11739
vt 0.61574 0.11739
vt 0.55733 0.11739
vt 0.49790 0.11739
vt 0.43847 0.11739
vt 0.38006 0.11739
vt 0.32366 0.11739
vt 0.27024 0.11739
vt 0.22072 0.11739
vt 0.17595 0.11739
vt 0.13668 0.11739
vt 0.10359 0.11739
vt 0.07725 0.11739
vt 0.05810 0.11739
vt 0.04648 0.11739
vt 0.04259 0.11739
vt 0.04648 0.11739
vt 0.05810 0.11739
vt 0.07725 0.11739
vt 0.10359 0.11739
vt 0.13668 0.11739
vt 0.17595 0.11739
vt 0.22072 0.11739
vt 0.27024 0.11739
vt 0.32366 0.11739
vt 0.38006 0.11739
vt 0.43847 0.11739
vt 0.49790 0.11739
vt 0.55733 0.11739
vt 0.61574 0.11739
vt 0.67214 0.11739
vt 0.72556 0.11739
vt 0.77508 0.11739
vt 0.81985 0.11739
vt 0.85912 0.11739
vt 0.89221 0.11739
vt 0.91855 0.11739
vt 0.93770 0.11739
vt 0.94932 0.11739
vt 0.95321 0.11739
vt 0.95321 0.12174
vt 0.94932 0.12174
vt 0.93770 0.12174
vt 0.91855 0.12174
vt 0.89221 0.12174
vt 0.85912 0.12174
vt 0.81985 0.12174
vt 0.77508 0.12174
vt 0.72556 0.12174
vt 0.67214 0.12174
vt 0.61574 0.12174
vt 0.55733 0.12174
vt 0.49790 0.12174
vt 0.43847 0.12174
vt 0.38006 0.12174
vt 0.32366 0.12174
vt 0.27024 0.12174
vt 0.22072 0.12174
vt 0.17595 0.12174
vt 0.13668 0.12174
vt 0.10359 0.12174
vt 0.07725 0.12174
vt 0.05810 0.12174
vt 0.04648 0.12174
vt 0.04259 0.12174
vt 0.04648 0.12174
vt 0.05810 0.12174
vt 0.07725 0.12174
vt 0.10359 0.12174
vt 0.13668 0.12174
vt 0.17595 0.12174
vt 0.22072 0.12174
vt 0.27024 0.12174
vt 0.32366 0.12174
vt 0.38006 0.12174
vt 0.43847 0.12174
vt 0.49790 0.12174
vt 0.55733 0.12174
vt 0.61574 0.12174
vt 0.67214 0.12174
vt 0.72556 0.12174
vt 0.77508 0.12174
vt 0.81985 0.12174
vt 0.85912 0.12174
vt 0.89221 0.12174
vt 0.91855 0.12174
vt 0.93770 0.12174
vt 0.94932 0.12174
vt 0.95321 0.12174
vt 0.94954 0.12609
vt 0.94568 0.12609
vt 0.93415 0.12609
vt 0.91516 0.12609
vt 0.88903 0.12609
vt 0.85621 0.12609
vt 0.81726 0.12609
vt 0.77284 0.12609
vt 0.72372 0.12609
vt 0.67074 0.12609
vt 0.61479 0.12609
vt 0.55685 0.12609
vt 0.49790 0.12609
vt 0.43895 0.12609
vt 0.38101 0.12609
vt 0.32507 0.12609
vt 0.27208 0.12609
vt 0.22296 0.12609
vt 0.17854 0.12609
vt 0.13959 0.12609
vt 0.10677 0.12609
vt 0.08064 0.12609
vt 0.06165 0.12609
vt 0.05012 0.12609
vt 0.04626 0.12609
vt 0.05012 0.12609
vt 0.06165 0.12609
vt 0.08064 0.12609
vt 0.10677 0.12609
vt 0.13959 0.12609
vt 0.17854 0.12609
vt 0.22296 0.12609
vt 0.27208 0.12609
vt 0.32507 0.12609
vt 0.38101 0.12609
vt 0.43895 0.12609
vt 0.49790 0.12609
vt 0.55685 0.12609
vt 0.61479 0.12609
vt 0.67074 0.12609
vt 0.72372 0.12609
vt 0.77284 0.12609
vt 0.81726 0.12609
vt 0.85621 0.12609
vt 0.88903 0.12609
vt 0.91516 0.12609
vt 0.93415 0.12609
vt 0.94568 0.12609
vt 0.94954 0.12609
vt 0.94403 0.13043
vt 0.94022 0.13043
vt 0.92883 0.13043
vt 0.91007 0.13043
vt 0.88426 0.13043
vt 0.85184 0.13043
vt 0.81336 0.13043
vt 0.76949 0.13043
vt 0.72097 0.13043
vt 0.66863 0.13043
vt 0.61337 0.13043
vt 0.55613 0.13043
vt 0.49790 0.13043
vt 0.43967 0.13043
vt 0.38243 0.13043
vt 0.32717 0.13043
vt 0.27483 0.13043
vt 0.22631 0.13043
vt 0.18244 0.13043
vt 0.14396 0.13043
vt 0.11154 0.13043
vt 0.08573 0.13043
vt 0.06697 0.13043
vt 0.05558 0.13043
vt 0.05177 0.13043
vt 0.05558 0.13043
vt 0.06697 0.13043
vt 0.08573 0.13043
vt 0.11154 0.13043
vt 0.14396 0.13043
vt 0.18244 0.13043
vt 0.22631 0.13043
vt 0.27483 0.13043
vt 0.32717 0.13043
vt 0.38243 0.13043
vt 0.43967 0.13043
vt 0.49790 0.13043
vt 0.55613 0.13043
vt 0.61337 0.13043
vt 0.66863 0.13043
vt 0.72097 0.13043
vt 0.76949 0.13043
vt 0.81336 0.13043
vt 0.85184 0.13043
vt 0.88426 0.13043
vt 0.91007 0.13043
vt 0.92883 0.13043
vt 0.94022 0.13043
vt 0.94403 0.13043
vt 0.93669 0.13478
vt 0.93294 0.13478
vt 0.92174 0.13478
vt 0.90329 0.13478
vt 0.87790 0.13478
vt 0.84602 0.13478
vt 0.80817 0.13478
vt 0.76502 0.13478
vt 0.71729 0.13478
vt 0.66582 0.13478
vt 0.61147 0.13478
vt 0.55517 0.13478
vt 0.49790 0.13478
vt 0.44063 0.13478
vt 0.38433 0.13478
vt 0.32998 0.13478
vt 0.27851 0.13478
vt 0.23078 0.13478
vt 0.18763 0.13478
vt 0.14979 0.13478
vt 0.11790 0.13478
vt 0.09251 0.13478
vt 0.07406 0.13478
vt 0.06287 0.13478
vt 0.05911 0.13478
vt 0.06287 0.13478
vt 0.07406 0.13478
vt 0.09251 0.13478
vt 0.11790 0.13478
vt 0.14979 0.13478
vt 0.18763 0.13478
vt 0.23078 0.13478
vt 0.27851 0.13478
vt 0.32998 0.13478
vt 0.38433 0.13478
vt 0.44063 0.13478
vt 0.49790 0.13478
vt 0.55517 0.13478
vt 0.61147 0.13478
vt 0.66582 0.13478
vt 0.71729 0.13478
vt 0.76502 0.13478
vt 0.80817 0.13478
vt 0.84602 0.13478
vt 0.87790 0.13478
vt 0.90329 0.13478
vt 0.92174 0.13478
vt 0.93294 0.13478
vt 0.93669 0.13478
vt 0.92751 0.13913
vt 0.92383 0.13913
vt 0.91287 0.13913
vt 0.89481 0.13913
vt 0.86995 0.13913
vt 0.83873 0.13913
vt 0.80168 0.13913
vt 0.75943 0.13913
vt 0.71271 0.13913
vt 0.66230 0.13913
vt 0.60909 0.13913
vt 0.55398 0.13913
vt 0.49790 0.13913
vt 0.44183 0.13913
vt 0.38671 0.13913
vt 0.33350 0.13913
vt 0.28310 0.13913
vt 0.23637 0.13913
vt 0.19412 0.13913
vt 0.15707 0.13913
vt 0.12585 0.13913
vt 0.10099 0.13913
vt 0.08293 0.13913
vt 0.07197 0.13913
vt 0.06829 0.13913
vt 0.07197 0.13913
vt 0.08293 0.13913
vt 0.10099 0.13913
vt 0.12585 0.13913
vt 0.15707 0.13913
vt 0.19412 0.13913
vt 0.23637 0.13913
vt 0.28310 0.13913
vt 0.33350 0.13913
vt 0.38671 0.13913
vt 0.44183 0.13913
vt 0.49790 0.13913
vt 0.55398 0.13913
vt 0.60909 0.13913
vt 0.66230 0.13913
vt 0.71271 0.13913
vt 0.75943 0.13913
vt 0.80168 0.13913
vt 0.83873 0.13913
vt 0.86995 0.13913
vt 0.89481 0.13913
vt 0.91287 0.13913
vt 0.92383 0.13913
vt 0.92751 0.13913
vt 0.91466 0.14348
vt 0.91109 0.14348
vt 0.90046 0.14348
vt 0.88293 0.14348
vt 0.85882 0.14348
vt 0.82854 0.14348
vt 0.79259 0.14348
vt 0.75161 0.14348
vt 0.70628 0.14348
vt 0.65739 0.14348
vt 0.60577 0.14348
vt 0.55230 0.14348
vt 0.49790 0.14348
vt 0.44350 0.14348
vt 0.39004 0.14348
vt 0.33841 0.14348
vt 0.28952 0.14348
vt 0.24419 0.14348
vt 0.20321 0.14348
vt 0.16726 0.14348
vt 0.13698 0.14348
vt 0.11287 0.14348
vt 0.09534 0.14348
vt 0.08471 0.14348
vt 0.08114 0.14348
vt 0.08471 0.14348
vt 0.09534 0.14348
vt 0.11287 0.14348
vt 0.13698 0.14348
vt 0.16726 0.14348
vt 0.20321 0.14348
vt 0.24419 0.14348
vt 0.28952 0.14348
vt 0.33841 0.14348
vt 0.39004 0.14348
vt 0.44350 0.14348
vt 0.49790 0.14348
vt 0.55230 0.14348
vt 0.60577 0.14348
vt 0.65739 0.14348
vt 0.70628 0.14348
vt 0.75161 0.14348
vt 0.79259 0.14348
vt 0.82854 0.14348
vt 0.85882 0.14348
vt 0.88293 0.14348
vt 0.90046 0.14348
vt 0.91109 0.14348
vt 0.91466 0.14348
vt 0.90181 0.14783
vt 0.89835 0.14783
vt 0.88804 0.14783
vt 0.87106 0.14783
vt 0.84769 0.14783
vt 0.81834 0.14783
vt 0.78351 0.14783
vt 0.74378 0.14783
vt 0.69985 0.14783
vt 0.65247 0.14783
vt 0.60244 0.14783
vt 0.55062 0.14783
vt 0.49790 0.14783
vt 0.44518 0.14783
vt 0.39336 0.14783
vt 0.34333 0.14783
vt 0.29595 0.14783
vt 0.25202 0.14783
vt 0.21230 0.14783
vt 0.17746 0.14783
vt 0.14811 0.14783
vt 0.12474 0.14783
vt 0.10776 0.14783
vt 0.09745 0.14783
vt 0.09399 0.14783
vt 0.09745 0.14783
vt 0.10776 0.14783
vt 0.12474 0.14783
vt 0.14811 0.14783
vt 0.17746 0.14783
vt 0.21230 0.14783
vt 0.25202 0.14783
vt 0.29595 0.14783
vt 0.34333 0.14783
vt 0.39336 0.14783
vt 0.44518 0.14783
vt 0.49790 0.14783
vt 0.55062 0.14783
vt 0.60244 0.14783
vt 0.65247 0.14783
vt 0.69985 0.14783
vt 0.74378 0.14783
vt 0.78351 0.14783
vt 0.81834 0.14783
vt 0.84769 0.14783
vt 0.87106 0.14783
vt 0.88804 0.14783
vt 0.89835 0.14783
vt 0.90181 0.14783
vt 0.88345 0.15217
vt 0.88015 0.15217
vt 0.87031 0.15217
vt 0.85410 0.15217
vt 0.83179 0.15217
vt 0.80378 0.15217
vt 0.77052 0.15217
vt 0.73261 0.15217
vt 0.69067 0.15217
vt 0.64544 0.15217
vt 0.59769 0.15217
vt 0.54822 0.15217
vt 0.49790 0.15217
vt 0.44758 0.15217
vt 0.39811 0.15217
vt 0.35036 0.15217
vt 0.30513 0.15217
vt 0.26319 0.15217
vt 0.22528 0.15217
vt 0.19203 0.15217
vt 0.16401 0.15217
vt 0.14170 0.15217
vt 0.12549 0.15217
vt 0.11565 0.15217
vt 0.11235 0.15217
vt 0.11565 0.15217
vt 0.12549 0.15217
vt 0.14170 0.15217
vt 0.16401 0.15217
vt 0.19203 0.15217
vt 0.22528 0.15217
vt 0.26319 0.15217
vt 0.30513 0.15217
vt 0.35036 0.15217
vt 0.39811 0.15217
vt 0.44758 0.15217
vt 0.49790 0.15217
vt 0.54822 0.15217
vt 0.59769 0.15217
vt 0.64544 0.15217
vt 0.69067 0.15217
vt 0.73261 0.15217
vt 0.77052 0.15217
vt 0.80378 0.15217
vt 0.83179 0.15217
vt 0.85410 0.15217
vt 0.87031 0.15217
vt 0.88015 0.15217
vt 0.88345 0.15217
vt 0.86325 0.15652
vt 0.86013 0.15652
vt 0.85080 0.15652
vt 0.83544 0.15652
vt 0.81430 0.15652
vt 0.78775 0.15652
vt 0.75624 0.15652
vt 0.72031 0.15652
vt 0.68058 0.15652
vt 0.63771 0.15652
vt 0.59246 0.15652
vt 0.54559 0.15652
vt 0.49790 0.15652
vt 0.45021 0.15652
vt 0.40334 0.15652
vt 0.35809 0.15652
vt 0.31522 0.15652
vt 0.27549 0.15652
vt 0.23956 0.15652
vt 0.20805 0.15652
vt 0.18150 0.15652
vt 0.16036 0.15652
vt 0.14500 0.15652
vt 0.13567 0.15652
vt 0.13255 0.15652
vt 0.13567 0.15652
vt 0.14500 0.15652
vt 0.16036 0.15652
vt 0.18150 0.15652
vt 0.20805 0.15652
vt 0.23956 0.15652
vt 0.27549 0.15652
vt 0.31522 0.15652
vt 0.35809 0.15652
vt 0.40334 0.15652
vt 0.45021 0.15652
vt 0.49790 0.15652
vt 0.54559 0.15652
vt 0.59246 0.15652
vt 0.63771 0.15652
vt 0.68058 0.15652
vt 0.72031 0.15652
vt 0.75624 0.15652
vt 0.78775 0.15652
vt 0.81430 0.15652
vt 0.83544 0.15652
vt 0.85080 0.15652
vt 0.86013 0.15652
vt 0.86325 0.15652
vt 0.83938 0.16087
vt 0.83646 0.16087
vt 0.82775 0.16087
vt 0.81339 0.16087
vt 0.79363 0.16087
vt 0.76882 0.16087
vt 0.73937 0.16087
vt 0.70578 0.16087
vt 0.66864 0.16087
vt 0.62858 0.16087
vt 0.58628 0.16087
vt 0.54247 0.16087
vt 0.49790 0.16087
vt 0.45333 0.16087
vt 0.40952 0.16087
vt 0.36722 0.16087
vt 0.32716 0.16087
vt 0.29002 0.16087
vt 0.25643 0.16087
vt 0.22698 0.16087
vt 0.20217 0.16087
vt 0.18241 0.16087
vt 0.16805 0.16087
vt 0.15934 0.16087
vt 0.15642 0.16087
vt 0.15934 0.16087
vt 0.16805 0.16087
vt 0.18241 0.16087
vt 0.20217 0.16087
vt 0.22698 0.16087
vt 0.25643 0.16087
vt 0.29002 0.16087
vt 0.32716 0.16087
vt 0.36722 0.16087
vt 0.40952 0.16087
vt 0.45333 0.16087
vt 0.49790 0.16087
vt 0.54247 0.16087
vt 0.58628 0.16087
vt 0.62858 0.16087
vt 0.66864 0.16087
vt 0.70578 0.16087
vt 0.73937 0.16087
vt 0.76882 0.16087
vt 0.79363 0.16087
vt 0.81339 0.16087
vt 0.82775 0.16087
vt 0.83646 0.16087
vt 0.83938 0.16087
vt 0.82103 0.16522
vt 0.81826 0.16522
vt 0.81002 0.16522
vt 0.79643 0.16522
vt 0.77773 0.16522
vt 0.75425 0.16522
vt 0.72638 0.16522
vt 0.69461 0.16522
vt 0.65946 0.16522
vt 0.62155 0.16522
vt 0.58153 0.16522
vt 0.54008 0.16522
vt 0.49790 0.16522
vt 0.45572 0.16522
vt 0.41427 0.16522
vt 0.37425 0.16522
vt 0.33634 0.16522
vt 0.30119 0.16522
vt 0.26942 0.16522
vt 0.24155 0.16522
vt 0.21807 0.16522
vt 0.19937 0.16522
vt 0.18579 0.16522
vt 0.17754 0.16522
vt 0.17478 0.16522
vt 0.17754 0.16522
vt 0.18579 0.16522
vt 0.19937 0.16522
vt 0.21807 0.16522
vt 0.24155 0.16522
vt 0.26942 0.16522
vt 0.30119 0.16522
vt 0.33634 0.16522
vt 0.37425 0.16522
vt 0.41427 0.16522
vt 0.45572 0.16522
vt 0.49790 0.16522
vt 0.54008 0.16522
vt 0.58153 0.16522
vt 0.62155 0.16522
vt 0.65946 0.16522
vt 0.69461 0.16522
vt 0.72638 0.16522
vt 0.75425 0.16522
vt 0.77773 0.16522
vt 0.79643 0.16522
vt 0.81002 0.16522
vt 0.81826 0.16522
vt 0.82103 0.16522
vt 0.80450 0.16957
vt 0.80188 0.16957
vt 0.79405 0.16957
vt 0.78116 0.16957
vt 0.76343 0.16957
vt 0.74114 0.16957
vt 0.71470 0.16957
vt 0.68455 0.16957
vt 0.65120 0.16957
vt 0.61523 0.16957
vt 0.57725 0.16957
vt 0.53792 0.16957
vt 0.49790 0.16957
vt 0.45788 0.16957
vt 0.41855 0.16957
vt 0.38057 0.16957
vt 0.34460 0.16957
vt 0.31125 0.16957
vt 0.28110 0.16957
vt 0.25466 0.16957
vt 0.23238 0.16957
vt 0.21464 0.16957
vt 0.20175 0.16957
vt 0.19392 0.16957
vt 0.19130 0.16957
vt 0.19392 0.16957
vt 0.20175 0.16957
vt 0.21464 0.16957
vt 0.23238 0.16957
vt 0.25466 0.16957
vt 0.28110 0.16957
vt 0.31125 0.16957
vt 0.34460 0.16957
vt 0.38057 0.16957
vt 0.41855 0.16957
vt 0.45788 0.16957
vt 0.49790 0.16957
vt 0.53792 0.16957
vt 0.57725 0.16957
vt 0.61523 0.16957
vt 0.65120 0.16957
vt 0.68455 0.16957
vt 0.71470 0.16957
vt 0.74114 0.16957
vt 0.76343 0.16957
vt 0.78116 0.16957
vt 0.79405 0.16957
vt 0.80188 0.16957
vt 0.80450 0.16957
vt 0.79349 0.17391
vt 0.79096 0.17391
vt 0.78341 0.17391
vt 0.77099 0.17391
vt 0.75389 0.17391
vt 0.73240 0.17391
vt 0.70691 0.17391
vt 0.67784 0.17391
vt 0.64569 0.17391
vt 0.61102 0.17391
vt 0.57440 0.17391
vt 0.53648 0.17391
vt 0.49790 0.17391
vt 0.45932 0.17391
vt 0.42140 0.17391
vt 0.38478 0.17391
vt 0.35011 0.17391
vt 0.31796 0.17391
vt 0.28889 0.17391
vt 0.26340 0.17391
vt 0.24192 0.17391
vt 0.22481 0.17391
vt 0.21239 0.17391
vt 0.20484 0.17391
vt 0.20231 0.17391
vt 0.20484 0.17391
vt 0.21239 0.17391
vt 0.22481 0.17391
vt 0.24192 0.17391
vt 0.26340 0.17391
vt 0.28889 0.17391
vt 0.31796 0.17391
vt 0.35011 0.17391
vt 0.38478 0.17391
vt 0.42140 0.17391
vt 0.45932 0.17391
vt 0.49790 0.17391
vt 0.53648 0.17391
vt 0.57440 0.17391
vt 0.61102 0.17391
vt 0.64569 0.17391
vt 0.67784 0.17391
vt 0.70691 0.17391
vt 0.73240 0.17391
vt 0.75389 0.17391
vt 0.77099 0.17391
vt 0.78341 0.17391
vt 0.79096 0.17391
vt 0.79349 0.17391
vt 0.78614 0.17826
vt 0.78368 0.17826
vt 0.77632 0.17826
vt 0.76420 0.17826
vt 0.74753 0.17826
vt 0.72658 0.17826
vt 0.70172 0.17826
vt 0.67337 0.17826
vt 0.64202 0.17826
vt 0.60821 0.17826
vt 0.57250 0.17826
vt 0.53552 0.17826
vt 0.49790 0.17826
vt 0.46028 0.17826
vt 0.42330 0.17826
vt 0.38759 0.17826
vt 0.35378 0.17826
vt 0.32243 0.17826
vt 0.29408 0.17826
vt 0.26922 0.17826
vt 0.24828 0.17826
vt 0.23160 0.17826
vt 0.21948 0.17826
vt 0.21212 0.17826
vt 0.20966 0.17826
vt 0.21212 0.17826
vt 0.21948 0.17826
vt 0.23160 0.17826
vt 0.24828 0.17826
vt 0.26922 0.17826
vt 0.29408 0.17826
vt 0.32243 0.17826
vt 0.35378 0.17826
vt 0.38759 0.17826
vt 0.42330 0.17826
vt 0.46028 0.17826
vt 0.49790 0.17826
vt 0.53552 0.17826
vt 0.57250 0.17826
vt 0.60821 0.17826
vt 0.64202 0.17826
vt 0.67337 0.17826
vt 0.70172 0.17826
vt 0.72658 0.17826
vt 0.74753 0.17826
vt 0.76420 0.17826
vt 0.77632 0.17826
vt 0.78368 0.17826
vt 0.78614 0.17826
vt 0.78247 0.18261
vt 0.78004 0.18261
vt 0.77277 0.18261
vt 0.76081 0.18261
vt 0.74435 0.18261
vt 0.72367 0.18261
vt 0.69912 0.18261
vt 0.67114 0.18261
vt 0.64019 0.18261
vt 0.60680 0.18261
vt 0.57155 0.18261
vt 0.53504 0.18261
vt 0.49790 0.18261
vt 0.46076 0.18261
vt 0.42425 0.18261
vt 0.38900 0.18261
vt 0.35562 0.18261
vt 0.32466 0.18261
vt 0.29668 0.18261
vt 0.27214 0.18261
vt 0.25146 0.18261
vt 0.23499 0.18261
vt 0.22303 0.18261
vt 0.21576 0.18261
vt 0.21333 0.18261
vt 0.21576 0.18261
vt 0.22303 0.18261
vt 0.23499 0.18261
vt 0.25146 0.18261
vt 0.27214 0.18261
vt 0.29668 0.18261
vt 0.32466 0.18261
vt 0.35562 0.18261
vt 0.38900 0.18261
vt 0.42425 0.18261
vt 0.46076 0.18261
vt 0.49790 0.18261
vt 0.53504 0.18261
vt 0.57155 0.18261
vt 0.60680 0.18261
vt 0.64019 0.18261
vt 0.67114 0.18261
vt 0.69912 0.18261
vt 0.72367 0.18261
vt 0.74435 0.18261
vt 0.76081 0.18261
vt 0.77277 0.18261
vt 0.78004 0.18261
vt 0.78247 0.18261
vt 0.78063 0.18696
vt 0.77822 0.18696
vt 0.77100 0.18696
vt 0.75911 0.18696
vt 0.74276 0.18696
vt 0.72221 0.18696
vt 0.69782 0.18696
vt 0.67002 0.18696
vt 0.63927 0.18696
vt 0.60610 0.18696
vt 0.57108 0.18696
vt 0.53480 0.18696
vt 0.49790 0.18696
vt 0.46100 0.18696
vt 0.42472 0.18696
vt 0.38970 0.18696
vt 0.35653 0.18696
vt 0.32578 0.18696
vt 0.29798 0.18696
vt 0.27359 0.18696
vt 0.25305 0.18696
vt 0.23669 0.18696
vt 0.22480 0.18696
vt 0.21758 0.18696
vt 0.21517 0.18696
vt 0.21758 0.18696
vt 0.22480 0.18696
vt 0.23669 0.18696
vt 0.25305 0.18696
vt 0.27359 0.18696
vt 0.29798 0.18696
vt 0.32578 0.18696
vt 0.35653 0.18696
vt 0.38970 0.18696
vt 0.42472 0.18696
vt 0.46100 0.18696
vt 0.49790 0.18696
vt 0.53480 0.18696
vt 0.57108 0.18696
vt 0.60610 0.18696
vt 0.63927 0.18696
vt 0.67002 0.18696
vt 0.69782 0.18696
vt 0.72221 0.18696
vt 0.74276 0.18696
vt 0.75911 0.18696
vt 0.77100 0.18696
vt 0.77822 0.18696
vt 0.78063 0.18696
vt 0.78063 0.19130
vt 0.77822 0.19130
vt 0.77100 0.19130
vt 0.75911 0.19130
vt 0.74276 0.19130
vt 0.72221 0.19130
vt 0.69782 0.19130
vt 0.67002 0.19130
vt 0.63927 0.19130
vt 0.60610 0.19130
vt 0.57108 0.19130
vt 0.53480 0.19130
vt 0.49790 0.19130
vt 0.46100 0.19130
vt 0.42472 0.19130
vt 0.38970 0.19130
vt 0.35653 0.19130
vt 0.32578 0.19130
vt 0.29798 0.19130
vt 0.27359 0.19130
vt 0.25305 0.19130
vt 0.23669 0.19130
vt 0.22480 0.19130
vt 0.21758 0.19130
vt 0.21517 0.19130
vt 0.21758 0.19130
vt 0.22480 0.19130
vt 0.23669 0.19130
vt 0.25305 0.19130
vt 0.27359 0.19130
vt 0.29798 0.19130
vt 0.32578 0.19130
vt 0.35653 0.19130
vt 0.38970 0.19130
vt 0.42472 0.19130
vt 0.46100 0.19130
vt 0.49790 0.19130
vt 0.53480 0.19130
vt 0.57108 0.19130
vt 0.60610 0.19130
vt 0.63927 0.19130
vt 0.67002 0.19130
vt 0.69782 0.19130
vt 0.72221 0.19130
vt 0.74276 0.19130
vt 0.75911 0.19130
vt 0.77100 0.19130
vt 0.77822 0.19130
vt 0.78063 0.19130
vt 0.78798 0.19565
vt 0.78550 0.19565
vt 0.77809 0.19565
vt 0.76590 0.19565
vt 0.74912 0.19565
vt 0.72803 0.19565
vt 0.70302 0.19565
vt 0.67449 0.19565
vt 0.64294 0.19565
vt 0.60891 0.19565
vt 0.57298 0.19565
vt 0.53576 0.19565
vt 0.49790 0.19565
vt 0.46004 0.19565
vt 0.42282 0.19565
vt 0.38689 0.19565
vt 0.35286 0.19565
vt 0.32131 0.19565
vt 0.29278 0.19565
vt 0.26777 0.19565
vt 0.24669 0.19565
vt 0.22990 0.19565
vt 0.21771 0.19565
vt 0.21030 0.19565
vt 0.20782 0.19565
vt 0.21030 0.19565
vt 0.21771 0.19565
vt 0.22990 0.19565
vt 0.24669 0.19565
vt 0.26777 0.19565
vt 0.29278 0.19565
vt 0.32131 0.19565
vt 0.35286 0.19565
vt 0.38689 0.19565
vt 0.42282 0.19565
vt 0.46004 0.19565
vt 0.49790 0.19565
vt 0.53576 0.19565
vt 0.57298 0.19565
vt 0.60891 0.19565
vt 0.64294 0.19565
vt 0.67449 0.19565
vt 0.70302 0.19565
vt 0.72803 0.19565
vt 0.74912 0.19565
vt 0.76590 0.19565
vt 0.77809 0.19565
vt 0.78550 0.19565
vt 0.78798 0.19565
vt 0.79899 0.20000
vt 0.79642 0.20000
vt 0.78873 0.20000
vt 0.77607 0.20000
vt 0.75866 0.20000
vt 0.73677 0.20000
vt 0.71081 0.20000
vt 0.68119 0.20000
vt 0.64845 0.20000
vt 0.61312 0.20000
vt 0.57583 0.20000
vt 0.53720 0.20000
vt 0.49790 0.20000
vt 0.45860 0.20000
vt 0.41997 0.20000
vt 0.38268 0.20000
vt 0.34735 0.20000
vt 0.31461 0.20000
vt 0.28499 0.20000
vt 0.25903 0.20000
vt 0.23715 0.20000
vt 0.21973 0.20000
vt 0.20707 0.20000
vt 0.19938 0.20000
vt 0.19681 0.20000
vt 0.19938 0.20000
vt 0.20707 0.20000
vt 0.21973 0.20000
vt 0.23715 0.20000
vt 0.25903 0.20000
vt 0.28499 0.20000
vt 0.31461 0.20000
vt 0.34735 0.20000
vt 0.38268 0.20000
vt 0.41997 0.20000
vt 0.45860 0.20000
vt 0.49790 0.20000
vt 0.53720 0.20000
vt 0.57583 0.20000
vt 0.61312 0.20000
vt 0.64845 0.20000
vt 0.68119 0.20000
vt 0.71081 0.20000
vt 0.73677 0.20000
vt 0.75866 0.20000
vt 0.77607 0.20000
vt 0.78873 0.20000
vt 0.79642 0.20000
vt 0.79899 0.20000
vt 0.80634 0.20435
vt 0.80370 0.20435
vt 0.79583 0.20435
vt 0.78286 0.20435
vt 0.76502 0.20435
vt 0.74260 0.20435
vt 0.71600 0.20435
vt 0.68567 0.20435
vt 0.65212 0.20435
vt 0.61593 0.20435
vt 0.57773 0.20435
vt 0.53816 0.20435
vt 0.49790 0.20435
vt 0.45764 0.20435
vt 0.41807 0.20435
vt 0.37987 0.20435
vt 0.34368 0.20435
vt 0.31014 0.20435
vt 0.27980 0.20435
vt 0.25320 0.20435
vt 0.23079 0.20435
vt 0.21294 0.20435
vt 0.19997 0.20435
vt 0.19210 0.20435
vt 0.18946 0.20435
vt 0.19210 0.20435
vt 0.19997 0.20435
vt 0.21294 0.20435
vt 0.23079 0.20435
vt 0.25320 0.20435
vt 0.27980 0.20435
vt 0.31014 0.20435
vt 0.34368 0.20435
vt 0.37987 0.20435
vt 0.41807 0.20435
vt 0.45764 0.20435
vt 0.49790 0.20435
vt 0.53816 0.20435
vt 0.57773 0.20435
vt 0.61593 0.20435
vt 0.65212 0.20435
vt 0.68567 0.20435
vt 0.71600 0.20435
vt 0.74260 0.20435
vt 0.76502 0.20435
vt 0.78286 0.20435
vt 0.79583 0.20435
vt 0.80370 0.20435
vt 0.80634 0.20435
vt 0.81735 0.20870
vt 0.81462 0.20870
vt 0.80647 0.20870
vt 0.79304 0.20870
vt 0.77455 0.20870
vt 0.75134 0.20870
vt 0.72379 0.20870
vt 0.69237 0.20870
vt 0.65763 0.20870
vt 0.62015 0.20870
vt 0.58058 0.20870
vt 0.53960 0.20870
vt 0.49790 0.20870
vt 0.45620 0.20870
vt 0.41522 0.20870
vt 0.37565 0.20870
vt 0.33817 0.20870
vt 0.30343 0.20870
vt 0.27201 0.20870
vt 0.24446 0.20870
vt 0.22125 0.20870
vt 0.20276 0.20870
vt 0.18933 0.20870
vt 0.18118 0.20870
vt 0.17845 0.20870
vt 0.18118 0.20870
vt 0.18933 0.20870
vt 0.20276 0.20870
vt 0.22125 0.20870
vt 0.24446 0.20870
vt 0.27201 0.20870
vt 0.30343 0.20870
vt 0.33817 0.20870
vt 0.37565 0.20870
vt 0.41522 0.20870
vt 0.45620 0.20870
vt 0.49790 0.20870
vt 0.53960 0.20870
vt 0.58058 0.20870
vt 0.62015 0.20870
vt 0.65763 0.20870
vt 0.69237 0.20870
vt 0.72379 0.20870
vt 0.75134 0.20870
vt 0.77455 0.20870
vt 0.79304 0.20870
vt 0.80647 0.20870
vt 0.81462 0.20870
vt 0.81735 0.20870
vt 0.82653 0.21304
vt 0.82372 0.21304
vt 0.81534 0.21304
vt 0.80152 0.21304
vt 0.78250 0.21304
vt 0.75862 0.21304
vt 0.73028 0.21304
vt 0.69796 0.21304
vt 0.66222 0.21304
vt 0.62366 0.21304
vt 0.58296 0.21304
vt 0.54080 0.21304
vt 0.49790 0.21304
vt 0.45501 0.21304
vt 0.41284 0.21304
vt 0.37214 0.21304
vt 0.33358 0.21304
vt 0.29784 0.21304
vt 0.26552 0.21304
vt 0.23718 0.21304
vt 0.21330 0.21304
vt 0.19428 0.21304
vt 0.18047 0.21304
vt 0.17208 0.21304
vt 0.16927 0.21304
vt 0.17208 0.21304
vt 0.18047 0.21304
vt 0.19428 0.21304
vt 0.21330 0.21304
vt 0.23718 0.21304
vt 0.26552 0.21304
vt 0.29784 0.21304
vt 0.33358 0.21304
vt 0.37214 0.21304
vt 0.41284 0.21304
vt 0.45501 0.21304
vt 0.49790 0.21304
vt 0.54080 0.21304
vt 0.58296 0.21304
vt 0.62366 0.21304
vt 0.66222 0.21304
vt 0.69796 0.21304
vt 0.73028 0.21304
vt 0.75862 0.21304
vt 0.78250 0.21304
vt 0.80152 0.21304
vt 0.81534 0.21304
vt 0.82372 0.21304
vt 0.82653 0.21304
vt 0.83204 0.21739
vt 0.82918 0.21739
vt 0.82066 0.21739
vt 0.80661 0.21739
vt 0.78727 0.21739
vt 0.76299 0.21739
vt 0.73417 0.21739
vt 0.70131 0.21739
vt 0.66497 0.21739
vt 0.62577 0.21739
vt 0.58438 0.21739
vt 0.54151 0.21739
vt 0.49790 0.21739
vt 0.45429 0.21739
vt 0.41142 0.21739
vt 0.37003 0.21739
vt 0.33083 0.21739
vt 0.29449 0.21739
vt 0.26163 0.21739
vt 0.23281 0.21739
vt 0.20853 0.21739
vt 0.18919 0.21739
vt 0.17515 0.21739
vt 0.16662 0.21739
vt 0.16376 0.21739
vt 0.16662 0.21739
vt 0.17515 0.21739
vt 0.18919 0.21739
vt 0.20853 0.21739
vt 0.23281 0.21739
vt 0.26163 0.21739
vt 0.29449 0.21739
vt 0.33083 0.21739
vt 0.37003 0.21739
vt 0.41142 0.21739
vt 0.45429 0.21739
vt 0.49790 0.21739
vt 0.54151 0.21739
vt 0.58438 0.21739
vt 0.62577 0.21739
vt 0.66497 0.21739
vt 0.70131 0.21739
vt 0.73417 0.21739
vt 0.76299 0.21739
vt 0.78727 0.21739
vt 0.80661 0.21739
vt 0.82066 0.21739
vt 0.82918 0.21739
vt 0.83204 0.21739
vt 0.83204 0.22174
vt 0.82918 0.22174
vt 0.82066 0.22174
vt 0.80661 0.22174
vt 0.78727 0.22174
vt 0.76299 0.22174
vt 0.73417 0.22174
vt 0.70131 0.22174
vt 0.66497 0.22174
vt 0.62577 0.22174
vt 0.58438 0.22174
vt 0.54151 0.22174
vt 0.49790 0.22174
vt 0.45429 0.22174
vt 0.41142 0.22174
vt 0.37003 0.22174
vt 0.33083 0.22174
vt 0.29449 0.22174
vt 0.26163 0.22174
vt 0.23281 0.22174
vt 0.20853 0.22174
vt 0.18919 0.22174
vt 0.17515 0.22174
vt 0.16662 0.22174
vt 0.16376 0.22174
vt 0.16662 0.22174
vt 0.17515 0.22174
vt 0.18919 0.22174
vt 0.20853 0.22174
vt 0.23281 0.22174
vt 0.26163 0.22174
vt 0.29449 0.22174
vt 0.33083 0.22174
vt 0.37003 0.22174
vt 0.41142 0.22174
vt 0.45429 0.22174
vt 0.49790 0.22174
vt 0.54151 0.22174
vt 0.58438 0.22174
vt 0.62577 0.22174
vt 0.66497 0.22174
vt 0.70131 0.22174
vt 0.73417 0.22174
vt 0.76299 0.22174
vt 0.78727 0.22174
vt 0.80661 0.22174
vt 0.82066 0.22174
vt 0.82918 0.22174
vt 0.83204 0.22174
vt 0.83021 0.22609
vt 0.82736 0.22609
vt 0.81888 0.22609
vt 0.80491 0.22609
vt 0.78568 0.22609
vt 0.76154 0.22609
vt 0.73288 0.22609
vt 0.70019 0.22609
vt 0.66405 0.22609
vt 0.62507 0.22609
vt 0.58391 0.22609
vt 0.54127 0.22609
vt 0.49790 0.22609
vt 0.45453 0.22609
vt 0.41189 0.22609
vt 0.37073 0.22609
vt 0.33175 0.22609
vt 0.29561 0.22609
vt 0.26293 0.22609
vt 0.23427 0.22609
vt 0.21012 0.22609
vt 0.19089 0.22609
vt 0.17692 0.22609
vt 0.16844 0.22609
vt 0.16560 0.22609
vt 0.16844 0.22609
vt 0.17692 0.22609
vt 0.19089 0.22609
vt 0.21012 0.22609
vt 0.23427 0.22609
vt 0.26293 0.22609
vt 0.29561 0.22609
vt 0.33175 0.22609
vt 0.37073 0.22609
vt 0.41189 0.22609
vt 0.45453 0.22609
vt 0.49790 0.22609
vt 0.54127 0.22609
vt 0.58391 0.22609
vt 0.62507 0.22609
vt 0.66405 0.22609
vt 0.70019 0.22609
vt 0.73288 0.22609
vt 0.76154 0.22609
vt 0.78568 0.22609
vt 0.80491 0.22609
vt 0.81888 0.22609
vt 0.82736 0.22609
vt 0.83021 0.22609
vt 0.82286 0.23043
vt 0.82008 0.23043
vt 0.81179 0.23043
vt 0.79813 0.23043
vt 0.77932 0.23043
vt 0.75571 0.23043
vt 0.72768 0.23043
vt 0.69572 0.23043
vt 0.66038 0.23043
vt 0.62226 0.23043
vt 0.58201 0.23043
vt 0.54032 0.23043
vt 0.49790 0.23043
vt 0.45548 0.23043
vt 0.41379 0.23043
vt 0.37354 0.23043
vt 0.33542 0.23043
vt 0.30008 0.23043
vt 0.26812 0.23043
vt 0.24009 0.23043
vt 0.21648 0.23043
vt 0.19768 0.23043
vt 0.18401 0.23043
vt 0.17572 0.23043
vt 0.17294 0.23043
vt 0.17572 0.23043
vt 0.18401 0.23043
vt 0.19768 0.23043
vt 0.21648 0.23043
vt 0.24009 0.23043
vt 0.26812 0.23043
vt 0.30008 0.23043
vt 0.33542 0.23043
vt 0.37354 0.23043
vt 0.41379 0.23043
vt 0.45548 0.23043
vt 0.49790 0.23043
vt 0.54032 0.23043
vt 0.58201 0.23043
vt 0.62226 0.23043
vt 0.66038 0.23043
vt 0.69572 0.23043
vt 0.72768 0.23043
vt 0.75571 0.23043
vt 0.77932 0.23043
vt 0.79813 0.23043
vt 0.81179 0.23043
vt 0.82008 0.23043
vt 0.82286 0.23043
vt 0.81368 0.23478
vt 0.81098 0.23478
vt 0.80292 0.23478
vt 0.78964 0.23478
vt 0.77137 0.23478
vt 0.74843 0.23478
vt 0.72119 0.23478
vt 0.69014 0.23478
vt 0.65579 0.23478
vt 0.61874 0.23478
vt 0.57963 0.23478
vt 0.53912 0.23478
vt 0.49790 0.23478
vt 0.45668 0.23478
vt 0.41617 0.23478
vt 0.37706 0.23478
vt 0.34001 0.23478
vt 0.30566 0.23478
vt 0.27461 0.23478
vt 0.24737 0.23478
vt 0.22443 0.23478
vt 0.20616 0.23478
vt 0.19288 0.23478
vt 0.18482 0.23478
vt 0.18212 0.23478
vt 0.18482 0.23478
vt 0.19288 0.23478
vt 0.20616 0.23478
vt 0.22443 0.23478
vt 0.24737 0.23478
vt 0.27461 0.23478
vt 0.30566 0.23478
vt 0.34001 0.23478
vt 0.37706 0.23478
vt 0.41617 0.23478
vt 0.45668 0.23478
vt 0.49790 0.23478
vt 0.53912 0.23478
vt 0.57963 0.23478
vt 0.61874 0.23478
vt 0.65579 0.23478
vt 0.69014 0.23478
vt 0.72119 0.23478
vt 0.74843 0.23478
vt 0.77137 0.23478
vt 0.78964 0.23478
vt 0.80292 0.23478
vt 0.81098 0.23478
vt 0.81368 0.23478
vt 0.80083 0.23913
vt 0.79824 0.23913
vt 0.79051 0.23913
vt 0.77777 0.23913
vt 0.76025 0.23913
vt 0.73823 0.23913
vt 0.71210 0.23913
vt 0.68231 0.23913
vt 0.64937 0.23913
vt 0.61383 0.23913
vt 0.57630 0.23913
vt 0.53744 0.23913
vt 0.49790 0.23913
vt 0.45836 0.23913
vt 0.41950 0.23913
vt 0.38197 0.23913
vt 0.34644 0.23913
vt 0.31349 0.23913
vt 0.28370 0.23913
vt 0.25757 0.23913
vt 0.23556 0.23913
vt 0.21803 0.23913
vt 0.20529 0.23913
vt 0.19756 0.23913
vt 0.19497 0.23913
vt 0.19756 0.23913
vt 0.20529 0.23913
vt 0.21803 0.23913
vt 0.23556 0.23913
vt 0.25757 0.23913
vt 0.28370 0.23913
vt 0.31349 0.23913
vt 0.34644 0.23913
vt 0.38197 0.23913
vt 0.41950 0.23913
vt 0.45836 0.23913
vt 0.49790 0.23913
vt 0.53744 0.23913
vt 0.57630 0.23913
vt 0.61383 0.23913
vt 0.64937 0.23913
vt 0.68231 0.23913
vt 0.71210 0.23913
vt 0.73823 0.23913
vt 0.76025 0.23913
vt 0.77777 0.23913
vt 0.79051 0.23913
vt 0.79824 0.23913
vt 0.80083 0.23913
vt 0.77513 0.24348
vt 0.77276 0.24348
vt 0.76568 0.24348
vt 0.75402 0.24348
vt 0.73799 0.24348
vt 0.71784 0.24348
vt 0.69393 0.24348
vt 0.66667 0.24348
vt 0.63651 0.24348
vt 0.60399 0.24348
vt 0.56965 0.24348
vt 0.53409 0.24348
vt 0.49790 0.24348
vt 0.46172 0.24348
vt 0.42615 0.24348
vt 0.39181 0.24348
vt 0.35929 0.24348
vt 0.32914 0.24348
vt 0.30187 0.24348
vt 0.27796 0.24348
vt 0.25782 0.24348
vt 0.24178 0.24348
vt 0.23012 0.24348
vt 0.22305 0.24348
vt 0.22067 0.24348
vt 0.22305 0.24348
vt 0.23012 0.24348
vt 0.24178 0.24348
vt 0.25782 0.24348
vt 0.27796 0.24348
vt 0.30187 0.24348
vt 0.32914 0.24348
vt 0.35929 0.24348
vt 0.39181 0.24348
vt 0.42615 0.24348
vt 0.46172 0.24348
vt 0.49790 0.24348
vt 0.53409 0.24348
vt 0.56965 0.24348
vt 0.60399 0.24348
vt 0.63651 0.24348
vt 0.66667 0.24348
vt 0.69393 0.24348
vt 0.71784 0.24348
vt 0.73799 0.24348
vt 0.75402 0.24348
vt 0.76568 0.24348
vt 0.77276 0.24348
vt 0.77513 0.24348
vt 0.76228 0.24783
vt 0.76001 0.24783
vt 0.75327 0.24783
vt 0.74215 0.24783
vt 0.72686 0.24783
vt 0.70764 0.24783
vt 0.68484 0.24783
vt 0.65884 0.24783
vt 0.63009 0.24783
vt 0.59907 0.24783
vt 0.56633 0.24783
vt 0.53241 0.24783
vt 0.49790 0.24783
vt 0.46339 0.24783
vt 0.42948 0.24783
vt 0.39673 0.24783
vt 0.36571 0.24783
vt 0.33696 0.24783
vt 0.31096 0.24783
vt 0.28816 0.24783
vt 0.26894 0.24783
vt 0.25365 0.24783
vt 0.24253 0.24783
vt 0.23579 0.24783
vt 0.23353 0.24783
vt 0.23579 0.24783
vt 0.24253 0.24783
vt 0.25365 0.24783
vt 0.26894 0.24783
vt 0.28816 0.24783
vt 0.31096 0.24783
vt 0.33696 0.24783
vt 0.36571 0.24783
vt 0.39673 0.24783
vt 0.42948 0.24783
vt 0.46339 0.24783
vt 0.49790 0.24783
vt 0.53241 0.24783
vt 0.56633 0.24783
vt 0.59907 0.24783
vt 0.63009 0.24783
vt 0.65884 0.24783
vt 0.68484 0.24783
vt 0.70764 0.24783
vt 0.72686 0.24783
vt 0.74215 0.24783
vt 0.75327 0.24783
vt 0.76001 0.24783
vt 0.76228 0.24783
vt 0.75860 0.25217
vt 0.75637 0.25217
vt 0.74972 0.25217
vt 0.73876 0.25217
vt 0.72368 0.25217
vt 0.70473 0.25217
vt 0.68225 0.25217
vt 0.65661 0.25217
vt 0.62825 0.25217
vt 0.59767 0.25217
vt 0.56538 0.25217
vt 0.53193 0.25217
vt 0.49790 0.25217
vt 0.46387 0.25217
vt 0.43043 0.25217
vt 0.39813 0.25217
vt 0.36755 0.25217
vt 0.33919 0.25217
vt 0.31356 0.25217
vt 0.29107 0.25217
vt 0.27212 0.25217
vt 0.25704 0.25217
vt 0.24608 0.25217
vt 0.23943 0.25217
vt 0.23720 0.25217
vt 0.23943 0.25217
vt 0.24608 0.25217
vt 0.25704 0.25217
vt 0.27212 0.25217
vt 0.29107 0.25217
vt 0.31356 0.25217
vt 0.33919 0.25217
vt 0.36755 0.25217
vt 0.39813 0.25217
vt 0.43043 0.25217
vt 0.46387 0.25217
vt 0.49790 0.25217
vt 0.53193 0.25217
vt 0.56538 0.25217
vt 0.59767 0.25217
vt 0.62825 0.25217
vt 0.65661 0.25217
vt 0.68225 0.25217
vt 0.70473 0.25217
vt 0.72368 0.25217
vt 0.73876 0.25217
vt 0.74972 0.25217
vt 0.75637 0.25217
vt 0.75860 0.25217
vt 0.75493 0.25652
vt 0.75273 0.25652
vt 0.74617 0.25652
vt 0.73537 0.25652
vt 0.72050 0.25652
vt 0.70182 0.25652
vt 0.67965 0.25652
vt 0.65437 0.25652
vt 0.62642 0.25652
vt 0.59626 0.25652
vt 0.56442 0.25652
vt 0.53145 0.25652
vt 0.49790 0.25652
vt 0.46435 0.25652
vt 0.43138 0.25652
vt 0.39954 0.25652
vt 0.36938 0.25652
vt 0.34143 0.25652
vt 0.31615 0.25652
vt 0.29398 0.25652
vt 0.27530 0.25652
vt 0.26043 0.25652
vt 0.24963 0.25652
vt 0.24307 0.25652
vt 0.24087 0.25652
vt 0.24307 0.25652
vt 0.24963 0.25652
vt 0.26043 0.25652
vt 0.27530 0.25652
vt 0.29398 0.25652
vt 0.31615 0.25652
vt 0.34143 0.25652
vt 0.36938 0.25652
vt 0.39954 0.25652
vt 0.43138 0.25652
vt 0.46435 0.25652
vt 0.49790 0.25652
vt 0.53145 0.25652
vt 0.56442 0.25652
vt 0.59626 0.25652
vt 0.62642 0.25652
vt 0.65437 0.25652
vt 0.67965 0.25652
vt 0.70182 0.25652
vt 0.72050 0.25652
vt 0.73537 0.25652
vt 0.74617 0.25652
vt 0.75273 0.25652
vt 0.75493 0.25652
vt 0.74942 0.26087
vt 0.74727 0.26087
vt 0.74085 0.26087
vt 0.73028 0.26087
vt 0.71573 0.26087
vt 0.69745 0.26087
vt 0.67575 0.26087
vt 0.65102 0.26087
vt 0.62366 0.26087
vt 0.59415 0.26087
vt 0.56300 0.26087
vt 0.53073 0.26087
vt 0.49790 0.26087
vt 0.46507 0.26087
vt 0.43280 0.26087
vt 0.40165 0.26087
vt 0.37214 0.26087
vt 0.34478 0.26087
vt 0.32005 0.26087
vt 0.29835 0.26087
vt 0.28007 0.26087
vt 0.26552 0.26087
vt 0.25495 0.26087
vt 0.24853 0.26087
vt 0.24638 0.26087
vt 0.24853 0.26087
vt 0.25495 0.26087
vt 0.26552 0.26087
vt 0.28007 0.26087
vt 0.29835 0.26087
vt 0.32005 0.26087
vt 0.34478 0.26087
vt 0.37214 0.26087
vt 0.40165 0.26087
vt 0.43280 0.26087
vt 0.46507 0.26087
vt 0.49790 0.26087
vt 0.53073 0.26087
vt 0.56300 0.26087
vt 0.59415 0.26087
vt 0.62366 0.26087
vt 0.65102 0.26087
vt 0.67575 0.26087
vt 0.69745 0.26087
vt 0.71573 0.26087
vt 0.73028 0.26087
vt 0.74085 0.26087
vt 0.74727 0.26087
vt 0.74942 0.26087
vt 0.74575 0.26522
vt 0.74363 0.26522
vt 0.73731 0.26522
vt 0.72689 0.26522
vt 0.71255 0.26522
vt 0.69453 0.26522
vt 0.67316 0.26522
vt 0.64878 0.26522
vt 0.62183 0.26522
vt 0.59275 0.26522
vt 0.56205 0.26522
vt 0.53025 0.26522
vt 0.49790 0.26522
vt 0.46555 0.26522
vt 0.43375 0.26522
vt 0.40305 0.26522
vt 0.37397 0.26522
vt 0.34702 0.26522
vt 0.32264 0.26522
vt 0.30127 0.26522
vt 0.28325 0.26522
vt 0.26892 0.26522
vt 0.25849 0.26522
vt 0.25217 0.26522
vt 0.25005 0.26522
vt 0.25217 0.26522
vt 0.25849 0.26522
vt 0.26892 0.26522
vt 0.28325 0.26522
vt 0.30127 0.26522
vt 0.32264 0.26522
vt 0.34702 0.26522
vt 0.37397 0.26522
vt 0.40305 0.26522
vt 0.43375 0.26522
vt 0.46555 0.26522
vt 0.49790 0.26522
vt 0.53025 0.26522
vt 0.56205 0.26522
vt 0.59275 0.26522
vt 0.62183 0.26522
vt 0.64878 0.26522
vt 0.67316 0.26522
vt 0.69453 0.26522
vt 0.71255 0.26522
vt 0.72689 0.26522
vt 0.73731 0.26522
vt 0.74363 0.26522
vt 0.74575 0.26522
vt 0.74392 0.26957
vt 0.74181 0.26957
vt 0.73553 0.26957
vt 0.72519 0.26957
vt 0.71096 0.26957
vt 0.69308 0.26957
vt 0.67186 0.26957
vt 0.64767 0.26957
vt 0.62091 0.26957
vt 0.59205 0.26957
vt 0.56157 0.26957
vt 0.53001 0.26957
vt 0.49790 0.26957
vt 0.46579 0.26957
vt 0.43423 0.26957
vt 0.40375 0.26957
vt 0.37489 0.26957
vt 0.34814 0.26957
vt 0.32394 0.26957
vt 0.30272 0.26957
vt 0.28484 0.26957
vt 0.27061 0.26957
vt 0.26027 0.26957
vt 0.25399 0.26957
vt 0.25188 0.26957
vt 0.25399 0.26957
vt 0.26027 0.26957
vt 0.27061 0.26957
vt 0.28484 0.26957
vt 0.30272 0.26957
vt 0.32394 0.26957
vt 0.34814 0.26957
vt 0.37489 0.26957
vt 0.40375 0.26957
vt 0.43423 0.26957
vt 0.46579 0.26957
vt 0.49790 0.26957
vt 0.53001 0.26957
vt 0.56157 0.26957
vt 0.59205 0.26957
vt 0.62091 0.26957
vt 0.64767 0.26957
vt 0.67186 0.26957
vt 0.69308 0.26957
vt 0.71096 0.26957
vt 0.72519 0.26957
vt 0.73553 0.26957
vt 0.74181 0.26957
vt 0.74392 0.26957
vt 0.74208 0.27391
vt 0.73999 0.27391
vt 0.73376 0.27391
vt 0.72349 0.27391
vt 0.70937 0.27391
vt 0.69162 0.27391
vt 0.67056 0.27391
vt 0.64655 0.27391
vt 0.61999 0.27391
vt 0.59134 0.27391
vt 0.56110 0.27391
vt 0.52977 0.27391
vt 0.49790 0.27391
vt 0.46603 0.27391
vt 0.43470 0.27391
vt 0.40446 0.27391
vt 0.37581 0.27391
vt 0.34925 0.27391
vt 0.32524 0.27391
vt 0.30418 0.27391
vt 0.28643 0.27391
vt 0.27231 0.27391
vt 0.26204 0.27391
vt 0.25581 0.27391
vt 0.25372 0.27391
vt 0.25581 0.27391
vt 0.26204 0.27391
vt 0.27231 0.27391
vt 0.28643 0.27391
vt 0.30418 0.27391
vt 0.32524 0.27391
vt 0.34925 0.27391
vt 0.37581 0.27391
vt 0.40446 0.27391
vt 0.43470 0.27391
vt 0.46603 0.27391
vt 0.49790 0.27391
vt 0.52977 0.27391
vt 0.56110 0.27391
vt 0.59134 0.27391
vt 0.61999 0.27391
vt 0.64655 0.27391
vt 0.67056 0.27391
vt 0.69162 0.27391
vt 0.70937 0.27391
vt 0.72349 0.27391
vt 0.73376 0.27391
vt 0.73999 0.27391
vt 0.74208 0.27391
vt 0.73841 0.27826
vt 0.73635 0.27826
vt 0.73021 0.27826
vt 0.72010 0.27826
vt 0.70619 0.27826
vt 0.68871 0.27826
vt 0.66797 0.27826
vt 0.64431 0.27826
vt 0.61815 0.27826
vt 0.58994 0.27826
vt 0.56015 0.27826
vt 0.52929 0.27826
vt 0.49790 0.27826
vt 0.46651 0.27826
vt 0.43565 0.27826
vt 0.40586 0.27826
vt 0.37765 0.27826
vt 0.35149 0.27826
vt 0.32784 0.27826
vt 0.30709 0.27826
vt 0.28961 0.27826
vt 0.27570 0.27826
vt 0.26559 0.27826
vt 0.25945 0.27826
vt 0.25739 0.27826
vt 0.25945 0.27826
vt 0.26559 0.27826
vt 0.27570 0.27826
vt 0.28961 0.27826
vt 0.30709 0.27826
vt 0.32784 0.27826
vt 0.35149 0.27826
vt 0.37765 0.27826
vt 0.40586 0.27826
vt 0.43565 0.27826
vt 0.46651 0.27826
vt 0.49790 0.27826
vt 0.52929 0.27826
vt 0.56015 0.27826
vt 0.58994 0.27826
vt 0.61815 0.27826
vt 0.64431 0.27826
vt 0.66797 0.27826
vt 0.68871 0.27826
vt 0.70619 0.27826
vt 0.72010 0.27826
vt 0.73021 0.27826
vt 0.73635 0.27826
vt 0.73841 0.27826
vt 0.73474 0.28261
vt 0.73271 0.28261
vt 0.72667 0.28261
vt 0.71671 0.28261
vt 0.70301 0.28261
vt 0.68579 0.28261
vt 0.66537 0.28261
vt 0.64208 0.28261
vt 0.61632 0.28261
vt 0.58853 0.28261
vt 0.55920 0.28261
vt 0.52881 0.28261
vt 0.49790 0.28261
vt 0.46699 0.28261
vt 0.43660 0.28261
vt 0.40727 0.28261
vt 0.37948 0.28261
vt 0.35372 0.28261
vt 0.33043 0.28261
vt 0.31001 0.28261
vt 0.29279 0.28261
vt 0.27909 0.28261
vt 0.26913 0.28261
vt 0.26309 0.28261
vt 0.26106 0.28261
vt 0.26309 0.28261
vt 0.26913 0.28261
vt 0.27909 0.28261
vt 0.29279 0.28261
vt 0.31001 0.28261
vt 0.33043 0.28261
vt 0.35372 0.28261
vt 0.37948 0.28261
vt 0.40727 0.28261
vt 0.43660 0.28261
vt 0.46699 0.28261
vt 0.49790 0.28261
vt 0.52881 0.28261
vt 0.55920 0.28261
vt 0.58853 0.28261
vt 0.61632 0.28261
vt 0.64208 0.28261
vt 0.66537 0.28261
vt 0.68579 0.28261
vt 0.70301 0.28261
vt 0.71671 0.28261
vt 0.72667 0.28261
vt 0.73271 0.28261
vt 0.73474 0.28261
vt 0.73106 0.28696
vt 0.72907 0.28696
vt 0.72312 0.28696
vt 0.71332 0.28696
vt 0.69983 0.28696
vt 0.68288 0.28696
vt 0.66277 0.28696
vt 0.63984 0.28696
vt 0.61448 0.28696
vt 0.58713 0.28696
vt 0.55825 0.28696
vt 0.52833 0.28696
vt 0.49790 0.28696
vt 0.46747 0.28696
vt 0.43755 0.28696
vt 0.40867 0.28696
vt 0.38132 0.28696
vt 0.35596 0.28696
vt 0.33303 0.28696
vt 0.31292 0.28696
vt 0.29597 0.28696
vt 0.28248 0.28696
vt 0.27268 0.28696
vt 0.26673 0.28696
vt 0.26474 0.28696
vt 0.26673 0.28696
vt 0.27268 0.28696
vt 0.28248 0.28696
vt 0.29597 0.28696
vt 0.31292 0.28696
vt 0.33303 0.28696
vt 0.35596 0.28696
vt 0.38132 0.28696
vt 0.40867 0.28696
vt 0.43755 0.28696
vt 0.46747 0.28696
vt 0.49790 0.28696
vt 0.52833 0.28696
vt 0.55825 0.28696
vt 0.58713 0.28696
vt 0.61448 0.28696
vt 0.63984 0.28696
vt 0.66277 0.28696
vt 0.68288 0.28696
vt 0.69983 0.28696
vt 0.71332 0.28696
vt 0.72312 0.28696
vt 0.72907 0.28696
vt 0.73106 0.28696
vt 0.73106 0.29130
vt 0.72907 0.29130
vt 0.72312 0.29130
vt 0.71332 0.29130
vt 0.69983 0.29130
vt 0.68288 0.29130
vt 0.66277 0.29130
vt 0.63984 0.29130
vt 0.61448 0.29130
vt 0.58713 0.29130
vt 0.55825 0.29130
vt 0.52833 0.29130
vt 0.49790 0.29130
vt 0.46747 0.29130
vt 0.43755 0.29130
vt 0.40867 0.29130
vt 0.38132 0.29130
vt 0.35596 0.29130
vt 0.33303 0.29130
vt 0.31292 0.29130
vt 0.29597 0.29130
vt 0.28248 0.29130
vt 0.27268 0.29130
vt 0.26673 0.29130
vt 0.26474 0.29130
vt 0.26673 0.29130
vt 0.27268 0.29130
vt 0.28248 0.29130
vt 0.29597 0.29130
vt 0.31292 0.29130
vt 0.33303 0.29130
vt 0.35596 0.29130
vt 0.38132 0.29130
vt 0.40867 0.29130
vt 0.43755 0.29130
vt 0.46747 0.29130
vt 0.49790 0.29130
vt 0.52833 0.29130
vt 0.55825 0.29130
vt 0.58713 0.29130
vt 0.61448 0.29130
vt 0.63984 0.29130
vt 0.66277 0.29130
vt 0.68288 0.29130
vt 0.69983 0.29130
vt 0.71332 0.29130
vt 0.72312 0.29130
vt 0.72907 0.29130
vt 0.73106 0.29130
vt 0.72923 0.29565
vt 0.72725 0.29565
vt 0.72135 0.29565
vt 0.71162 0.29565
vt 0.69824 0.29565
vt 0.68143 0.29565
vt 0.66147 0.29565
vt 0.63872 0.29565
vt 0.61356 0.29565
vt 0.58643 0.29565
vt 0.55777 0.29565
vt 0.52809 0.29565
vt 0.49790 0.29565
vt 0.46771 0.29565
vt 0.43803 0.29565
vt 0.40937 0.29565
vt 0.38224 0.29565
vt 0.35708 0.29565
vt 0.33433 0.29565
vt 0.31438 0.29565
vt 0.29756 0.29565
vt 0.28418 0.29565
vt 0.27445 0.29565
vt 0.26855 0.29565
vt 0.26657 0.29565
vt 0.26855 0.29565
vt 0.27445 0.29565
vt 0.28418 0.29565
vt 0.29756 0.29565
vt 0.31438 0.29565
vt 0.33433 0.29565
vt 0.35708 0.29565
vt 0.38224 0.29565
vt 0.40937 0.29565
vt 0.43803 0.29565
vt 0.46771 0.29565
vt 0.49790 0.29565
vt 0.52809 0.29565
vt 0.55777 0.29565
vt 0.58643 0.29565
vt 0.61356 0.29565
vt 0.63872 0.29565
vt 0.66147 0.29565
vt 0.68143 0.29565
vt 0.69824 0.29565
vt 0.71162 0.29565
vt 0.72135 0.29565
vt 0.72725 0.29565
vt 0.72923 0.29565
vt 0.72372 0.30000
vt 0.72179 0.30000
vt 0.71603 0.30000
vt 0.70653 0.30000
vt 0.69347 0.30000
vt 0.67706 0.30000
vt 0.65758 0.30000
vt 0.63537 0.30000
vt 0.61081 0.30000
vt 0.58432 0.30000
vt 0.55635 0.30000
vt 0.52738 0.30000
vt 0.49790 0.30000
vt 0.46842 0.30000
vt 0.43945 0.30000
vt 0.41148 0.30000
vt 0.38499 0.30000
vt 0.36043 0.30000
vt 0.33822 0.30000
vt 0.31875 0.30000
vt 0.30233 0.30000
vt 0.28927 0.30000
vt 0.27977 0.30000
vt 0.27401 0.30000
vt 0.27208 0.30000
vt 0.27401 0.30000
vt 0.27977 0.30000
vt 0.28927 0.30000
vt 0.30233 0.30000
vt 0.31875 0.30000
vt 0.33822 0.30000
vt 0.36043 0.30000
vt 0.38499 0.30000
vt 0.41148 0.30000
vt 0.43945 0.30000
vt 0.46842 0.30000
vt 0.49790 0.30000
vt 0.52738 0.30000
vt 0.55635 0.30000
vt 0.58432 0.30000
vt 0.61081 0.30000
vt 0.63537 0.30000
vt 0.65758 0.30000
vt 0.67706 0.30000
vt 0.69347 0.30000
vt 0.70653 0.30000
vt 0.71603 0.30000
vt 0.72179 0.30000
vt 0.72372 0.30000
vt 0.72005 0.30435
vt 0.71815 0.30435
vt 0.71248 0.30435
vt 0.70314 0.30435
vt 0.69029 0.30435
vt 0.67414 0.30435
vt 0.65498 0.30435
vt 0.63314 0.30435
vt 0.60897 0.30435
vt 0.58291 0.30435
vt 0.55540 0.30435
vt 0.52690 0.30435
vt 0.49790 0.30435
vt 0.46890 0.30435
vt 0.44040 0.30435
vt 0.41289 0.30435
vt 0.38683 0.30435
vt 0.36266 0.30435
vt 0.34082 0.30435
vt 0.32166 0.30435
vt 0.30551 0.30435
vt 0.29266 0.30435
vt 0.28332 0.30435
vt 0.27765 0.30435
vt 0.27575 0.30435
vt 0.27765 0.30435
vt 0.28332 0.30435
vt 0.29266 0.30435
vt 0.30551 0.30435
vt 0.32166 0.30435
vt 0.34082 0.30435
vt 0.36266 0.30435
vt 0.38683 0.30435
vt 0.41289 0.30435
vt 0.44040 0.30435
vt 0.46890 0.30435
vt 0.49790 0.30435
vt 0.52690 0.30435
vt 0.55540 0.30435
vt 0.58291 0.30435
vt 0.60897 0.30435
vt 0.63314 0.30435
vt 0.65498 0.30435
vt 0.67414 0.30435
vt 0.69029 0.30435
vt 0.70314 0.30435
vt 0.71248 0.30435
vt 0.71815 0.30435
vt 0.72005 0.30435
vt 0.71821 0.30870
vt 0.71633 0.30870
vt 0.71071 0.30870
vt 0.70144 0.30870
vt 0.68870 0.30870
vt 0.67269 0.30870
vt 0.65368 0.30870
vt 0.63202 0.30870
vt 0.60806 0.30870
vt 0.58221 0.30870
vt 0.55492 0.30870
vt 0.52666 0.30870
vt 0.49790 0.30870
vt 0.46914 0.30870
vt 0.44088 0.30870
vt 0.41359 0.30870
vt 0.38774 0.30870
vt 0.36378 0.30870
vt 0.34212 0.30870
vt 0.32311 0.30870
vt 0.30710 0.30870
vt 0.29436 0.30870
vt 0.28509 0.30870
vt 0.27947 0.30870
vt 0.27759 0.30870
vt 0.27947 0.30870
vt 0.28509 0.30870
vt 0.29436 0.30870
vt 0.30710 0.30870
vt 0.32311 0.30870
vt 0.34212 0.30870
vt 0.36378 0.30870
vt 0.38774 0.30870
vt 0.41359 0.30870
vt 0.44088 0.30870
vt 0.46914 0.30870
vt 0.49790 0.30870
vt 0.52666 0.30870
vt 0.55492 0.30870
vt 0.58221 0.30870
vt 0.60806 0.30870
vt 0.63202 0.30870
vt 0.65368 0.30870
vt 0.67269 0.30870
vt 0.68870 0.30870
vt 0.70144 0.30870
vt 0.71071 0.30870
vt 0.71633 0.30870
vt 0.71821 0.30870
vt 0.71821 0.31304
vt 0.71633 0.31304
vt 0.71071 0.31304
vt 0.70144 0.31304
vt 0.68870 0.31304
vt 0.67269 0.31304
vt 0.65368 0.31304
vt 0.63202 0.31304
vt 0.60806 0.31304
vt 0.58221 0.31304
vt 0.55492 0.31304
vt 0.52666 0.31304
vt 0.49790 0.31304
vt 0.46914 0.31304
vt 0.44088 0.31304
vt 0.41359 0.31304
vt 0.38774 0.31304
vt 0.36378 0.31304
vt 0.34212 0.31304
vt 0.32311 0.31304
vt 0.30710 0.31304
vt 0.29436 0.31304
vt 0.28509 0.31304
vt 0.27947 0.31304
vt 0.27759 0.31304
vt 0.27947 0.31304
vt 0.28509 0.31304
vt 0.29436 0.31304
vt 0.30710 0.31304
vt 0.32311 0.31304
vt 0.34212 0.31304
vt 0.36378 0.31304
vt 0.38774 0.31304
vt 0.41359 0.31304
vt 0.44088 0.31304
vt 0.46914 0.31304
vt 0.49790 0.31304
vt 0.52666 0.31304
vt 0.55492 0.31304
vt 0.58221 0.31304
vt 0.60806 0.31304
vt 0.63202 0.31304
vt 0.65368 0.31304
vt 0.67269 0.31304
vt 0.68870 0.31304
vt 0.70144 0.31304
vt 0.71071 0.31304
vt 0.71633 0.31304
vt 0.71821 0.31304
vt 0.71454 0.31739
vt 0.71269 0.31739
vt 0.70716 0.31739
vt 0.69805 0.31739
vt 0.68552 0.31739
vt 0.66977 0.31739
vt 0.65109 0.31739
vt 0.62978 0.31739
vt 0.60622 0.31739
vt 0.58081 0.31739
vt 0.55397 0.31739
vt 0.52618 0.31739
vt 0.49790 0.31739
vt 0.46962 0.31739
vt 0.44183 0.31739
vt 0.41500 0.31739
vt 0.38958 0.31739
vt 0.36602 0.31739
vt 0.34471 0.31739
vt 0.32603 0.31739
vt 0.31028 0.31739
vt 0.29775 0.31739
vt 0.28864 0.31739
vt 0.28311 0.31739
vt 0.28126 0.31739
vt 0.28311 0.31739
vt 0.28864 0.31739
vt 0.29775 0.31739
vt 0.31028 0.31739
vt 0.32603 0.31739
vt 0.34471 0.31739
vt 0.36602 0.31739
vt 0.38958 0.31739
vt 0.41500 0.31739
vt 0.44183 0.31739
vt 0.46962 0.31739
vt 0.49790 0.31739
vt 0.52618 0.31739
vt 0.55397 0.31739
vt 0.58081 0.31739
vt 0.60622 0.31739
vt 0.62978 0.31739
vt 0.65109 0.31739
vt 0.66977 0.31739
vt 0.68552 0.31739
vt 0.69805 0.31739
vt 0.70716 0.31739
vt 0.71269 0.31739
vt 0.71454 0.31739
vt 0.71454 0.32174
vt 0.71269 0.32174
vt 0.70716 0.32174
vt 0.69805 0.32174
vt 0.68552 0.32174
vt 0.66977 0.32174
vt 0.65109 0.32174
vt 0.62978 0.32174
vt 0.60622 0.32174
vt 0.58081 0.32174
vt 0.55397 0.32174
vt 0.52618 0.32174
vt 0.49790 0.32174
vt 0.46962 0.32174
vt 0.44183 0.32174
vt 0.41500 0.32174
vt 0.38958 0.32174
vt 0.36602 0.32174
vt 0.34471 0.32174
vt 0.32603 0.32174
vt 0.31028 0.32174
vt 0.29775 0.32174
vt 0.28864 0.32174
vt 0.28311 0.32174
vt 0.28126 0.32174
vt 0.28311 0.32174
vt 0.28864 0.32174
vt 0.29775 0.32174
vt 0.31028 0.32174
vt 0.32603 0.32174
vt 0.34471 0.32174
vt 0.36602 0.32174
vt 0.38958 0.32174
vt 0.41500 0.32174
vt 0.44183 0.32174
vt 0.46962 0.32174
vt 0.49790 0.32174
vt 0.52618 0.32174
vt 0.55397 0.32174
vt 0.58081 0.32174
vt 0.60622 0.32174
vt 0.62978 0.32174
vt 0.65109 0.32174
vt 0.66977 0.32174
vt 0.68552 0.32174
vt 0.69805 0.32174
vt 0.70716 0.32174
vt 0.71269 0.32174
vt 0.71454 0.32174
vt 0.71087 0.32609
vt 0.70905 0.32609
vt 0.70361 0.32609
vt 0.69466 0.32609
vt 0.68234 0.32609
vt 0.66686 0.32609
vt 0.64849 0.32609
vt 0.62755 0.32609
vt 0.60438 0.32609
vt 0.57940 0.32609
vt 0.55302 0.32609
vt 0.52570 0.32609
vt 0.49790 0.32609
vt 0.47010 0.32609
vt 0.44278 0.32609
vt 0.41640 0.32609
vt 0.39142 0.32609
vt 0.36825 0.32609
vt 0.34731 0.32609
vt 0.32894 0.32609
vt 0.31346 0.32609
vt 0.30114 0.32609
vt 0.29219 0.32609
vt 0.28675 0.32609
vt 0.28493 0.32609
vt 0.28675 0.32609
vt 0.29219 0.32609
vt 0.30114 0.32609
vt 0.31346 0.32609
vt 0.32894 0.32609
vt 0.34731 0.32609
vt 0.36825 0.32609
vt 0.39142 0.32609
vt 0.41640 0.32609
vt 0.44278 0.32609
vt 0.47010 0.32609
vt 0.49790 0.32609
vt 0.52570 0.32609
vt 0.55302 0.32609
vt 0.57940 0.32609
vt 0.60438 0.32609
vt 0.62755 0.32609
vt 0.64849 0.32609
vt 0.66686 0.32609
vt 0.68234 0.32609
vt 0.69466 0.32609
vt 0.70361 0.32609
vt 0.70905 0.32609
vt 0.71087 0.32609
vt 0.70720 0.33043
vt 0.70541 0.33043
vt 0.70007 0.33043
vt 0.69127 0.33043
vt 0.67916 0.33043
vt 0.66395 0.33043
vt 0.64590 0.33043
vt 0.62531 0.33043
vt 0.60255 0.33043
vt 0.57799 0.33043
vt 0.55207 0.33043
vt 0.52522 0.33043
vt 0.49790 0.33043
vt 0.47058 0.33043
vt 0.44373 0.33043
vt 0.41781 0.33043
vt 0.39325 0.33043
vt 0.37049 0.33043
vt 0.34991 0.33043
vt 0.33185 0.33043
vt 0.31664 0.33043
vt 0.30454 0.33043
vt 0.29574 0.33043
vt 0.29039 0.33043
vt 0.28860 0.33043
vt 0.29039 0.33043
vt 0.29574 0.33043
vt 0.30454 0.33043
vt 0.31664 0.33043
vt 0.33185 0.33043
vt 0.34991 0.33043
vt 0.37049 0.33043
vt 0.39325 0.33043
vt 0.41781 0.33043
vt 0.44373 0.33043
vt 0.47058 0.33043
vt 0.49790 0.33043
vt 0.52522 0.33043
vt 0.55207 0.33043
vt 0.57799 0.33043
vt 0.60255 0.33043
vt 0.62531 0.33043
vt 0.64590 0.33043
vt 0.66395 0.33043
vt 0.67916 0.33043
vt 0.69127 0.33043
vt 0.70007 0.33043
vt 0.70541 0.33043
vt 0.70720 0.33043
vt 0.70536 0.33478
vt 0.70359 0.33478
vt 0.69829 0.33478
vt 0.68957 0.33478
vt 0.67757 0.33478
vt 0.66249 0.33478
vt 0.64460 0.33478
vt 0.62419 0.33478
vt 0.60163 0.33478
vt 0.57729 0.33478
vt 0.55160 0.33478
vt 0.52498 0.33478
vt 0.49790 0.33478
vt 0.47082 0.33478
vt 0.44421 0.33478
vt 0.41851 0.33478
vt 0.39417 0.33478
vt 0.37161 0.33478
vt 0.35120 0.33478
vt 0.33331 0.33478
vt 0.31823 0.33478
vt 0.30623 0.33478
vt 0.29751 0.33478
vt 0.29221 0.33478
vt 0.29044 0.33478
vt 0.29221 0.33478
vt 0.29751 0.33478
vt 0.30623 0.33478
vt 0.31823 0.33478
vt 0.33331 0.33478
vt 0.35120 0.33478
vt 0.37161 0.33478
vt 0.39417 0.33478
vt 0.41851 0.33478
vt 0.44421 0.33478
vt 0.47082 0.33478
vt 0.49790 0.33478
vt 0.52498 0.33478
vt 0.55160 0.33478
vt 0.57729 0.33478
vt 0.60163 0.33478
vt 0.62419 0.33478
vt 0.64460 0.33478
vt 0.66249 0.33478
vt 0.67757 0.33478
vt 0.68957 0.33478
vt 0.69829 0.33478
vt 0.70359 0.33478
vt 0.70536 0.33478
vt 0.70353 0.33913
vt 0.70177 0.33913
vt 0.69652 0.33913
vt 0.68787 0.33913
vt 0.67598 0.33913
vt 0.66103 0.33913
vt 0.64330 0.33913
vt 0.62308 0.33913
vt 0.60071 0.33913
vt 0.57659 0.33913
vt 0.55112 0.33913
vt 0.52474 0.33913
vt 0.49790 0.33913
vt 0.47106 0.33913
vt 0.44468 0.33913
vt 0.41921 0.33913
vt 0.39509 0.33913
vt 0.37272 0.33913
vt 0.35250 0.33913
vt 0.33477 0.33913
vt 0.31982 0.33913
vt 0.30793 0.33913
vt 0.29928 0.33913
vt 0.29403 0.33913
vt 0.29228 0.33913
vt 0.29403 0.33913
vt 0.29928 0.33913
vt 0.30793 0.33913
vt 0.31982 0.33913
vt 0.33477 0.33913
vt 0.35250 0.33913
vt 0.37272 0.33913
vt 0.39509 0.33913
vt 0.41921 0.33913
vt 0.44468 0.33913
vt 0.47106 0.33913
vt 0.49790 0.33913
vt 0.52474 0.33913
vt 0.55112 0.33913
vt 0.57659 0.33913
vt 0.60071 0.33913
vt 0.62308 0.33913
vt 0.64330 0.33913
vt 0.66103 0.33913
vt 0.67598 0.33913
vt 0.68787 0.33913
vt 0.69652 0.33913
vt 0.70177 0.33913
vt 0.70353 0.33913
vt 0.70353 0.34348
vt 0.70177 0.34348
vt 0.69652 0.34348
vt 0.68787 0.34348
vt 0.67598 0.34348
vt 0.66103 0.34348
vt 0.64330 0.34348
vt 0.62308 0.34348
vt 0.60071 0.34348
vt 0.57659 0.34348
vt 0.55112 0.34348
vt 0.52474 0.34348
vt 0.49790 0.34348
vt 0.47106 0.34348
vt 0.44468 0.34348
vt 0.41921 0.34348
vt 0.39509 0.34348
vt 0.37272 0.34348
vt 0.35250 0.34348
vt 0.33477 0.34348
vt 0.31982 0.34348
vt 0.30793 0.34348
vt 0.29928 0.34348
vt 0.29403 0.34348
vt 0.29228 0.34348
vt 0.29403 0.34348
vt 0.29928 0.34348
vt 0.30793 0.34348
vt 0.31982 0.34348
vt 0.33477 0.34348
vt 0.35250 0.34348
vt 0.37272 0.34348
vt 0.39509 0.34348
vt 0.41921 0.34348
vt 0.44468 0.34348
vt 0.47106 0.34348
vt 0.49790 0.34348
vt 0.52474 0.34348
vt 0.55112 0.34348
vt 0.57659 0.34348
vt 0.60071 0.34348
vt 0.62308 0.34348
vt 0.64330 0.34348
vt 0.66103 0.34348
vt 0.67598 0.34348
vt 0.68787 0.34348
vt 0.69652 0.34348
vt 0.70177 0.34348
vt 0.70353 0.34348
vt 0.69985 0.34783
vt 0.69813 0.34783
vt 0.69297 0.34783
vt 0.68448 0.34783
vt 0.67280 0.34783
vt 0.65812 0.34783
vt 0.64070 0.34783
vt 0.62084 0.34783
vt 0.59888 0.34783
vt 0.57518 0.34783
vt 0.55017 0.34783
vt 0.52426 0.34783
vt 0.49790 0.34783
vt 0.47154 0.34783
vt 0.44563 0.34783
vt 0.42062 0.34783
vt 0.39692 0.34783
vt 0.37496 0.34783
vt 0.35510 0.34783
vt 0.33768 0.34783
vt 0.32300 0.34783
vt 0.31132 0.34783
vt 0.30283 0.34783
vt 0.29768 0.34783
vt 0.29595 0.34783
vt 0.29768 0.34783
vt 0.30283 0.34783
vt 0.31132 0.34783
vt 0.32300 0.34783
vt 0.33768 0.34783
vt 0.35510 0.34783
vt 0.37496 0.34783
vt 0.39692 0.34783
vt 0.42062 0.34783
vt 0.44563 0.34783
vt 0.47154 0.34783
vt 0.49790 0.34783
vt 0.52426 0.34783
vt 0.55017 0.34783
vt 0.57518 0.34783
vt 0.59888 0.34783
vt 0.62084 0.34783
vt 0.64070 0.34783
vt 0.65812 0.34783
vt 0.67280 0.34783
vt 0.68448 0.34783
vt 0.69297 0.34783
vt 0.69813 0.34783
vt 0.69985 0.34783
vt 0.69985 0.35217
vt 0.69813 0.35217
vt 0.69297 0.35217
vt 0.68448 0.35217
vt 0.67280 0.35217
vt 0.65812 0.35217
vt 0.64070 0.35217
vt 0.62084 0.35217
vt 0.59888 0.35217
vt 0.57518 0.35217
vt 0.55017 0.35217
vt 0.52426 0.35217
vt 0.49790 0.35217
vt 0.47154 0.35217
vt 0.44563 0.35217
vt 0.42062 0.35217
vt 0.39692 0.35217
vt 0.37496 0.35217
vt 0.35510 0.35217
vt 0.33768 0.35217
vt 0.32300 0.35217
vt 0.31132 0.35217
vt 0.30283 0.35217
vt 0.29768 0.35217
vt 0.29595 0.35217
vt 0.29768 0.35217
vt 0.30283 0.35217
vt 0.31132 0.35217
vt 0.32300 0.35217
vt 0.33768 0.35217
vt 0.35510 0.35217
vt 0.37496 0.35217
vt 0.39692 0.35217
vt 0.42062 0.35217
vt 0.44563 0.35217
vt 0.47154 0.35217
vt 0.49790 0.35217
vt 0.52426 0.35217
vt 0.55017 0.35217
vt 0.57518 0.35217
vt 0.59888 0.35217
vt 0.62084 0.35217
vt 0.64070 0.35217
vt 0.65812 0.35217
vt 0.67280 0.35217
vt 0.68448 0.35217
vt 0.69297 0.35217
vt 0.69813 0.35217
vt 0.69985 0.35217
vt 0.69985 0.35652
vt 0.69813 0.35652
vt 0.69297 0.35652
vt 0.68448 0.35652
vt 0.67280 0.35652
vt 0.65812 0.35652
vt 0.64070 0.35652
vt 0.62084 0.35652
vt 0.59888 0.35652
vt 0.57518 0.35652
vt 0.55017 0.35652
vt 0.52426 0.35652
vt 0.49790 0.35652
vt 0.47154 0.35652
vt 0.44563 0.35652
vt 0.42062 0.35652
vt 0.39692 0.35652
vt 0.37496 0.35652
vt 0.35510 0.35652
vt 0.33768 0.35652
vt 0.32300 0.35652
vt 0.31132 0.35652
vt 0.30283 0.35652
vt 0.29768 0.35652
vt 0.29595 0.35652
vt 0.29768 0.35652
vt 0.30283 0.35652
vt 0.31132 0.35652
vt 0.32300 0.35652
vt 0.33768 0.35652
vt 0.35510 0.35652
vt 0.37496 0.35652
vt 0.39692 0.35652
vt 0.42062 0.35652
vt 0.44563 0.35652
vt 0.47154 0.35652
vt 0.49790 0.35652
vt 0.52426 0.35652
vt 0.55017 0.35652
vt 0.57518 0.35652
vt 0.59888 0.35652
vt 0.62084 0.35652
vt 0.64070 0.35652
vt 0.65812 0.35652
vt 0.67280 0.35652
vt 0.68448 0.35652
vt 0.69297 0.35652
vt 0.69813 0.35652
vt 0.69985 0.35652
vt 0.69618 0.36087
vt 0.69449 0.36087
vt 0.68943 0.36087
vt 0.68109 0.36087
vt 0.66962 0.36087
vt 0.65521 0.36087
vt 0.63811 0.36087
vt 0.61861 0.36087
vt 0.59704 0.36087
vt 0.57378 0.36087
vt 0.54922 0.36087
vt 0.52378 0.36087
vt 0.49790 0.36087
vt 0.47202 0.36087
vt 0.44658 0.36087
vt 0.42202 0.36087
vt 0.39876 0.36087
vt 0.37719 0.36087
vt 0.35769 0.36087
vt 0.34059 0.36087
vt 0.32618 0.36087
vt 0.31471 0.36087
vt 0.30638 0.36087
vt 0.30132 0.36087
vt 0.29962 0.36087
vt 0.30132 0.36087
vt 0.30638 0.36087
vt 0.31471 0.36087
vt 0.32618 0.36087
vt 0.34059 0.36087
vt 0.35769 0.36087
vt 0.37719 0.36087
vt 0.39876 0.36087
vt 0.42202 0.36087
vt 0.44658 0.36087
vt 0.47202 0.36087
vt 0.49790 0.36087
vt 0.52378 0.36087
vt 0.54922 0.36087
vt 0.57378 0.36087
vt 0.59704 0.36087
vt 0.61861 0.36087
vt 0.63811 0.36087
vt 0.65521 0.36087
vt 0.66962 0.36087
vt 0.68109 0.36087
vt 0.68943 0.36087
vt 0.69449 0.36087
vt 0.69618 0.36087
vt 0.76558 0.36304
vt 0.76329 0.36304
vt 0.75646 0.36304
vt 0.74520 0.36304
vt 0.72972 0.36304
vt 0.71026 0.36304
vt 0.68718 0.36304
vt 0.66085 0.36304
vt 0.63174 0.36304
vt 0.60034 0.36304
vt 0.56718 0.36304
vt 0.53284 0.36304
vt 0.49790 0.36304
vt 0.46296 0.36304
vt 0.42862 0.36304
vt 0.39546 0.36304
vt 0.36406 0.36304
vt 0.33495 0.36304
vt 0.30862 0.36304
vt 0.28554 0.36304
vt 0.26608 0.36304
vt 0.25060 0.36304
vt 0.23934 0.36304
vt 0.23251 0.36304
vt 0.23022 0.36304
vt 0.23251 0.36304
vt 0.23934 0.36304
vt 0.25060 0.36304
vt 0.26608 0.36304
vt 0.28554 0.36304
vt 0.30862 0.36304
vt 0.33495 0.36304
vt 0.36406 0.36304
vt 0.39546 0.36304
vt 0.42862 0.36304
vt 0.46296 0.36304
vt 0.49790 0.36304
vt 0.53284 0.36304
vt 0.56718 0.36304
vt 0.60034 0.36304
vt 0.63174 0.36304
vt 0.66085 0.36304
vt 0.68718 0.36304
vt 0.71026 0.36304
vt 0.72972 0.36304
vt 0.74520 0.36304
vt 0.75646 0.36304
vt 0.76329 0.36304
vt 0.76558 0.36304
vt 0.78541 0.37174
vt 0.78295 0.37174
vt 0.77561 0.37174
vt 0.76352 0.37174
vt 0.74689 0.37174
vt 0.72600 0.37174
vt 0.70120 0.37174
vt 0.67292 0.37174
vt 0.64165 0.37174
vt 0.60792 0.37174
vt 0.57231 0.37174
vt 0.53543 0.37174
vt 0.49790 0.37174
vt 0.46037 0.37174
vt 0.42349 0.37174
vt 0.38788 0.37174
vt 0.35415 0.37174
vt 0.32288 0.37174
vt 0.29460 0.37174
vt 0.26981 0.37174
vt 0.24891 0.37174
vt 0.23228 0.37174
vt 0.22019 0.37174
vt 0.21285 0.37174
vt 0.21039 0.37174
vt 0.21285 0.37174
vt 0.22019 0.37174
vt 0.23228 0.37174
vt 0.24891 0.37174
vt 0.26981 0.37174
vt 0.29460 0.37174
vt 0.32288 0.37174
vt 0.35415 0.37174
vt 0.38788 0.37174
vt 0.42349 0.37174
vt 0.46037 0.37174
vt 0.49790 0.37174
vt 0.53543 0.37174
vt 0.57231 0.37174
vt 0.60792 0.37174
vt 0.64165 0.37174
vt 0.67292 0.37174
vt 0.70120 0.37174
vt 0.72600 0.37174
vt 0.74689 0.37174
vt 0.76352 0.37174
vt 0.77561 0.37174
vt 0.78295 0.37174
vt 0.78541 0.37174
vt 0.76558 0.38261
vt 0.76329 0.38261
vt 0.75646 0.38261
vt 0.74520 0.38261
vt 0.72972 0.38261
vt 0.71026 0.38261
vt 0.68718 0.38261
vt 0.66085 0.38261
vt 0.63174 0.38261
vt 0.60034 0.38261
vt 0.56718 0.38261
vt 0.53284 0.38261
vt 0.49790 0.38261
vt 0.46296 0.38261
vt 0.42862 0.38261
vt 0.39546 0.38261
vt 0.36406 0.38261
vt 0.33495 0.38261
vt 0.30862 0.38261
vt 0.28554 0.38261
vt 0.26608 0.38261
vt 0.25060 0.38261
vt 0.23934 0.38261
vt 0.23251 0.38261
vt 0.23022 0.38261
vt 0.23251 0.38261
vt 0.23934 0.38261
vt 0.25060 0.38261
vt 0.26608 0.38261
vt 0.28554 0.38261
vt 0.30862 0.38261
vt 0.33495 0.38261
vt 0.36406 0.38261
vt 0.39546 0.38261
vt 0.42862 0.38261
vt 0.46296 0.38261
vt 0.49790 0.38261
vt 0.53284 0.38261
vt 0.56718 0.38261
vt 0.60034 0.38261
vt 0.63174 0.38261
vt 0.66085 0.38261
vt 0.68718 0.38261
vt 0.71026 0.38261
vt 0.72972 0.38261
vt 0.74520 0.38261
vt 0.75646 0.38261
vt 0.76329 0.38261
vt 0.76558 0.38261
vt 0.62113 0.38323
vt 0.62007 0.38323
vt 0.61693 0.38323
vt 0.61175 0.38323
vt 0.60462 0.38323
vt 0.59566 0.38323
vt 0.58504 0.38323
vt 0.57292 0.38323
vt 0.55951 0.38323
vt 0.54506 0.38323
vt 0.52979 0.38323
vt 0.51398 0.38323
vt 0.49790 0.38323
vt 0.48182 0.38323
vt 0.46601 0.38323
vt 0.45074 0.38323
vt 0.43629 0.38323
vt 0.42288 0.38323
vt 0.41077 0.38323
vt 0.40014 0.38323
vt 0.39118 0.38323
vt 0.38405 0.38323
vt 0.37887 0.38323
vt 0.37573 0.38323
vt 0.37467 0.38323
vt 0.37573 0.38323
vt 0.37887 0.38323
vt 0.38405 0.38323
vt 0.39118 0.38323
vt 0.40014 0.38323
vt 0.41077 0.38323
vt 0.42288 0.38323
vt 0.43629 0.38323
vt 0.45074 0.38323
vt 0.46601 0.38323
vt 0.48182 0.38323
vt 0.49790 0.38323
vt 0.51398 0.38323
vt 0.52979 0.38323
vt 0.54506 0.38323
vt 0.55951 0.38323
vt 0.57292 0.38323
vt 0.58504 0.38323
vt 0.59566 0.38323
vt 0.60462 0.38323
vt 0.61175 0.38323
vt 0.61693 0.38323
vt 0.62007 0.38323
vt 0.62113 0.38323
vt 0.67635 0.38696
vt 0.67483 0.38696
vt 0.67027 0.38696
vt 0.66277 0.38696
vt 0.65245 0.38696
vt 0.63948 0.38696
vt 0.62409 0.38696
vt 0.60654 0.38696
vt 0.58713 0.38696
vt 0.56619 0.38696
vt 0.54409 0.38696
vt 0.52119 0.38696
vt 0.49790 0.38696
vt 0.47461 0.38696
vt 0.45171 0.38696
vt 0.42961 0.38696
vt 0.40867 0.38696
vt 0.38927 0.38696
vt 0.37171 0.38696
vt 0.35632 0.38696
vt 0.34336 0.38696
vt 0.33303 0.38696
vt 0.32553 0.38696
vt 0.32097 0.38696
vt 0.31945 0.38696
vt 0.32097 0.38696
vt 0.32553 0.38696
vt 0.33303 0.38696
vt 0.34336 0.38696
vt 0.35632 0.38696
vt 0.37171 0.38696
vt 0.38927 0.38696
vt 0.40867 0.38696
vt 0.42961 0.38696
vt 0.45171 0.38696
vt 0.47461 0.38696
vt 0.49790 0.38696
vt 0.52119 0.38696
vt 0.54409 0.38696
vt 0.56619 0.38696
vt 0.58713 0.38696
vt 0.60654 0.38696
vt 0.62409 0.38696
vt 0.63948 0.38696
vt 0.65245 0.38696
vt 0.66277 0.38696
vt 0.67027 0.38696
vt 0.67483 0.38696
vt 0.67635 0.38696
vt 0.64617 0.38785
vt 0.64490 0.38785
vt 0.64111 0.38785
vt 0.63488 0.38785
vt 0.62630 0.38785
vt 0.61553 0.38785
vt 0.60274 0.38785
vt 0.58816 0.38785
vt 0.57203 0.38785
vt 0.55464 0.38785
vt 0.53627 0.38785
vt 0.51725 0.38785
vt 0.49790 0.38785
vt 0.47855 0.38785
vt 0.45953 0.38785
vt 0.44116 0.38785
vt 0.42377 0.38785
vt 0.40764 0.38785
vt 0.39306 0.38785
vt 0.38027 0.38785
vt 0.36950 0.38785
vt 0.36092 0.38785
vt 0.35469 0.38785
vt 0.35090 0.38785
vt 0.34964 0.38785
vt 0.35090 0.38785
vt 0.35469 0.38785
vt 0.36092 0.38785
vt 0.36950 0.38785
vt 0.38027 0.38785
vt 0.39306 0.38785
vt 0.40764 0.38785
vt 0.42377 0.38785
vt 0.44116 0.38785
vt 0.45953 0.38785
vt 0.47855 0.38785
vt 0.49790 0.38785
vt 0.51725 0.38785
vt 0.53627 0.38785
vt 0.55464 0.38785
vt 0.57203 0.38785
vt 0.58816 0.38785
vt 0.60274 0.38785
vt 0.61553 0.38785
vt 0.62630 0.38785
vt 0.63488 0.38785
vt 0.64111 0.38785
vt 0.64490 0.38785
vt 0.64617 0.38785
vt 0.66925 0.39329
vt 0.66778 0.39329
vt 0.66341 0.39329
vt 0.65621 0.39329
vt 0.64629 0.39329
vt 0.63384 0.39329
vt 0.61906 0.39329
vt 0.60221 0.39329
vt 0.58358 0.39329
vt 0.56347 0.39329
vt 0.54225 0.39329
vt 0.52027 0.39329
vt 0.49790 0.39329
vt 0.47553 0.39329
vt 0.45355 0.39329
vt 0.43233 0.39329
vt 0.41223 0.39329
vt 0.39359 0.39329
vt 0.37674 0.39329
vt 0.36196 0.39329
vt 0.34951 0.39329
vt 0.33959 0.39329
vt 0.33239 0.39329
vt 0.32802 0.39329
vt 0.32655 0.39329
vt 0.32802 0.39329
vt 0.33239 0.39329
vt 0.33959 0.39329
vt 0.34951 0.39329
vt 0.36196 0.39329
vt 0.37674 0.39329
vt 0.39359 0.39329
vt 0.41223 0.39329
vt 0.43233 0.39329
vt 0.45355 0.39329
vt 0.47553 0.39329
vt 0.49790 0.39329
vt 0.52027 0.39329
vt 0.54225 0.39329
vt 0.56347 0.39329
vt 0.58358 0.39329
vt 0.60221 0.39329
vt 0.61906 0.39329
vt 0.63384 0.39329
vt 0.64629 0.39329
vt 0.65621 0.39329
vt 0.66341 0.39329
vt 0.66778 0.39329
vt 0.66925 0.39329
vt 0.69008 0.39947
vt 0.68843 0.39947
vt 0.68353 0.39947
vt 0.67545 0.39947
vt 0.66433 0.39947
vt 0.65036 0.39947
vt 0.63379 0.39947
vt 0.61489 0.39947
vt 0.59399 0.39947
vt 0.57144 0.39947
vt 0.54764 0.39947
vt 0.52298 0.39947
vt 0.49790 0.39947
vt 0.47282 0.39947
vt 0.44816 0.39947
vt 0.42436 0.39947
vt 0.40181 0.39947
vt 0.38091 0.39947
vt 0.36201 0.39947
vt 0.34544 0.39947
vt 0.33147 0.39947
vt 0.32035 0.39947
vt 0.31227 0.39947
vt 0.30737 0.39947
vt 0.30572 0.39947
vt 0.30737 0.39947
vt 0.31227 0.39947
vt 0.32035 0.39947
vt 0.33147 0.39947
vt 0.34544 0.39947
vt 0.36201 0.39947
vt 0.38091 0.39947
vt 0.40181 0.39947
vt 0.42436 0.39947
vt 0.44816 0.39947
vt 0.47282 0.39947
vt 0.49790 0.39947
vt 0.52298 0.39947
vt 0.54764 0.39947
vt 0.57144 0.39947
vt 0.59399 0.39947
vt 0.61489 0.39947
vt 0.63379 0.39947
vt 0.65036 0.39947
vt 0.66433 0.39947
vt 0.67545 0.39947
vt 0.68353 0.39947
vt 0.68843 0.39947
vt 0.69008 0.39947
vt 0.70837 0.40633
vt 0.70657 0.40633
vt 0.70120 0.40633
vt 0.69235 0.40633
vt 0.68017 0.40633
vt 0.66488 0.40633
vt 0.64673 0.40633
vt 0.62603 0.40633
vt 0.60314 0.40633
vt 0.57844 0.40633
vt 0.55237 0.40633
vt 0.52537 0.40633
vt 0.49790 0.40633
vt 0.47043 0.40633
vt 0.44343 0.40633
vt 0.41736 0.40633
vt 0.39267 0.40633
vt 0.36977 0.40633
vt 0.34908 0.40633
vt 0.33092 0.40633
vt 0.31563 0.40633
vt 0.30345 0.40633
vt 0.29460 0.40633
vt 0.28923 0.40633
vt 0.28743 0.40633
vt 0.28923 0.40633
vt 0.29460 0.40633
vt 0.30345 0.40633
vt 0.31563 0.40633
vt 0.33092 0.40633
vt 0.34908 0.40633
vt 0.36977 0.40633
vt 0.39267 0.40633
vt 0.41736 0.40633
vt 0.44343 0.40633
vt 0.47043 0.40633
vt 0.49790 0.40633
vt 0.52537 0.40633
vt 0.55237 0.40633
vt 0.57844 0.40633
vt 0.60314 0.40633
vt 0.62603 0.40633
vt 0.64673 0.40633
vt 0.66488 0.40633
vt 0.68017 0.40633
vt 0.69235 0.40633
vt 0.70120 0.40633
vt 0.70657 0.40633
vt 0.70837 0.40633
vt 0.72389 0.41375
vt 0.72196 0.41375
vt 0.71619 0.41375
vt 0.70669 0.41375
vt 0.69361 0.41375
vt 0.67719 0.41375
vt 0.65770 0.41375
vt 0.63548 0.41375
vt 0.61090 0.41375
vt 0.58438 0.41375
vt 0.55639 0.41375
vt 0.52740 0.41375
vt 0.49790 0.41375
vt 0.46840 0.41375
vt 0.43941 0.41375
vt 0.41142 0.41375
vt 0.38490 0.41375
vt 0.36033 0.41375
vt 0.33810 0.41375
vt 0.31861 0.41375
vt 0.30219 0.41375
vt 0.28911 0.41375
vt 0.27961 0.41375
vt 0.27384 0.41375
vt 0.27191 0.41375
vt 0.27384 0.41375
vt 0.27961 0.41375
vt 0.28911 0.41375
vt 0.30219 0.41375
vt 0.31861 0.41375
vt 0.33810 0.41375
vt 0.36033 0.41375
vt 0.38490 0.41375
vt 0.41142 0.41375
vt 0.43941 0.41375
vt 0.46840 0.41375
vt 0.49790 0.41375
vt 0.52740 0.41375
vt 0.55639 0.41375
vt 0.58438 0.41375
vt 0.61090 0.41375
vt 0.63548 0.41375
vt 0.65770 0.41375
vt 0.67719 0.41375
vt 0.69361 0.41375
vt 0.70669 0.41375
vt 0.71619 0.41375
vt 0.72196 0.41375
vt 0.72389 0.41375
vt 0.73644 0.42166
vt 0.73439 0.42166
vt 0.72831 0.42166
vt 0.71828 0.42166
vt 0.70448 0.42166
vt 0.68714 0.42166
vt 0.66657 0.42166
vt 0.64311 0.42166
vt 0.61717 0.42166
vt 0.58918 0.42166
vt 0.55964 0.42166
vt 0.52904 0.42166
vt 0.49790 0.42166
vt 0.46677 0.42166
vt 0.43616 0.42166
vt 0.40662 0.42166
vt 0.37863 0.42166
vt 0.35269 0.42166
vt 0.32923 0.42166
vt 0.30866 0.42166
vt 0.29132 0.42166
vt 0.27752 0.42166
vt 0.26749 0.42166
vt 0.26141 0.42166
vt 0.25937 0.42166
vt 0.26141 0.42166
vt 0.26749 0.42166
vt 0.27752 0.42166
vt 0.29132 0.42166
vt 0.30866 0.42166
vt 0.32923 0.42166
vt 0.35269 0.42166
vt 0.37863 0.42166
vt 0.40662 0.42166
vt 0.43616 0.42166
vt 0.46677 0.42166
vt 0.49790 0.42166
vt 0.52904 0.42166
vt 0.55964 0.42166
vt 0.58918 0.42166
vt 0.61717 0.42166
vt 0.64311 0.42166
vt 0.66657 0.42166
vt 0.68714 0.42166
vt 0.70448 0.42166
vt 0.71828 0.42166
vt 0.72831 0.42166
vt 0.73439 0.42166
vt 0.73644 0.42166
vt 0.74584 0.42994
vt 0.74371 0.42994
vt 0.73739 0.42994
vt 0.72696 0.42994
vt 0.71262 0.42994
vt 0.69460 0.42994
vt 0.67322 0.42994
vt 0.64883 0.42994
vt 0.62187 0.42994
vt 0.59278 0.42994
vt 0.56207 0.42994
vt 0.53026 0.42994
vt 0.49790 0.42994
vt 0.46554 0.42994
vt 0.43373 0.42994
vt 0.40302 0.42994
vt 0.37393 0.42994
vt 0.34697 0.42994
vt 0.32258 0.42994
vt 0.30120 0.42994
vt 0.28318 0.42994
vt 0.26884 0.42994
vt 0.25841 0.42994
vt 0.25209 0.42994
vt 0.24997 0.42994
vt 0.25209 0.42994
vt 0.25841 0.42994
vt 0.26884 0.42994
vt 0.28318 0.42994
vt 0.30120 0.42994
vt 0.32258 0.42994
vt 0.34697 0.42994
vt 0.37393 0.42994
vt 0.40302 0.42994
vt 0.43373 0.42994
vt 0.46554 0.42994
vt 0.49790 0.42994
vt 0.53026 0.42994
vt 0.56207 0.42994
vt 0.59278 0.42994
vt 0.62187 0.42994
vt 0.64883 0.42994
vt 0.67322 0.42994
vt 0.69460 0.42994
vt 0.71262 0.42994
vt 0.72696 0.42994
vt 0.73739 0.42994
vt 0.74371 0.42994
vt 0.74584 0.42994
vt 0.75197 0.43848
vt 0.74980 0.43848
vt 0.74331 0.43848
vt 0.73263 0.43848
vt 0.71793 0.43848
vt 0.69947 0.43848
vt 0.67755 0.43848
vt 0.65257 0.43848
vt 0.62493 0.43848
vt 0.59513 0.43848
vt 0.56366 0.43848
vt 0.53106 0.43848
vt 0.49790 0.43848
vt 0.46474 0.43848
vt 0.43214 0.43848
vt 0.40067 0.43848
vt 0.37087 0.43848
vt 0.34323 0.43848
vt 0.31825 0.43848
vt 0.29633 0.43848
vt 0.27787 0.43848
vt 0.26317 0.43848
vt 0.25249 0.43848
vt 0.24601 0.43848
vt 0.24383 0.43848
vt 0.24601 0.43848
vt 0.25249 0.43848
vt 0.26317 0.43848
vt 0.27787 0.43848
vt 0.29633 0.43848
vt 0.31825 0.43848
vt 0.34323 0.43848
vt 0.37087 0.43848
vt 0.40067 0.43848
vt 0.43214 0.43848
vt 0.46474 0.43848
vt 0.49790 0.43848
vt 0.53106 0.43848
vt 0.56366 0.43848
vt 0.59513 0.43848
vt 0.62493 0.43848
vt 0.65257 0.43848
vt 0.67755 0.43848
vt 0.69947 0.43848
vt 0.71793 0.43848
vt 0.73263 0.43848
vt 0.74331 0.43848
vt 0.74980 0.43848
vt 0.75197 0.43848
vt 0.75475 0.44718
vt 0.75256 0.44718
vt 0.74600 0.44718
vt 0.73520 0.44718
vt 0.72034 0.44718
vt 0.70168 0.44718
vt 0.67952 0.44718
vt 0.65426 0.44718
vt 0.62633 0.44718
vt 0.59619 0.44718
vt 0.56438 0.44718
vt 0.53143 0.44718
vt 0.49790 0.44718
vt 0.46437 0.44718
vt 0.43142 0.44718
vt 0.39961 0.44718
vt 0.36947 0.44718
vt 0.34154 0.44718
vt 0.31628 0.44718
vt 0.29412 0.44718
vt 0.27546 0.44718
vt 0.26060 0.44718
vt 0.24980 0.44718
vt 0.24324 0.44718
vt 0.24105 0.44718
vt 0.24324 0.44718
vt 0.24980 0.44718
vt 0.26060 0.44718
vt 0.27546 0.44718
vt 0.29412 0.44718
vt 0.31628 0.44718
vt 0.34154 0.44718
vt 0.36947 0.44718
vt 0.39961 0.44718
vt 0.43142 0.44718
vt 0.46437 0.44718
vt 0.49790 0.44718
vt 0.53143 0.44718
vt 0.56438 0.44718
vt 0.59619 0.44718
vt 0.62633 0.44718
vt 0.65426 0.44718
vt 0.67952 0.44718
vt 0.70168 0.44718
vt 0.72034 0.44718
vt 0.73520 0.44718
vt 0.74600 0.44718
vt 0.75256 0.44718
vt 0.75475 0.44718
vt 0.75416 0.45591
vt 0.75196 0.45591
vt 0.74542 0.45591
vt 0.73465 0.45591
vt 0.71982 0.45591
vt 0.70120 0.45591
vt 0.67910 0.45591
vt 0.65390 0.45591
vt 0.62603 0.45591
vt 0.59597 0.45591
vt 0.56422 0.45591
vt 0.53135 0.45591
vt 0.49790 0.45591
vt 0.46445 0.45591
vt 0.43158 0.45591
vt 0.39984 0.45591
vt 0.36977 0.45591
vt 0.34190 0.45591
vt 0.31670 0.45591
vt 0.29460 0.45591
vt 0.27598 0.45591
vt 0.26115 0.45591
vt 0.25038 0.45591
vt 0.24384 0.45591
vt 0.24165 0.45591
vt 0.24384 0.45591
vt 0.25038 0.45591
vt 0.26115 0.45591
vt 0.27598 0.45591
vt 0.29460 0.45591
vt 0.31670 0.45591
vt 0.34190 0.45591
vt 0.36977 0.45591
vt 0.39984 0.45591
vt 0.43158 0.45591
vt 0.46445 0.45591
vt 0.49790 0.45591
vt 0.53135 0.45591
vt 0.56422 0.45591
vt 0.59597 0.45591
vt 0.62603 0.45591
vt 0.65390 0.45591
vt 0.67910 0.45591
vt 0.70120 0.45591
vt 0.71982 0.45591
vt 0.73465 0.45591
vt 0.74542 0.45591
vt 0.75196 0.45591
vt 0.75416 0.45591
vt 0.75018 0.46456
vt 0.74802 0.46456
vt 0.74158 0.46456
vt 0.73098 0.46456
vt 0.71638 0.46456
vt 0.69805 0.46456
vt 0.67629 0.46456
vt 0.65148 0.46456
vt 0.62404 0.46456
vt 0.59444 0.46456
vt 0.56320 0.46456
vt 0.53083 0.46456
vt 0.49790 0.46456
vt 0.46497 0.46456
vt 0.43261 0.46456
vt 0.40136 0.46456
vt 0.37176 0.46456
vt 0.34432 0.46456
vt 0.31951 0.46456
vt 0.29775 0.46456
vt 0.27942 0.46456
vt 0.26482 0.46456
vt 0.25422 0.46456
vt 0.24778 0.46456
vt 0.24562 0.46456
vt 0.24778 0.46456
vt 0.25422 0.46456
vt 0.26482 0.46456
vt 0.27942 0.46456
vt 0.29775 0.46456
vt 0.31951 0.46456
vt 0.34432 0.46456
vt 0.37176 0.46456
vt 0.40136 0.46456
vt 0.43261 0.46456
vt 0.46497 0.46456
vt 0.49790 0.46456
vt 0.53083 0.46456
vt 0.56320 0.46456
vt 0.59444 0.46456
vt 0.62404 0.46456
vt 0.65148 0.46456
vt 0.67629 0.46456
vt 0.69805 0.46456
vt 0.71638 0.46456
vt 0.73098 0.46456
vt 0.74158 0.46456
vt 0.74802 0.46456
vt 0.75018 0.46456
vt 0.74288 0.47302
vt 0.74079 0.47302
vt 0.73453 0.47302
vt 0.72423 0.47302
vt 0.71006 0.47302
vt 0.69226 0.47302
vt 0.67113 0.47302
vt 0.64704 0.47302
vt 0.62039 0.47302
vt 0.59165 0.47302
vt 0.56131 0.47302
vt 0.52988 0.47302
vt 0.49790 0.47302
vt 0.46592 0.47302
vt 0.43449 0.47302
vt 0.40415 0.47302
vt 0.37541 0.47302
vt 0.34877 0.47302
vt 0.32467 0.47302
vt 0.30354 0.47302
vt 0.28574 0.47302
vt 0.27157 0.47302
vt 0.26127 0.47302
vt 0.25502 0.47302
vt 0.25292 0.47302
vt 0.25502 0.47302
vt 0.26127 0.47302
vt 0.27157 0.47302
vt 0.28574 0.47302
vt 0.30354 0.47302
vt 0.32467 0.47302
vt 0.34877 0.47302
vt 0.37541 0.47302
vt 0.40415 0.47302
vt 0.43449 0.47302
vt 0.46592 0.47302
vt 0.49790 0.47302
vt 0.52988 0.47302
vt 0.56131 0.47302
vt 0.59165 0.47302
vt 0.62039 0.47302
vt 0.64704 0.47302
vt 0.67113 0.47302
vt 0.69226 0.47302
vt 0.71006 0.47302
vt 0.72423 0.47302
vt 0.73453 0.47302
vt 0.74079 0.47302
vt 0.74288 0.47302
vt 0.73235 0.48118
vt 0.73035 0.48118
vt 0.72436 0.48118
vt 0.71451 0.48118
vt 0.70094 0.48118
vt 0.68390 0.48118
vt 0.66368 0.48118
vt 0.64063 0.48118
vt 0.61513 0.48118
vt 0.58762 0.48118
vt 0.55858 0.48118
vt 0.52850 0.48118
vt 0.49790 0.48118
vt 0.46730 0.48118
vt 0.43722 0.48118
vt 0.40818 0.48118
vt 0.38067 0.48118
vt 0.35517 0.48118
vt 0.33212 0.48118
vt 0.31190 0.48118
vt 0.29486 0.48118
vt 0.28129 0.48118
vt 0.27144 0.48118
vt 0.26545 0.48118
vt 0.26345 0.48118
vt 0.26545 0.48118
vt 0.27144 0.48118
vt 0.28129 0.48118
vt 0.29486 0.48118
vt 0.31190 0.48118
vt 0.33212 0.48118
vt 0.35517 0.48118
vt 0.38067 0.48118
vt 0.40818 0.48118
vt 0.43722 0.48118
vt 0.46730 0.48118
vt 0.49790 0.48118
vt 0.52850 0.48118
vt 0.55858 0.48118
vt 0.58762 0.48118
vt 0.61513 0.48118
vt 0.64063 0.48118
vt 0.66368 0.48118
vt 0.68390 0.48118
vt 0.70094 0.48118
vt 0.71451 0.48118
vt 0.72436 0.48118
vt 0.73035 0.48118
vt 0.73235 0.48118
vt 0.71874 0.48893
vt 0.71685 0.48893
vt 0.71121 0.48893
vt 0.70193 0.48893
vt 0.68915 0.48893
vt 0.67310 0.48893
vt 0.65406 0.48893
vt 0.63234 0.48893
vt 0.60832 0.48893
vt 0.58241 0.48893
vt 0.55506 0.48893
vt 0.52673 0.48893
vt 0.49790 0.48893
vt 0.46908 0.48893
vt 0.44074 0.48893
vt 0.41339 0.48893
vt 0.38748 0.48893
vt 0.36346 0.48893
vt 0.34175 0.48893
vt 0.32270 0.48893
vt 0.30665 0.48893
vt 0.29387 0.48893
vt 0.28459 0.48893
vt 0.27895 0.48893
vt 0.27706 0.48893
vt 0.27895 0.48893
vt 0.28459 0.48893
vt 0.29387 0.48893
vt 0.30665 0.48893
vt 0.32270 0.48893
vt 0.34175 0.48893
vt 0.36346 0.48893
vt 0.38748 0.48893
vt 0.41339 0.48893
vt 0.44074 0.48893
vt 0.46908 0.48893
vt 0.49790 0.48893
vt 0.52673 0.48893
vt 0.55506 0.48893
vt 0.58241 0.48893
vt 0.60832 0.48893
vt 0.63234 0.48893
vt 0.65406 0.48893
vt 0.67310 0.48893
vt 0.68915 0.48893
vt 0.70193 0.48893
vt 0.71121 0.48893
vt 0.71685 0.48893
vt 0.71874 0.48893
vt 0.70221 0.49617
vt 0.70046 0.49617
vt 0.69525 0.49617
vt 0.68666 0.49617
vt 0.67484 0.49617
vt 0.65999 0.49617
vt 0.64237 0.49617
vt 0.62228 0.49617
vt 0.60006 0.49617
vt 0.57609 0.49617
vt 0.55078 0.49617
vt 0.52457 0.49617
vt 0.49790 0.49617
vt 0.47123 0.49617
vt 0.44502 0.49617
vt 0.41971 0.49617
vt 0.39575 0.49617
vt 0.37352 0.49617
vt 0.35343 0.49617
vt 0.33581 0.49617
vt 0.32096 0.49617
vt 0.30914 0.49617
vt 0.30055 0.49617
vt 0.29534 0.49617
vt 0.29359 0.49617
vt 0.29534 0.49617
vt 0.30055 0.49617
vt 0.30914 0.49617
vt 0.32096 0.49617
vt 0.33581 0.49617
vt 0.35343 0.49617
vt 0.37352 0.49617
vt 0.39575 0.49617
vt 0.41971 0.49617
vt 0.44502 0.49617
vt 0.47123 0.49617
vt 0.49790 0.49617
vt 0.52457 0.49617
vt 0.55078 0.49617
vt 0.57609 0.49617
vt 0.60006 0.49617
vt 0.62228 0.49617
vt 0.64237 0.49617
vt 0.65999 0.49617
vt 0.67484 0.49617
vt 0.68666 0.49617
vt 0.69525 0.49617
vt 0.70046 0.49617
vt 0.70221 0.49617
vt 0.68299 0.50279
vt 0.68141 0.50279
vt 0.67668 0.50279
vt 0.66890 0.50279
vt 0.65819 0.50279
vt 0.64474 0.50279
vt 0.62878 0.50279
vt 0.61058 0.50279
vt 0.59045 0.50279
vt 0.56873 0.50279
vt 0.54581 0.50279
vt 0.52206 0.50279
vt 0.49790 0.50279
vt 0.47374 0.50279
vt 0.45000 0.50279
vt 0.42707 0.50279
vt 0.40535 0.50279
vt 0.38522 0.50279
vt 0.36702 0.50279
vt 0.35106 0.50279
vt 0.33761 0.50279
vt 0.32690 0.50279
vt 0.31912 0.50279
vt 0.31439 0.50279
vt 0.31281 0.50279
vt 0.31439 0.50279
vt 0.31912 0.50279
vt 0.32690 0.50279
vt 0.33761 0.50279
vt 0.35106 0.50279
vt 0.36702 0.50279
vt 0.38522 0.50279
vt 0.40535 0.50279
vt 0.42707 0.50279
vt 0.45000 0.50279
vt 0.47374 0.50279
vt 0.49790 0.50279
vt 0.52206 0.50279
vt 0.54581 0.50279
vt 0.56873 0.50279
vt 0.59045 0.50279
vt 0.61058 0.50279
vt 0.62878 0.50279
vt 0.64474 0.50279
vt 0.65819 0.50279
vt 0.66890 0.50279
vt 0.67668 0.50279
vt 0.68141 0.50279
vt 0.68299 0.50279
vt 0.66133 0.50872
vt 0.65994 0.50872
vt 0.65577 0.50872
vt 0.64889 0.50872
vt 0.63944 0.50872
vt 0.62756 0.50872
vt 0.61347 0.50872
vt 0.59739 0.50872
vt 0.57962 0.50872
vt 0.56044 0.50872
vt 0.54020 0.50872
vt 0.51923 0.50872
vt 0.49790 0.50872
vt 0.47657 0.50872
vt 0.45560 0.50872
vt 0.43536 0.50872
vt 0.41618 0.50872
vt 0.39841 0.50872
vt 0.38234 0.50872
vt 0.36824 0.50872
vt 0.35636 0.50872
vt 0.34691 0.50872
vt 0.34004 0.50872
vt 0.33586 0.50872
vt 0.33447 0.50872
vt 0.33586 0.50872
vt 0.34004 0.50872
vt 0.34691 0.50872
vt 0.35636 0.50872
vt 0.36824 0.50872
vt 0.38234 0.50872
vt 0.39841 0.50872
vt 0.41618 0.50872
vt 0.43536 0.50872
vt 0.45560 0.50872
vt 0.47657 0.50872
vt 0.49790 0.50872
vt 0.51923 0.50872
vt 0.54020 0.50872
vt 0.56044 0.50872
vt 0.57962 0.50872
vt 0.59739 0.50872
vt 0.61347 0.50872
vt 0.62756 0.50872
vt 0.63944 0.50872
vt 0.64889 0.50872
vt 0.65577 0.50872
vt 0.65994 0.50872
vt 0.66133 0.50872
vt 0.63752 0.51388
vt 0.63633 0.51388
vt 0.63277 0.51388
vt 0.62689 0.51388
vt 0.61882 0.51388
vt 0.60867 0.51388
vt 0.59663 0.51388
vt 0.58290 0.51388
vt 0.56771 0.51388
vt 0.55133 0.51388
vt 0.53404 0.51388
vt 0.51612 0.51388
vt 0.49790 0.51388
vt 0.47968 0.51388
vt 0.46176 0.51388
vt 0.44447 0.51388
vt 0.42809 0.51388
vt 0.41290 0.51388
vt 0.39917 0.51388
vt 0.38713 0.51388
vt 0.37698 0.51388
vt 0.36891 0.51388
vt 0.36304 0.51388
vt 0.35947 0.51388
vt 0.35828 0.51388
vt 0.35947 0.51388
vt 0.36304 0.51388
vt 0.36891 0.51388
vt 0.37698 0.51388
vt 0.38713 0.51388
vt 0.39917 0.51388
vt 0.41290 0.51388
vt 0.42809 0.51388
vt 0.44447 0.51388
vt 0.46176 0.51388
vt 0.47968 0.51388
vt 0.49790 0.51388
vt 0.51612 0.51388
vt 0.53404 0.51388
vt 0.55133 0.51388
vt 0.56771 0.51388
vt 0.58290 0.51388
vt 0.59663 0.51388
vt 0.60867 0.51388
vt 0.61882 0.51388
vt 0.62689 0.51388
vt 0.63277 0.51388
vt 0.63633 0.51388
vt 0.63752 0.51388
vt 0.61187 0.51820
vt 0.61090 0.51820
vt 0.60799 0.51820
vt 0.60320 0.51820
vt 0.59660 0.51820
vt 0.58832 0.51820
vt 0.57849 0.51820
vt 0.56728 0.51820
vt 0.55489 0.51820
vt 0.54152 0.51820
vt 0.52740 0.51820
vt 0.51278 0.51820
vt 0.49790 0.51820
vt 0.48302 0.51820
vt 0.46840 0.51820
vt 0.45429 0.51820
vt 0.44091 0.51820
vt 0.42852 0.51820
vt 0.41731 0.51820
vt 0.40748 0.51820
vt 0.39920 0.51820
vt 0.39260 0.51820
vt 0.38781 0.51820
vt 0.38490 0.51820
vt 0.38393 0.51820
vt 0.38490 0.51820
vt 0.38781 0.51820
vt 0.39260 0.51820
vt 0.39920 0.51820
vt 0.40748 0.51820
vt 0.41731 0.51820
vt 0.42852 0.51820
vt 0.44091 0.51820
vt 0.45429 0.51820
vt 0.46840 0.51820
vt 0.48302 0.51820
vt 0.49790 0.51820
vt 0.51278 0.51820
vt 0.52740 0.51820
vt 0.54152 0.51820
vt 0.55489 0.51820
vt 0.56728 0.51820
vt 0.57849 0.51820
vt 0.58832 0.51820
vt 0.59660 0.51820
vt 0.60320 0.51820
vt 0.60799 0.51820
vt 0.61090 0.51820
vt 0.61187 0.51820
vt 0.58472 0.52161
vt 0.58398 0.52161
vt 0.58176 0.52161
vt 0.57811 0.52161
vt 0.57309 0.52161
vt 0.56678 0.52161
vt 0.55929 0.52161
vt 0.55075 0.52161
vt 0.54131 0.52161
vt 0.53112 0.52161
vt 0.52037 0.52161
vt 0.50923 0.52161
vt 0.49790 0.52161
vt 0.48657 0.52161
vt 0.47543 0.52161
vt 0.46468 0.52161
vt 0.45449 0.52161
vt 0.44505 0.52161
vt 0.43651 0.52161
vt 0.42902 0.52161
vt 0.42271 0.52161
vt 0.41769 0.52161
vt 0.41404 0.52161
vt 0.41182 0.52161
vt 0.41108 0.52161
vt 0.41182 0.52161
vt 0.41404 0.52161
vt 0.41769 0.52161
vt 0.42271 0.52161
vt 0.42902 0.52161
vt 0.43651 0.52161
vt 0.44505 0.52161
vt 0.45449 0.52161
vt 0.46468 0.52161
vt 0.47543 0.52161
vt 0.48657 0.52161
vt 0.49790 0.52161
vt 0.50923 0.52161
vt 0.52037 0.52161
vt 0.53112 0.52161
vt 0.54131 0.52161
vt 0.55075 0.52161
vt 0.55929 0.52161
vt 0.56678 0.52161
vt 0.57309 0.52161
vt 0.57811 0.52161
vt 0.58176 0.52161
vt 0.58398 0.52161
vt 0.58472 0.52161
vt 0.55642 0.52409
vt 0.55592 0.52409
vt 0.55443 0.52409
vt 0.55197 0.52409
vt 0.54858 0.52409
vt 0.54433 0.52409
vt 0.53928 0.52409
vt 0.53353 0.52409
vt 0.52716 0.52409
vt 0.52030 0.52409
vt 0.51305 0.52409
vt 0.50554 0.52409
vt 0.49790 0.52409
vt 0.49026 0.52409
vt 0.48275 0.52409
vt 0.47550 0.52409
vt 0.46864 0.52409
vt 0.46227 0.52409
vt 0.45652 0.52409
vt 0.45147 0.52409
vt 0.44722 0.52409
vt 0.44383 0.52409
vt 0.44137 0.52409
vt 0.43988 0.52409
vt 0.43938 0.52409
vt 0.43988 0.52409
vt 0.44137 0.52409
vt 0.44383 0.52409
vt 0.44722 0.52409
vt 0.45147 0.52409
vt 0.45652 0.52409
vt 0.46227 0.52409
vt 0.46864 0.52409
vt 0.47550 0.52409
vt 0.48275 0.52409
vt 0.49026 0.52409
vt 0.49790 0.52409
vt 0.50554 0.52409
vt 0.51305 0.52409
vt 0.52030 0.52409
vt 0.52716 0.52409
vt 0.53353 0.52409
vt 0.53928 0.52409
vt 0.54433 0.52409
vt 0.54858 0.52409
vt 0.55197 0.52409
vt 0.55443 0.52409
vt 0.55592 0.52409
vt 0.55642 0.52409
vt 0.52736 0.52559
vt 0.52710 0.52559
vt 0.52635 0.52559
vt 0.52511 0.52559
vt 0.52341 0.52559
vt 0.52127 0.52559
vt 0.51873 0.52559
vt 0.51583 0.52559
vt 0.51263 0.52559
vt 0.50917 0.52559
vt 0.50552 0.52559
vt 0.50175 0.52559
vt 0.49790 0.52559
vt 0.49406 0.52559
vt 0.49028 0.52559
vt 0.48663 0.52559
vt 0.48317 0.52559
vt 0.47997 0.52559
vt 0.47707 0.52559
vt 0.47453 0.52559
vt 0.47239 0.52559
vt 0.47069 0.52559
vt 0.46945 0.52559
vt 0.46870 0.52559
vt 0.46844 0.52559
vt 0.46870 0.52559
vt 0.46945 0.52559
vt 0.47069 0.52559
vt 0.47239 0.52559
vt 0.47453 0.52559
vt 0.47707 0.52559
vt 0.47997 0.52559
vt 0.48317 0.52559
vt 0.48663 0.52559
vt 0.49028 0.52559
vt 0.49406 0.52559
vt 0.49790 0.52559
vt 0.50175 0.52559
vt 0.50552 0.52559
vt 0.50917 0.52559
vt 0.51263 0.52559
vt 0.51583 0.52559
vt 0.51873 0.52559
vt 0.52127 0.52559
vt 0.52341 0.52559
vt 0.52511 0.52559
vt 0.52635 0.52559
vt 0.52710 0.52559
vt 0.52736 0.52559
vt 0.49790 0.52609
vt 0.49790 0.52609
vt 0.49790 0.52609
vt 0.49790 0.52609
vt 0.49790 0.52609
vt 0.49790 0.52609
vt 0.49790 0.52609
vt 0.49790 0.52609
vt 0.49790 0.52609
vt 0.49790 0.52609
vt 0.49790 0.52609
vt 0.49790 0.52609
vt 0.49790 0.52609
vt 0.49790 0.52609
vt 0.49790 0.52609
vt 0.49790 0.52609
vt 0.49790 0.52609
vt 0.49790 0.52609
vt 0.49790 0.52609
vt 0.49790 0.52609
vt 0.49790 0.52609
vt 0.49790 0.52609
vt 0.49790 0.52609
vt 0.49790 0.52609
vt 0.49790 0.52609
vt 0.49790 0.52609
vt 0.49790 0.52609
vt 0.49790 0.52609
vt 0.49790 0.52609
vt 0.49790 0.52609
vt 0.49790 0.52609
vt 0.49790 0.52609
vt 0.49790 0.52609
vt 0.49790 0.52609
vt 0.49790 0.52609
vt 0.49790 0.52609
vt 0.49790 0.52609
vt 0.49790 0.52609
vt 0.49790 0.52609
vt 0.49790 0.52609
vt 0.49790 0.52609
vt 0.49790 0.52609
vt 0.49790 0.52609
vt 0.49790 0.52609
vt 0.49790 0.52609
vt 0.49790 0.52609
vt 0.49790 0.52609
vt 0.49790 0.52609
vt 0.49790 0.52609
vt 0.49790 0.52609
vt 0.49790 0.52609
vt 0.49790 0.52609
vt 0.49790 0.52609
vt 0.49790 0.52609
vt 0.49790 0.52609
vt 0.49790 0.52609
vt 0.49790 0.52609
vt 0.49790 0.52609
vt 0.49790 0.52609
vt 0.49790 0.52609
vt 0.49790 0.52609
vt 0.49790 0.52609
vt 0.49790 0.52609
vt 0.49790 0.52609
vt 0.49790 0.52609
vt 0.49790 0.52609
vt 0.49790 0.52609
vt 0.49790 0.52609
vt 0.49790 0.52609
vt 0.49790 0.52609
vt 0.49790 0.52609
vt 0.49790 0.52609
vt 0.49790 0.52609
vt 0.49790 0.52609
vt 0.49790 0.52609
vt 0.49790 0.52609
vt 0.49790 0.52609
vt 0.49790 0.52609
vt 0.49790 0.52609
vt 0.49790 0.52609
vt 0.49790 0.52609
vt 0.49790 0.52609
vt 0.49790 0.52609
vt 0.49790 0.52609
vt 0.49790 0.52609
vt 0.49790 0.52609
vt 0.49790 0.52609
vt 0.49790 0.52609
vt 0.49790 0.52609
vt 0.49790 0.52609
vt 0.49790 0.52609
vt 0.49790 0.52609
vt 0.49790 0.52609
vt 0.49790 0.52609
vt 0.49790 0.52609
vt 0.49790 0.52609
vt 0.49790 0.52609
vt 0.49790 0.52609
f 50/50 2/2 1/1
f 50/50 51/51 2/2
f 51/51 3/3 2/2
f 51/51 52/52 3/3
f 52/52 4/4 3/3
f 52/52 53/53 4/4
f 53/53 5/5 4/4
f 53/53 54/54 5/5
f 54/54 6/6 5/5
f 54/54 55/55 6/6
f 55/55 7/7 6/6
f 55/55 56/56 7/7
f 56/56 8/8 7/7
f 56/56 57/57 8/8
f 57/57 9/9 8/8
f 57/57 58/58 9/9
f 58/58 10/10 9/9
f 58/58 59/59 10/10
f 59/59 11/11 10/10
f 59/59 60/60 11/11
f 60/60 12/12 11/11
f 60/60 61/61 12/12
f 61/61 13/13 12/12
f 61/61 62/62 13/13
f 62/62 14/14 13/13
f 62/62 63/63 14/14
f 63/63 15/15 14/14
f 63/63 64/64 15/15
f 64/64 16/16 15/15
f 64/64 65/65 16/16
f 65/65 17/17 16/16
f 65/65 66/66 17/17
f 66/66 18/18 17/17
f 66/66 67/67 18/18
f 67/67 19/19 18/18
f 67/67 68/68 19/19
f 68/68 20/20 19/19
f 68/68 69/69 20/20
f 69/69 21/21 20/20
f 69/69 70/70 21/21
f 70/70 22/22 21/21
f 70/70 71/71 22/22
f 71/71 23/23 22/22
f 71/71 72/72 23/23
f 72/72 24/24 23/23
f 72/72 73/73 24/24
f 73/73 25/25 24/24
f 73/73 74/74 25/25
f 74/74 26/26 25/25
f 74/74 75/75 26/26
f 75/75 27/27 26/26
f 75/75 76/76 27/27
f 76/76 28/28 27/27
f 76/76 77/77 28/28
f 77/77 29/29 28/28
f 77/77 78/78 29/29
f 78/78 30/30 29/29
f 78/78 79/79 30/30
f 79/79 31/31 30/30
f 79/79 80/80 31/31
f 80/80 32/32 31/31
f 80/80 81/81 32/32
f 81/81 33/33 32/32
f 81/81 82/82 33/33
f 82/82 34/34 33/33
f 82/82 83/83 34/34
f 83/83 35/35 34/34
f 83/83 84/84 35/35
f 84/84 36/36 35/35
f 84/84 85/85 36/36
f 85/85 37/37 36/36
f 85/85 86/86 37/37
f 86/86 38/38 37/37
f 86/86 87/87 38/38
f 87/87 39/39 38/38
f 87/87 88/88 39/39
f 88/88 40/40 39/39
f 88/88 89/89 40/40
f 89/89 41/41 40/40
f 89/89 90/90 41/41
f 90/90 42/42 41/41
f 90/90 91/91 42/42
f 91/91 43/43 42/42
f 91/91 92/92 43/43
f 92/92 44/44 43/43
f 92/92 93/93 44/44
f 93/93 45/45 44/44
f 93/93 94/94 45/45
f 94/94 46/46 45/45
f 94/94 95/95 46/46
f 95/95 47/47 46/46
f 95/95 96/96 47/47
f 96/96 48/48 47/47
f 96/96 97/97 48/48
f 97/97 49/49 48/48
f 97/97 98/98 49/49
f 99/99 51/51 50/50
f 99/99 100/100 51/51
f 100/100 52/52 51/51
f 100/100 101/101 52/52
f 101/101 53/53 52/52
f 101/101 102/102 53/53
f 102/102 54/54 53/53
f 102/102 103/103 54/54
f 103/103 55/55 54/54
f 103/103 104/104 55/55
f 104/104 56/56 55/55
f 104/104 105/105 56/56
f 105/105 57/57 56/56
f 105/105 106/106 57/57
f 106/106 58/58 57/57
f 106/106 107/107 58/58
f 107/107 59/59 58/58
f 107/107 108/108 59/59
f 108/108 60/60 59/59
f 108/108 109/109 60/60
f 109/109 61/61 60/60
f 109/109 110/110 61/61
f 110/110 62/62 61/61
f 110/110 111/111 62/62
f 111/111 63/63 62/62
f 111/111 112/112 63/63
f 112/112 64/64 63/63
f 112/112 113/113 64/64
f 113/113 65/65 64/64
f 113/113 114/114 65/65
f 114/114 66/66 65/65
f 114/114 115/115 66/66
f 115/115 67/67 66/66
f 115/115 116/116 67/67
f 116/116 68/68 67/67
f 116/116 117/117 68/68
f 117/117 69/69 68/68
f 117/117 118/118 69/69
f 118/118 70/70 69/69
f 118/118 119/119 70/70
f 119/119 71/71 70/70
f 119/119 120/120 71/71
f 120/120 72/72 71/71
f 120/120 121/121 72/72
f 121/121 73/73 72/72
f 121/121 122/122 73/73
f 122/122 74/74 73/73
f 122/122 123/123 74/74
f 123/123 75/75 74/74
f 123/123 124/124 75/75
f 124/124 76/76 75/75
f 124/124 125/125 76/76
f 125/125 77/77 76/76
f 125/125 126/126 77/77
f 126/126 78/78 77/77
f 126/126 127/127 78/78
f 127/127 79/79 78/78
f 127/127 128/128 79/79
f 128/128 80/80 79/79
f 128/128 129/129 80/80
f 129/129 81/81 80/80
f 129/129 130/130 81/81
f 130/130 82/82 81/81
f 130/130 131/131 82/82
f 131/131 83/83 82/82
f 131/131 132/132 83/83
f 132/132 84/84 83/83
f 132/132 133/133 84/84
f 133/133 85/85 84/84
f 133/133 134/134 85/85
f 134/134 86/86 85/85
f 134/134 135/135 86/86
f 135/135 87/87 86/86
f 135/135 136/136 87/87
f 136/136 88/88 87/87
f 136/136 137/137 88/88
f 137/137 89/89 88/88
f 137/137 138/138 89/89
f 138/138 90/90 89/89
f 138/138 139/139 90/90
f 139/139 91/91 90/90
f 139/139 140/140 91/91
f 140/140 92/92 91/91
f 140/140 141/141 92/92
f 141/141 93/93 92/92
f 141/141 142/142 93/93
f 142/142 94/94 93/93
f 142/142 143/143 94/94
f 143/143 95/95 94/94
f 143/143 144/144 95/95
f 144/144 96/96 95/95
f 144/144 145/145 96/96
f 145/145 97/97 96/96
f 145/145 146/146 97/97
f 146/146 98/98 97/97
f 146/146 147/147 98/98
f 148/148 100/100 99/99
f 148/148 149/149 100/100
f 149/149 101/101 100/100
f 149/149 150/150 101/101
f 150/150 102/102 101/101
f 150/150 151/151 102/102
f 151/151 103/103 102/102
f 151/151 152/152 103/103
f 152/152 104/104 103/103
f 152/152 153/153 104/104
f 153/153 105/105 104/104
f 153/153 154/154 105/105
f 154/154 106/106 105/105
f 154/154 155/155 106/106
f 155/155 107/107 106/106
f 155/155 156/156 107/107
f 156/156 108/108 107/107
f 156/156 157/157 108/108
f 157/157 109/109 108/108
f 157/157 158/158 109/109
f 158/158 110/110 109/109
f 158/158 159/159 110/110
f 159/159 111/111 110/110
f 159/159 160/160 111/111
f 160/160 112/112 111/111
f 160/160 161/161 112/112
f 161/161 113/113 112/112
f 161/161 162/162 113/113
f 162/162 114/114 113/113
f 162/162 163/163 114/114
f 163/163 115/115 114/114
f 163/163 164/164 115/115
f 164/164 116/116 115/115
f 164/164 165/165 116/116
f 165/165 117/117 116/116
f 165/165 166/166 117/117
f 166/166 118/118 117/117
f 166/166 167/167 118/118
f 167/167 119/119 118/118
f 167/167 168/168 119/119
f 168/168 120/120 119/119
f 168/168 169/169 120/120
f 169/169 121/121 120/120
f 169/169 170/170 121/121
f 170/170 122/122 121/121
f 170/170 171/171 122/122
f 171/171 123/123 122/122
f 171/171 172/172 123/123
f 172/172 124/124 123/123
f 172/172 173/173 124/124
f 173/173 125/125 124/124
f 173/173 174/174 125/125
f 174/174 126/126 125/125
f 174/174 175/175 126/126
f 175/175 127/127 126/126
f 175/175 176/176 127/127
f 176/176 128/128 127/127
f 176/176 177/177 128/128
f 177/177 129/129 128/128
f 177/177 178/178 129/129
f 178/178 130/130 129/129
f 178/178 179/179 130/130
f 179/179 131/131 130/130
f 179/179 180/180 131/131
f 180/180 132/132 131/131
f 180/180 181/181 132/132
f 181/181 133/133 132/132
f 181/181 182/182 133/133
f 182/182 134/134 133/133
f 182/182 183/183 134/134
f 183/183 135/135 134/134
f 183/183 184/184 135/135
f 184/184 136/136 135/135
f 184/184 185/185 136/136
f 185/185 137/137 136/136
f 185/185 186/186 137/137
f 186/186 138/138 137/137
f 186/186 187/187 138/138
f 187/187 139/139 138/138
f 187/187 188/188 139/139
f 188/188 140/140 139/139
f 188/188 189/189 140/140
f 189/189 141/141 140/140
f 189/189 190/190 141/141
f 190/190 142/142 141/141
f 190/190 191/191 142/142
f 191/191 143/143 142/142
f 191/191 192/192 143/143
f 192/192 144/144 143/143
f 192/192 193/193 144/144
f 193/193 145/145 144/144
f 193/193 194/194 145/145
f 194/194 146/146 145/145
f 194/194 195/195 146/146
f 195/195 147/147 146/146
f 195/195 196/196 147/147
f 197/197 149/149 148/148
f 197/197 198/198 149/149
f 198/198 150/150 149/149
f 198/198 199/199 150/150
f 199/199 151/151 150/150
f 199/199 200/200 151/151
f 200/200 152/152 151/151
f 200/200 201/201 152/152
f 201/201 153/153 152/152
f 201/201 202/202 153/153
f 202/202 154/154 153/153
f 202/202 203/203 154/154
f 203/203 155/155 154/154
f 203/203 204/204 155/155
f 204/204 156/156 155/155
f 204/204 205/205 156/156
f 205/205 157/157 156/156
f 205/205 206/206 157/157
f 206/206 158/158 157/157
f 206/206 207/207 158/158
f 207/207 159/159 158/158
f 207/207 208/208 159/159
f 208/208 160/160 159/159
f 208/208 209/209 160/160
f 209/209 161/161 160/160
f 209/209 210/210 161/161
f 210/210 162/162 161/161
f 210/210 211/211 162/162
f 211/211 163/163 162/162
f 211/211 212/212 163/163
f 212/212 164/164 163/163
f 212/212 213/213 164/164
f 213/213 165/165 164/164
f 213/213 214/214 165/165
f 214/214 166/166 165/165
f 214/214 215/215 166/166
f 215/215 167/167 166/166
f 215/215 216/216 167/167
f 216/216 168/168 167/167
f 216/216 217/217 168/168
f 217/217 169/169 168/168
f 217/217 218/218 169/169
f 218/218 170/170 169/169
f 218/218 219/219 170/170
f 219/219 171/171 170/170
f 219/219 220/220 171/171
f 220/220 172/172 171/171
f 220/220 221/221 172/172
f 221/221 173/173 172/172
f 221/221 222/222 173/173
f 222/222 174/174 173/173
f 222/222 223/223 174/174
f 223/223 175/175 174/174
f 223/223 224/224 175/175
f 224/224 176/176 175/175
f 224/224 225/225 176/176
f 225/225 177/177 176/176
f 225/225 226/226 177/177
f 226/226 178/178 177/177
f 226/226 227/227 178/178
f 227/227 179/179 178/178
f 227/227 228/228 179/179
f 228/228 180/180 179/179
f 228/228 229/229 180/180
f 229/229 181/181 180/180
f 229/229 230/230 181/181
f 230/230 182/182 181/181
f 230/230 231/231 182/182
f 231/231 183/183 182/182
f 231/231 232/232 183/183
f 232/232 184/184 183/183
f 232/232 233/233 184/184
f 233/233 185/185 184/184
f 233/233 234/234 185/185
f 234/234 186/186 185/185
f 234/234 235/235 186/186
f 235/235 187/187 186/186
f 235/235 236/236 187/187
f 236/236 188/188 187/187
f 236/236 237/237 188/188
f 237/237 189/189 188/188
f 237/237 238/238 189/189
f 238/238 190/190 189/189
f 238/238 239/239 190/190
f 239/239 191/191 190/190
f 239/239 240/240 191/191
f 240/240 192/192 191/191
f 240/240 241/241 192/192
f 241/241 193/193 192/192
f 241/241 242/242 193/193
f 242/242 194/194 193/193
f 242/242 243/243 194/194
f 243/243 195/195 194/194
f 243/243 244/244 195/195
f 244/244 196/196 195/195
f 244/244 245/245 196/196
f 246/246 198/198 197/197
f 246/246 247/247 198/198
f 247/247 199/199 198/198
f 247/247 248/248 199/199
f 248/248 200/200 199/199
f 248/248 249/249 200/200
f 249/249 201/201 200/200
f 249/249 250/250 201/201
f 250/250 202/202 201/201
f 250/250 251/251 202/202
f 251/251 203/203 202/202
f 251/251 252/252 203/203
f 252/252 204/204 203/203
f 252/252 253/253 204/204
f 253/253 205/205 204/204
f 253/253 254/254 205/205
f 254/254 206/206 205/205
f 254/254 255/255 206/206
f 255/255 207/207 206/206
f 255/255 256/256 207/207
f 256/256 208/208 207/207
f 256/256 257/257 208/208
f 257/257 209/209 208/208
f 257/257 258/258 209/209
f 258/258 210/210 209/209
f 258/258 259/259 210/210
f 259/259 211/211 210/210
f 259/259 260/260 211/211
f 260/260 212/212 211/211
f 260/260 261/261 212/212
f 261/261 213/213 212/212
f 261/261 262/262 213/213
f 262/262 214/214 213/213
f 262/262 263/263 214/214
f 263/263 215/215 214/214
f 263/263 264/264 215/215
f 264/264 216/216 215/215
f 264/264 265/265 216/216
f 265/265 217/217 216/216
f 265/265 266/266 217/217
f 266/266 218/218 217/217
f 266/266 267/267 218/218
f 267/267 219/219 218/218
f 267/267 268/268 219/219
f 268/268 220/220 219/219
f 268/268 269/269 220/220
f 269/269 221/221 220/220
f 269/269 270/270 221/221
f 270/270 222/222 221/221
f 270/270 271/271 222/222
f 271/271 223/223 222/222
f 271/271 272/272 223/223
f 272/272 224/224 223/223
f 272/272 273/273 224/224
f 273/273 225/225 224/224
f 273/273 274/274 225/225
f 274/274 226/226 225/225
f 274/274 275/275 226/226
f 275/275 227/227 226/226
f 275/275 276/276 227/227
f 276/276 228/228 227/227
f 276/276 277/277 228/228
f 277/277 229/229 228/228
f 277/277 278/278 229/229
f 278/278 230/230 229/229
f 278/278 279/279 230/230
f 279/279 231/231 230/230
f 279/279 280/280 231/231
f 280/280 232/232 231/231
f 280/280 281/281 232/232
f 281/281 233/233 232/232
f 281/281 282/282 233/233
f 282/282 234/234 233/233
f 282/282 283/283 234/234
f 283/283 235/235 234/234
f 283/283 284/284 235/235
f 284/284 236/236 235/235
f 284/284 285/285 236/236
f 285/285 237/237 236/236
f 285/285 286/286 237/237
f 286/286 238/238 237/237
f 286/286 287/287 238/238
f 287/287 239/239 238/238
f 287/287 288/288 239/239
f 288/288 240/240 239/239
f 288/288 289/289 240/240
f 289/289 241/241 240/240
f 289/289 290/290 241/241
f 290/290 242/242 241/241
f 290/290 291/291 242/242
f 291/291 243/243 242/242
f 291/291 292/292 243/243
f 292/292 244/244 243/243
f 292/292 293/293 244/244
f 293/293 245/245 244/244
f 293/293 294/294 245/245
f 295/295 247/247 246/246
f 295/295 296/296 247/247
f 296/296 248/248 247/247
f 296/296 297/297 248/248
f 297/297 249/249 248/248
f 297/297 298/298 249/249
f 298/298 250/250 249/249
f 298/298 299/299 250/250
f 299/299 251/251 250/250
f 299/299 300/300 251/251
f 300/300 252/252 251/251
f 300/300 301/301 252/252
f 301/301 253/253 252/252
f 301/301 302/302 253/253
f 302/302 254/254 253/253
f 302/302 303/303 254/254
f 303/303 255/255 254/254
f 303/303 304/304 255/255
f 304/304 256/256 255/255
f 304/304 305/305 256/256
f 305/305 257/257 256/256
f 305/305 306/306 257/257
f 306/306 258/258 257/257
f 306/306 307/307 258/258
f 307/307 259/259 258/258
f 307/307 308/308 259/259
f 308/308 260/260 259/259
f 308/308 309/309 260/260
f 309/309 261/261 260/260
f 309/309 310/310 261/261
f 310/310 262/262 261/261
f 310/310 311/311 262/262
f 311/311 263/263 262/262
f 311/311 312/312 263/263
f 312/312 264/264 263/263
f 312/312 313/313 264/264
f 313/313 265/265 264/264
f 313/313 314/314 265/265
f 314/314 266/266 265/265
f 314/314 315/315 266/266
f 315/315 267/267 266/266
f 315/315 316/316 267/267
f 316/316 268/268 267/267
f 316/316 317/317 268/268
f 317/317 269/269 268/268
f 317/317 318/318 269/269
f 318/318 270/270 269/269
f 318/318 319/319 270/270
f 319/319 271/271 270/270
f 319/319 320/320 271/271
f 320/320 272/272 271/271
f 320/320 321/321 272/272
f 321/321 273/273 272/272
f 321/321 322/322 273/273
f 322/322 274/274 273/273
f 322/322 323/323 274/274
f 323/323 275/275 274/274
f 323/323 324/324 275/275
f 324/324 276/276 275/275
f 324/324 325/325 276/276
f 325/325 277/277 276/276
f 325/325 326/326 277/277
f 326/326 278/278 277/277
f 326/326 327/327 278/278
f 327/327 279/279 278/278
f 327/327 328/328 279/279
f 328/328 280/280 279/279
f 328/328 329/329 280/280
f 329/329 281/281 280/280
f 329/329 330/330 281/281
f 330/330 282/282 281/281
f 330/330 331/331 282/282
f 331/331 283/283 282/282
f 331/331 332/332 283/283
f 332/332 284/284 283/283
f 332/332 333/333 284/284
f 333/333 285/285 284/284
f 333/333 334/334 285/285
f 334/334 286/286 285/285
f 334/334 335/335 286/286
f 335/335 287/287 286/286
f 335/335 336/336 287/287
f 336/336 288/288 287/287
f 336/336 337/337 288/288
f 337/337 289/289 288/288
f 337/337 338/338 289/289
f 338/338 290/290 289/289
f 338/338 339/339 290/290
f 339/339 291/291 290/290
f 339/339 340/340 291/291
f 340/340 292/292 291/291
f 340/340 341/341 292/292
f 341/341 293/293 292/292
f 341/341 342/342 293/293
f 342/342 294/294 293/293
f 342/342 343/343 294/294
f 344/344 296/296 295/295
f 344/344 345/345 296/296
f 345/345 297/297 296/296
f 345/345 346/346 297/297
f 346/346 298/298 297/297
f 346/346 347/347 298/298
f 347/347 299/299 298/298
f 347/347 348/348 299/299
f 348/348 300/300 299/299
f 348/348 349/349 300/300
f 349/349 301/301 300/300
f 349/349 350/350 301/301
f 350/350 302/302 301/301
f 350/350 351/351 302/302
f 351/351 303/303 302/302
f 351/351 352/352 303/303
f 352/352 304/304 303/303
f 352/352 353/353 304/304
f 353/353 305/305 304/304
f 353/353 354/354 305/305
f 354/354 306/306 305/305
f 354/354 355/355 306/306
f 355/355 307/307 306/306
f 355/355 356/356 307/307
f 356/356 308/308 307/307
f 356/356 357/357 308/308
f 357/357 309/309 308/308
f 357/357 358/358 309/309
f 358/358 310/310 309/309
f 358/358 359/359 310/310
f 359/359 311/311 310/310
f 359/359 360/360 311/311
f 360/360 312/312 311/311
f 360/360 361/361 312/312
f 361/361 313/313 312/312
f 361/361 362/362 313/313
f 362/362 314/314 313/313
f 362/362 363/363 314/314
f 363/363 315/315 314/314
f 363/363 364/364 315/315
f 364/364 316/316 315/315
f 364/364 365/365 316/316
f 365/365 317/317 316/316
f 365/365 366/366 317/317
f 366/366 318/318 317/317
f 366/366 367/367 318/318
f 367/367 319/319 318/318
f 367/367 368/368 319/319
f 368/368 320/320 319/319
f 368/368 369/369 320/320
f 369/369 321/321 320/320
f 369/369 370/370 321/321
f 370/370 322/322 321/321
f 370/370 371/371 322/322
f 371/371 323/323 322/322
f 371/371 372/372 323/323
f 372/372 324/324 323/323
f 372/372 373/373 324/324
f 373/373 325/325 324/324
f 373/373 374/374 325/325
f 374/374 326/326 325/325
f 374/374 375/375 326/326
f 375/375 327/327 326/326
f 375/375 376/376 327/327
f 376/376 328/328 327/327
f 376/376 377/377 328/328
f 377/377 329/329 328/328
f 377/377 378/378 329/329
f 378/378 330/330 329/329
f 378/378 379/379 330/330
f 379/379 331/331 330/330
f 379/379 380/380 331/331
f 380/380 332/332 331/331
f 380/380 381/381 332/332
f 381/381 333/333 332/332
f 381/381 382/382 333/333
f 382/382 334/334 333/333
f 382/382 383/383 334/334
f 383/383 335/335 334/334
f 383/383 384/384 335/335
f 384/384 336/336 335/335
f 384/384 385/385 336/336
f 385/385 337/337 336/336
f 385/385 386/386 337/337
f 386/386 338/338 337/337
f 386/386 387/387 338/338
f 387/387 339/339 338/338
f 387/387 388/388 339/339
f 388/388 340/340 339/339
f 388/388 389/389 340/340
f 389/389 341/341 340/340
f 389/389 390/390 341/341
f 390/390 342/342 341/341
f 390/390 391/391 342/342
f 391/391 343/343 342/342
f 391/391 392/392 343/343
f 393/393 345/345 344/344
f 393/393 394/394 345/345
f 394/394 346/346 345/345
f 394/394 395/395 346/346
f 395/395 347/347 346/346
f 395/395 396/396 347/347
f 396/396 348/348 347/347
f 396/396 397/397 348/348
f 397/397 349/349 348/348
f 397/397 398/398 349/349
f 398/398 350/350 349/349
f 398/398 399/399 350/350
f 399/399 351/351 350/350
f 399/399 400/400 351/351
f 400/400 352/352 351/351
f 400/400 401/401 352/352
f 401/401 353/353 352/352
f 401/401 402/402 353/353
f 402/402 354/354 353/353
f 402/402 403/403 354/354
f 403/403 355/355 354/354
f 403/403 404/404 355/355
f 404/404 356/356 355/355
f 404/404 405/405 356/356
f 405/405 357/357 356/356
f 405/405 406/406 357/357
f 406/406 358/358 357/357
f 406/406 407/407 358/358
f 407/407 359/359 358/358
f 407/407 408/408 359/359
f 408/408 360/360 359/359
f 408/408 409/409 360/360
f 409/409 361/361 360/360
f 409/409 410/410 361/361
f 410/410 362/362 361/361
f 410/410 411/411 362/362
f 411/411 363/363 362/362
f 411/411 412/412 363/363
f 412/412 364/364 363/363
f 412/412 413/413 364/364
f 413/413 365/365 364/364
f 413/413 414/414 365/365
f 414/414 366/366 365/365
f 414/414 415/415 366/366
f 415/415 367/367 366/366
f 415/415 416/416 367/367
f 416/416 368/368 367/367
f 416/416 417/417 368/368
f 417/417 369/369 368/368
f 417/417 418/418 369/369
f 418/418 370/370 369/369
f 418/418 419/419 370/370
f 419/419 371/371 370/370
f 419/419 420/420 371/371
f 420/420 372/372 371/371
f 420/420 421/421 372/372
f 421/421 373/373 372/372
f 421/421 422/422 373/373
f 422/422 374/374 373/373
f 422/422 423/423 374/374
f 423/423 375/375 374/374
f 423/423 424/424 375/375
f 424/424 376/376 375/375
f 424/424 425/425 376/376
f 425/425 377/377 376/376
f 425/425 426/426 377/377
f 426/426 378/378 377/377
f 426/426 427/427 378/378
f 427/427 379/379 378/378
f 427/427 428/428 379/379
f 428/428 380/380 379/379
f 428/428 429/429 380/380
f 429/429 381/381 380/380
f 429/429 430/430 381/381
f 430/430 382/382 381/381
f 430/430 431/431 382/382
f 431/431 383/383 382/382
f 431/431 432/432 383/383
f 432/432 384/384 383/383
f 432/432 433/433 384/384
f 433/433 385/385 384/384
f 433/433 434/434 385/385
f 434/434 386/386 385/385
f 434/434 435/435 386/386
f 435/435 387/387 386/386
f 435/435 436/436 387/387
f 436/436 388/388 387/387
f 436/436 437/437 388/388
f 437/437 389/389 388/388
f 437/437 438/438 389/389
f 438/438 390/390 389/389
f 438/438 439/439 390/390
f 439/439 391/391 390/390
f 439/439 440/440 391/391
f 440/440 392/392 391/391
f 440/440 441/441 392/392
f 442/442 394/394 393/393
f 442/442 443/443 394/394
f 443/443 395/395 394/394
f 443/443 444/444 395/395
f 444/444 396/396 395/395
f 444/444 445/445 396/396
f 445/445 397/397 396/396
f 445/445 446/446 397/397
f 446/446 398/398 397/397
f 446/446 447/447 398/398
f 447/447 399/399 398/398
f 447/447 448/448 399/399
f 448/448 400/400 399/399
f 448/448 449/449 400/400
f 449/449 401/401 400/400
f 449/449 450/450 401/401
f 450/450 402/402 401/401
f 450/450 451/451 402/402
f 451/451 403/403 402/402
f 451/451 452/452 403/403
f 452/452 404/404 403/403
f 452/452 453/453 404/404
f 453/453 405/405 404/404
f 453/453 454/454 405/405
f 454/454 406/406 405/405
f 454/454 455/455 406/406
f 455/455 407/407 406/406
f 455/455 456/456 407/407
f 456/456 408/408 407/407
f 456/456 457/457 408/408
f 457/457 409/409 408/408
f 457/457 458/458 409/409
f 458/458 410/410 409/409
f 458/458 459/459 410/410
f 459/459 411/411 410/410
f 459/459 460/460 411/411
f 460/460 412/412 411/411
f 460/460 461/461 412/412
f 461/461 413/413 412/412
f 461/461 462/462 413/413
f 462/462 414/414 413/413
f 462/462 463/463 414/414
f 463/463 415/415 414/414
f 463/463 464/464 415/415
f 464/464 416/416 415/415
f 464/464 465/465 416/416
f 465/465 417/417 416/416
f 465/465 466/466 417/417
f 466/466 418/418 417/417
f 466/466 467/467 418/418
f 467/467 419/419 418/418
f 467/467 468/468 419/419
f 468/468 420/420 419/419
f 468/468 469/469 420/420
f 469/469 421/421 420/420
f 469/469 470/470 421/421
f 470/470 422/422 421/421
f 470/470 471/471 422/422
f 471/471 423/423 422/422
f 471/471 472/472 423/423
f 472/472 424/424 423/423
f 472/472 473/473 424/424
f 473/473 425/425 424/424
f 473/473 474/474 425/425
f 474/474 426/426 425/425
f 474/474 475/475 426/426
f 475/475 427/427 426/426
f 475/475 476/476 427/427
f 476/476 428/428 427/427
f 476/476 477/477 428/428
f 477/477 429/429 428/428
f 477/477 478/478 429/429
f 478/478 430/430 429/429
f 478/478 479/479 430/430
f 479/479 431/431 430/430
f 479/479 480/480 431/431
f 480/480 432/432 431/431
f 480/480 481/481 432/432
f 481/481 433/433 432/432
f 481/481 482/482 433/433
f 482/482 434/434 433/433
f 482/482 483/483 434/434
f 483/483 435/435 434/434
f 483/483 484/484 435/435
f 484/484 436/436 435/435
f 484/484 485/485 436/436
f 485/485 437/437 436/436
f 485/485 486/486 437/437
f 486/486 438/438 437/437
f 486/486 487/487 438/438
f 487/487 439/439 438/438
f 487/487 488/488 439/439
f 488/488 440/440 439/439
f 488/488 489/489 440/440
f 489/489 441/441 440/440
f 489/489 490/490 441/441
f 491/491 443/443 442/442
f 491/491 492/492 443/443
f 492/492 444/444 443/443
f 492/492 493/493 444/444
f 493/493 445/445 444/444
f 493/493 494/494 445/445
f 494/494 446/446 445/445
f 494/494 495/495 446/446
f 495/495 447/447 446/446
f 495/495 496/496 447/447
f 496/496 448/448 447/447
f 496/496 497/497 448/448
f 497/497 449/449 448/448
f 497/497 498/498 449/449
f 498/498 450/450 449/449
f 498/498 499/499 450/450
f 499/499 451/451 450/450
f 499/499 500/500 451/451
f 500/500 452/452 451/451
f 500/500 501/501 452/452
f 501/501 453/453 452/452
f 501/501 502/502 453/453
f 502/502 454/454 453/453
f 502/502 503/503 454/454
f 503/503 455/455 454/454
f 503/503 504/504 455/455
f 504/504 456/456 455/455
f 504/504 505/505 456/456
f 505/505 457/457 456/456
f 505/505 506/506 457/457
f 506/506 458/458 457/457
f 506/506 507/507 458/458
f 507/507 459/459 458/458
f 507/507 508/508 459/459
f 508/508 460/460 459/459
f 508/508 509/509 460/460
f 509/509 461/461 460/460
f 509/509 510/510 461/461
f 510/510 462/462 461/461
f 510/510 511/511 462/462
f 511/511 463/463 462/462
f 511/511 512/512 463/463
f 512/512 464/464 463/463
f 512/512 513/513 464/464
f 513/513 465/465 464/464
f 513/513 514/514 465/465
f 514/514 466/466 465/465
f 514/514 515/515 466/466
f 515/515 467/467 466/466
f 515/515 516/516 467/467
f 516/516 468/468 467/467
f 516/516 517/517 468/468
f 517/517 469/469 468/468
f 517/517 518/518 469/469
f 518/518 470/470 469/469
f 518/518 519/519 470/470
f 519/519 471/471 470/470
f 519/519 520/520 471/471
f 520/520 472/472 471/471
f 520/520 521/521 472/472
f 521/521 473/473 472/472
f 521/521 522/522 473/473
f 522/522 474/474 473/473
f 522/522 523/523 474/474
f 523/523 475/475 474/474
f 523/523 524/524 475/475
f 524/524 476/476 475/475
f 524/524 525/525 476/476
f 525/525 477/477 476/476
f 525/525 526/526 477/477
f 526/526 478/478 477/477
f 526/526 527/527 478/478
f 527/527 479/479 478/478
f 527/527 528/528 479/479
f 528/528 480/480 479/479
f 528/528 529/529 480/480
f 529/529 481/481 480/480
f 529/529 530/530 481/481
f 530/530 482/482 481/481
f 530/530 531/531 482/482
f 531/531 483/483 482/482
f 531/531 532/532 483/483
f 532/532 484/484 483/483
f 532/532 533/533 484/484
f 533/533 485/485 484/484
f 533/533 534/534 485/485
f 534/534 486/486 485/485
f 534/534 535/535 486/486
f 535/535 487/487 486/486
f 535/535 536/536 487/487
f 536/536 488/488 487/487
f 536/536 537/537 488/488
f 537/537 489/489 488/488
f 537/537 538/538 489/489
f 538/538 490/490 489/489
f 538/538 539/539 490/490
f 540/540 492/492 491/491
f 540/540 541/541 492/492
f 541/541 493/493 492/492
f 541/541 542/542 493/493
f 542/542 494/494 493/493
f 542/542 543/543 494/494
f 543/543 495/495 494/494
f 543/543 544/544 495/495
f 544/544 496/496 495/495
f 544/544 545/545 496/496
f 545/545 497/497 496/496
f 545/545 546/546 497/497
f 546/546 498/498 497/497
f 546/546 547/547 498/498
f 547/547 499/499 498/498
f 547/547 548/548 499/499
f 548/548 500/500 499/499
f 548/548 549/549 500/500
f 549/549 501/501 500/500
f 549/549 550/550 501/501
f 550/550 502/502 501/501
f 550/550 551/551 502/502
f 551/551 503/503 502/502
f 551/551 552/552 503/503
f 552/552 504/504 503/503
f 552/552 553/553 504/504
f 553/553 505/505 504/504
f 553/553 554/554 505/505
f 554/554 506/506 505/505
f 554/554 555/555 506/506
f 555/555 507/507 506/506
f 555/555 556/556 507/507
f 556/556 508/508 507/507
f 556/556 557/557 508/508
f 557/557 509/509 508/508
f 557/557 558/558 509/509
f 558/558 510/510 509/509
f 558/558 559/559 510/510
f 559/559 511/511 510/510
f 559/559 560/560 511/511
f 560/560 512/512 511/511
f 560/560 561/561 512/512
f 561/561 513/513 512/512
f 561/561 562/562 513/513
f 562/562 514/514 513/513
f 562/562 563/563 514/514
f 563/563 515/515 514/514
f 563/563 564/564 515/515
f 564/564 516/516 515/515
f 564/564 565/565 516/516
f 565/565 517/517 516/516
f 565/565 566/566 517/517
f 566/566 518/518 517/517
f 566/566 567/567 518/518
f 567/567 519/519 518/518
f 567/567 568/568 519/519
f 568/568 520/520 519/519
f 568/568 569/569 520/520
f 569/569 521/521 520/520
f 569/569 570/570 521/521
f 570/570 522/522 521/521
f 570/570 571/571 522/522
f 571/571 523/523 522/522
f 571/571 572/572 523/523
f 572/572 524/524 523/523
f 572/572 573/573 524/524
f 573/573 525/525 524/524
f 573/573 574/574 525/525
f 574/574 526/526 525/525
f 574/574 575/575 526/526
f 575/575 527/527 526/526
f 575/575 576/576 527/527
f 576/576 528/528 527/527
f 576/576 577/577 528/528
f 577/577 529/529 528/528
f 577/577 578/578 529/529
f 578/578 530/530 529/529
f 578/578 579/579 530/530
f 579/579 531/531 530/530
f 579/579 580/580 531/531
f 580/580 532/532 531/531
f 580/580 581/581 532/532
f 581/581 533/533 532/532
f 581/581 582/582 533/533
f 582/582 534/534 533/533
f 582/582 583/583 534/534
f 583/583 535/535 534/534
f 583/583 584/584 535/535
f 584/584 536/536 535/535
f 584/584 585/585 536/536
f 585/585 537/537 536/536
f 585/585 586/586 537/537
f 586/586 538/538 537/537
f 586/586 587/587 538/538
f 587/587 539/539 538/538
f 587/587 588/588 539/539
f 589/589 541/541 540/540
f 589/589 590/590 541/541
f 590/590 542/542 541/541
f 590/590 591/591 542/542
f 591/591 543/543 542/542
f 591/591 592/592 543/543
f 592/592 544/544 543/543
f 592/592 593/593 544/544
f 593/593 545/545 544/544
f 593/593 594/594 545/545
f 594/594 546/546 545/545
f 594/594 595/595 546/546
f 595/595 547/547 546/546
f 595/595 596/596 547/547
f 596/596 548/548 547/547
f 596/596 597/597 548/548
f 597/597 549/549 548/548
f 597/597 598/598 549/549
f 598/598 550/550 549/549
f 598/598 599/599 550/550
f 599/599 551/551 550/550
f 599/599 600/600 551/551
f 600/600 552/552 551/551
f 600/600 601/601 552/552
f 601/601 553/553 552/552
f 601/601 602/602 553/553
f 602/602 554/554 553/553
f 602/602 603/603 554/554
f 603/603 555/555 554/554
f 603/603 604/604 555/555
f 604/604 556/556 555/555
f 604/604 605/605 556/556
f 605/605 557/557 556/556
f 605/605 606/606 557/557
f 606/606 558/558 557/557
f 606/606 607/607 558/558
f 607/607 559/559 558/558
f 607/607 608/608 559/559
f 608/608 560/560 559/559
f 608/608 609/609 560/560
f 609/609 561/561 560/560
f 609/609 610/610 561/561
f 610/610 562/562 561/561
f 610/610 611/611 562/562
f 611/611 563/563 562/562
f 611/611 612/612 563/563
f 612/612 564/564 563/563
f 612/612 613/613 564/564
f 613/613 565/565 564/564
f 613/613 614/614 565/565
f 614/614 566/566 565/565
f 614/614 615/615 566/566
f 615/615 567/567 566/566
f 615/615 616/616 567/567
f 616/616 568/568 567/567
f 616/616 617/617 568/568
f 617/617 569/569 568/568
f 617/617 618/618 569/569
f 618/618 570/570 569/569
f 618/618 619/619 570/570
f 619/619 571/571 570/570
f 619/619 620/620 571/571
f 620/620 572/572 571/571
f 620/620 621/621 572/572
f 621/621 573/573 572/572
f 621/621 622/622 573/573
f 622/622 574/574 573/573
f 622/622 623/623 574/574
f 623/623 575/575 574/574
f 623/623 624/624 575/575
f 624/624 576/576 575/575
f 624/624 625/625 576/576
f 625/625 577/577 576/576
f 625/625 626/626 577/577
f 626/626 578/578 577/577
f 626/626 627/627 578/578
f 627/627 579/579 578/578
f 627/627 628/628 579/579
f 628/628 580/580 579/579
f 628/628 629/629 580/580
f 629/629 581/581 580/580
f 629/629 630/630 581/581
f 630/630 582/582 581/581
f 630/630 631/631 582/582
f 631/631 583/583 582/582
f 631/631 632/632 583/583
f 632/632 584/584 583/583
f 632/632 633/633 584/584
f 633/633 585/585 584/584
f 633/633 634/634 585/585
f 634/634 586/586 585/585
f 634/634 635/635 586/586
f 635/635 587/587 586/586
f 635/635 636/636 587/587
f 636/636 588/588 587/587
f 636/636 637/637 588/588
f 638/638 590/590 589/589
f 638/638 639/639 590/590
f 639/639 591/591 590/590
f 639/639 640/640 591/591
f 640/640 592/592 591/591
f 640/640 641/641 592/592
f 641/641 593/593 592/592
f 641/641 642/642 593/593
f 642/642 594/594 593/593
f 642/642 643/643 594/594
f 643/643 595/595 594/594
f 643/643 644/644 595/595
f 644/644 596/596 595/595
f 644/644 645/645 596/596
f 645/645 597/597 596/596
f 645/645 646/646 597/597
f 646/646 598/598 597/597
f 646/646 647/647 598/598
f 647/647 599/599 598/598
f 647/647 648/648 599/599
f 648/648 600/600 599/599
f 648/648 649/649 600/600
f 649/649 601/601 600/600
f 649/649 650/650 601/601
f 650/650 602/602 601/601
f 650/650 651/651 602/602
f 651/651 603/603 602/602
f 651/651 652/652 603/603
f 652/652 604/604 603/603
f 652/652 653/653 604/604
f 653/653 605/605 604/604
f 653/653 654/654 605/605
f 654/654 606/606 605/605
f 654/654 655/655 606/606
f 655/655 607/607 606/606
f 655/655 656/656 607/607
f 656/656 608/608 607/607
f 656/656 657/657 608/608
f 657/657 609/609 608/608
f 657/657 658/658 609/609
f 658/658 610/610 609/609
f 658/658 659/659 610/610
f 659/659 611/611 610/610
f 659/659 660/660 611/611
f 660/660 612/612 611/611
f 660/660 661/661 612/612
f 661/661 613/613 612/612
f 661/661 662/662 613/613
f 662/662 614/614 613/613
f 662/662 663/663 614/614
f 663/663 615/615 614/614
f 663/663 664/664 615/615
f 664/664 616/616 615/615
f 664/664 665/665 616/616
f 665/665 617/617 616/616
f 665/665 666/666 617/617
f 666/666 618/618 617/617
f 666/666 667/667 618/618
f 667/667 619/619 618/618
f 667/667 668/668 619/619
f 668/668 620/620 619/619
f 668/668 669/669 620/620
f 669/669 621/621 620/620
f 669/669 670/670 621/621
f 670/670 622/622 621/621
f 670/670 671/671 622/622
f 671/671 623/623 622/622
f 671/671 672/672 623/623
f 672/672 624/624 623/623
f 672/672 673/673 624/624
f 673/673 625/625 624/624
f 673/673 674/674 625/625
f 674/674 626/626 625/625
f 674/674 675/675 626/626
f 675/675 627/627 626/626
f 675/675 676/676 627/627
f 676/676 628/628 627/627
f 676/676 677/677 628/628
f 677/677 629/629 628/628
f 677/677 678/678 629/629
f 678/678 630/630 629/629
f 678/678 679/679 630/630
f 679/679 631/631 630/630
f 679/679 680/680 631/631
f 680/680 632/632 631/631
f 680/680 681/681 632/632
f 681/681 633/633 632/632
f 681/681 682/682 633/633
f 682/682 634/634 633/633
f 682/682 683/683 634/634
f 683/683 635/635 634/634
f 683/683 684/684 635/635
f 684/684 636/636 635/635
f 684/684 685/685 636/636
f 685/685 637/637 636/636
f 685/685 686/686 637/637
f 687/687 639/639 638/638
f 687/687 688/688 639/639
f 688/688 640/640 639/639
f 688/688 689/689 640/640
f 689/689 641/641 640/640
f 689/689 690/690 641/641
f 690/690 642/642 641/641
f 690/690 691/691 642/642
f 691/691 643/643 642/642
f 691/691 692/692 643/643
f 692/692 644/644 643/643
f 692/692 693/693 644/644
f 693/693 645/645 644/644
f 693/693 694/694 645/645
f 694/694 646/646 645/645
f 694/694 695/695 646/646
f 695/695 647/647 646/646
f 695/695 696/696 647/647
f 696/696 648/648 647/647
f 696/696 697/697 648/648
f 697/697 649/649 648/648
f 697/697 698/698 649/649
f 698/698 650/650 649/649
f 698/698 699/699 650/650
f 699/699 651/651 650/650
f 699/699 700/700 651/651
f 700/700 652/652 651/651
f 700/700 701/701 652/652
f 701/701 653/653 652/652
f 701/701 702/702 653/653
f 702/702 654/654 653/653
f 702/702 703/703 654/654
f 703/703 655/655 654/654
f 703/703 704/704 655/655
f 704/704 656/656 655/655
f 704/704 705/705 656/656
f 705/705 657/657 656/656
f 705/705 706/706 657/657
f 706/706 658/658 657/657
f 706/706 707/707 658/658
f 707/707 659/659 658/658
f 707/707 708/708 659/659
f 708/708 660/660 659/659
f 708/708 709/709 660/660
f 709/709 661/661 660/660
f 709/709 710/710 661/661
f 710/710 662/662 661/661
f 710/710 711/711 662/662
f 711/711 663/663 662/662
f 711/711 712/712 663/663
f 712/712 664/664 663/663
f 712/712 713/713 664/664
f 713/713 665/665 664/664
f 713/713 714/714 665/665
f 714/714 666/666 665/665
f 714/714 715/715 666/666
f 715/715 667/667 666/666
f 715/715 716/716 667/667
f 716/716 668/668 667/667
f 716/716 717/717 668/668
f 717/717 669/669 668/668
f 717/717 718/718 669/669
f 718/718 670/670 669/669
f 718/718 719/719 670/670
f 719/719 671/671 670/670
f 719/719 720/720 671/671
f 720/720 672/672 671/671
f 720/720 721/721 672/672
f 721/721 673/673 672/672
f 721/721 722/722 673/673
f 722/722 674/674 673/673
f 722/722 723/723 674/674
f 723/723 675/675 674/674
f 723/723 724/724 675/675
f 724/724 676/676 675/675
f 724/724 725/725 676/676
f 725/725 677/677 676/676
f 725/725 726/726 677/677
f 726/726 678/678 677/677
f 726/726 727/727 678/678
f 727/727 679/679 678/678
f 727/727 728/728 679/679
f 728/728 680/680 679/679
f 728/728 729/729 680/680
f 729/729 681/681 680/680
f 729/729 730/730 681/681
f 730/730 682/682 681/681
f 730/730 731/731 682/682
f 731/731 683/683 682/682
f 731/731 732/732 683/683
f 732/732 684/684 683/683
f 732/732 733/733 684/684
f 733/733 685/685 684/684
f 733/733 734/734 685/685
f 734/734 686/686 685/685
f 734/734 735/735 686/686
f 736/736 688/688 687/687
f 736/736 737/737 688/688
f 737/737 689/689 688/688
f 737/737 738/738 689/689
f 738/738 690/690 689/689
f 738/738 739/739 690/690
f 739/739 691/691 690/690
f 739/739 740/740 691/691
f 740/740 692/692 691/691
f 740/740 741/741 692/692
f 741/741 693/693 692/692
f 741/741 742/742 693/693
f 742/742 694/694 693/693
f 742/742 743/743 694/694
f 743/743 695/695 694/694
f 743/743 744/744 695/695
f 744/744 696/696 695/695
f 744/744 745/745 696/696
f 745/745 697/697 696/696
f 745/745 746/746 697/697
f 746/746 698/698 697/697
f 746/746 747/747 698/698
f 747/747 699/699 698/698
f 747/747 748/748 699/699
f 748/748 700/700 699/699
f 748/748 749/749 700/700
f 749/749 701/701 700/700
f 749/749 750/750 701/701
f 750/750 702/702 701/701
f 750/750 751/751 702/702
f 751/751 703/703 702/702
f 751/751 752/752 703/703
f 752/752 704/704 703/703
f 752/752 753/753 704/704
f 753/753 705/705 704/704
f 753/753 754/754 705/705
f 754/754 706/706 705/705
f 754/754 755/755 706/706
f 755/755 707/707 706/706
f 755/755 756/756 707/707
f 756/756 708/708 707/707
f 756/756 757/757 708/708
f 757/757 709/709 708/708
f 757/757 758/758 709/709
f 758/758 710/710 709/709
f 758/758 759/759 710/710
f 759/759 711/711 710/710
f 759/759 760/760 711/711
f 760/760 712/712 711/711
f 760/760 761/761 712/712
f 761/761 713/713 712/712
f 761/761 762/762 713/713
f 762/762 714/714 713/713
f 762/762 763/763 714/714
f 763/763 715/715 714/714
f 763/763 764/764 715/715
f 764/764 716/716 715/715
f 764/764 765/765 716/716
f 765/765 717/717 716/716
f 765/765 766/766 717/717
f 766/766 718/718 717/717
f 766/766 767/767 718/718
f 767/767 719/719 718/718
f 767/767 768/768 719/719
f 768/768 720/720 719/719
f 768/768 769/769 720/720
f 769/769 721/721 720/720
f 769/769 770/770 721/721
f 770/770 722/722 721/721
f 770/770 771/771 722/722
f 771/771 723/723 722/722
f 771/771 772/772 723/723
f 772/772 724/724 723/723
f 772/772 773/773 724/724
f 773/773 725/725 724/724
f 773/773 774/774 725/725
f 774/774 726/726 725/725
f 774/774 775/775 726/726
f 775/775 727/727 726/726
f 775/775 776/776 727/727
f 776/776 728/728 727/727
f 776/776 777/777 728/728
f 777/777 729/729 728/728
f 777/777 778/778 729/729
f 778/778 730/730 729/729
f 778/778 779/779 730/730
f 779/779 731/731 730/730
f 779/779 780/780 731/731
f 780/780 732/732 731/731
f 780/780 781/781 732/732
f 781/781 733/733 732/732
f 781/781 782/782 733/733
f 782/782 734/734 733/733
f 782/782 783/783 734/734
f 783/783 735/735 734/734
f 783/783 784/784 735/735
f 785/785 737/737 736/736
f 785/785 786/786 737/737
f 786/786 738/738 737/737
f 786/786 787/787 738/738
f 787/787 739/739 738/738
f 787/787 788/788 739/739
f 788/788 740/740 739/739
f 788/788 789/789 740/740
f 789/789 741/741 740/740
f 789/789 790/790 741/741
f 790/790 742/742 741/741
f 790/790 791/791 742/742
f 791/791 743/743 742/742
f 791/791 792/792 743/743
f 792/792 744/744 743/743
f 792/792 793/793 744/744
f 793/793 745/745 744/744
f 793/793 794/794 745/745
f 794/794 746/746 745/745
f 794/794 795/795 746/746
f 795/795 747/747 746/746
f 795/795 796/796 747/747
f 796/796 748/748 747/747
f 796/796 797/797 748/748
f 797/797 749/749 748/748
f 797/797 798/798 749/749
f 798/798 750/750 749/749
f 798/798 799/799 750/750
f 799/799 751/751 750/750
f 799/799 800/800 751/751
f 800/800 752/752 751/751
f 800/800 801/801 752/752
f 801/801 753/753 752/752
f 801/801 802/802 753/753
f 802/802 754/754 753/753
f 802/802 803/803 754/754
f 803/803 755/755 754/754
f 803/803 804/804 755/755
f 804/804 756/756 755/755
f 804/804 805/805 756/756
f 805/805 757/757 756/756
f 805/805 806/806 757/757
f 806/806 758/758 757/757
f 806/806 807/807 758/758
f 807/807 759/759 758/758
f 807/807 808/808 759/759
f 808/808 760/760 759/759
f 808/808 809/809 760/760
f 809/809 761/761 760/760
f 809/809 810/810 761/761
f 810/810 762/762 761/761
f 810/810 811/811 762/762
f 811/811 763/763 762/762
f 811/811 812/812 763/763
f 812/812 764/764 763/763
f 812/812 813/813 764/764
f 813/813 765/765 764/764
f 813/813 814/814 765/765
f 814/814 766/766 765/765
f 814/814 815/815 766/766
f 815/815 767/767 766/766
f 815/815 816/816 767/767
f 816/816 768/768 767/767
f 816/816 817/817 768/768
f 817/817 769/769 768/768
f 817/817 818/818 769/769
f 818/818 770/770 769/769
f 818/818 819/819 770/770
f 819/819 771/771 770/770
f 819/819 820/820 771/771
f 820/820 772/772 771/771
f 820/820 821/821 772/772
f 821/821 773/773 772/772
f 821/821 822/822 773/773
f 822/822 774/774 773/773
f 822/822 823/823 774/774
f 823/823 775/775 774/774
f 823/823 824/824 775/775
f 824/824 776/776 775/775
f 824/824 825/825 776/776
f 825/825 777/777 776/776
f 825/825 826/826 777/777
f 826/826 778/778 777/777
f 826/826 827/827 778/778
f 827/827 779/779 778/778
f 827/827 828/828 779/779
f 828/828 780/780 779/779
f 828/828 829/829 780/780
f 829/829 781/781 780/780
f 829/829 830/830 781/781
f 830/830 782/782 781/781
f 830/830 831/831 782/782
f 831/831 783/783 782/782
f 831/831 832/832 783/783
f 832/832 784/784 783/783
f 832/832 833/833 784/784
f 834/834 786/786 785/785
f 834/834 835/835 786/786
f 835/835 787/787 786/786
f 835/835 836/836 787/787
f 836/836 788/788 787/787
f 836/836 837/837 788/788
f 837/837 789/789 788/788
f 837/837 838/838 789/789
f 838/838 790/790 789/789
f 838/838 839/839 790/790
f 839/839 791/791 790/790
f 839/839 840/840 791/791
f 840/840 792/792 791/791
f 840/840 841/841 792/792
f 841/841 793/793 792/792
f 841/841 842/842 793/793
f 842/842 794/794 793/793
f 842/842 843/843 794/794
f 843/843 795/795 794/794
f 843/843 844/844 795/795
f 844/844 796/796 795/795
f 844/844 845/845 796/796
f 845/845 797/797 796/796
f 845/845 846/846 797/797
f 846/846 798/798 797/797
f 846/846 847/847 798/798
f 847/847 799/799 798/798
f 847/847 848/848 799/799
f 848/848 800/800 799/799
f 848/848 849/849 800/800
f 849/849 801/801 800/800
f 849/849 850/850 801/801
f 850/850 802/802 801/801
f 850/850 851/851 802/802
f 851/851 803/803 802/802
f 851/851 852/852 803/803
f 852/852 804/804 803/803
f 852/852 853/853 804/804
f 853/853 805/805 804/804
f 853/853 854/854 805/805
f 854/854 806/806 805/805
f 854/854 855/855 806/806
f 855/855 807/807 806/806
f 855/855 856/856 807/807
f 856/856 808/808 807/807
f 856/856 857/857 808/808
f 857/857 809/809 808/808
f 857/857 858/858 809/809
f 858/858 810/810 809/809
f 858/858 859/859 810/810
f 859/859 811/811 810/810
f 859/859 860/860 811/811
f 860/860 812/812 811/811
f 860/860 861/861 812/812
f 861/861 813/813 812/812
f 861/861 862/862 813/813
f 862/862 814/814 813/813
f 862/862 863/863 814/814
f 863/863 815/815 814/814
f 863/863 864/864 815/815
f 864/864 816/816 815/815
f 864/864 865/865 816/816
f 865/865 817/817 816/816
f 865/865 866/866 817/817
f 866/866 818/818 817/817
f 866/866 867/867 818/818
f 867/867 819/819 818/818
f 867/867 868/868 819/819
f 868/868 820/820 819/819
f 868/868 869/869 820/820
f 869/869 821/821 820/820
f 869/869 870/870 821/821
f 870/870 822/822 821/821
f 870/870 871/871 822/822
f 871/871 823/823 822/822
f 871/871 872/872 823/823
f 872/872 824/824 823/823
f 872/872 873/873 824/824
f 873/873 825/825 824/824
f 873/873 874/874 825/825
f 874/874 826/826 825/825
f 874/874 875/875 826/826
f 875/875 827/827 826/826
f 875/875 876/876 827/827
f 876/876 828/828 827/827
f 876/876 877/877 828/828
f 877/877 829/829 828/828
f 877/877 878/878 829/829
f 878/878 830/830 829/829
f 878/878 879/879 830/830
f 879/879 831/831 830/830
f 879/879 880/880 831/831
f 880/880 832/832 831/831
f 880/880 881/881 832/832
f 881/881 833/833 832/832
f 881/881 882/882 833/833
f 883/883 835/835 834/834
f 883/883 884/884 835/835
f 884/884 836/836 835/835
f 884/884 885/885 836/836
f 885/885 837/837 836/836
f 885/885 886/886 837/837
f 886/886 838/838 837/837
f 886/886 887/887 838/838
f 887/887 839/839 838/838
f 887/887 888/888 839/839
f 888/888 840/840 839/839
f 888/888 889/889 840/840
f 889/889 841/841 840/840
f 889/889 890/890 841/841
f 890/890 842/842 841/841
f 890/890 891/891 842/842
f 891/891 843/843 842/842
f 891/891 892/892 843/843
f 892/892 844/844 843/843
f 892/892 893/893 844/844
f 893/893 845/845 844/844
f 893/893 894/894 845/845
f 894/894 846/846 845/845
f 894/894 895/895 846/846
f 895/895 847/847 846/846
f 895/895 896/896 847/847
f 896/896 848/848 847/847
f 896/896 897/897 848/848
f 897/897 849/849 848/848
f 897/897 898/898 849/849
f 898/898 850/850 849/849
f 898/898 899/899 850/850
f 899/899 851/851 850/850
f 899/899 900/900 851/851
f 900/900 852/852 851/851
f 900/900 901/901 852/852
f 901/901 853/853 852/852
f 901/901 902/902 853/853
f 902/902 854/854 853/853
f 902/902 903/903 854/854
f 903/903 855/855 854/854
f 903/903 904/904 855/855
f 904/904 856/856 855/855
f 904/904 905/905 856/856
f 905/905 857/857 856/856
f 905/905 906/906 857/857
f 906/906 858/858 857/857
f 906/906 907/907 858/858
f 907/907 859/859 858/858
f 907/907 908/908 859/859
f 908/908 860/860 859/859
f 908/908 909/909 860/860
f 909/909 861/861 860/860
f 909/909 910/910 861/861
f 910/910 862/862 861/861
f 910/910 911/911 862/862
f 911/911 863/863 862/862
f 911/911 912/912 863/863
f 912/912 864/864 863/863
f 912/912 913/913 864/864
f 913/913 865/865 864/864
f 913/913 914/914 865/865
f 914/914 866/866 865/865
f 914/914 915/915 866/866
f 915/915 867/867 866/866
f 915/915 916/916 867/867
f 916/916 868/868 867/867
f 916/916 917/917 868/868
f 917/917 869/869 868/868
f 917/917 918/918 869/869
f 918/918 870/870 869/869
f 918/918 919/919 870/870
f 919/919 871/871 870/870
f 919/919 920/920 871/871
f 920/920 872/872 871/871
f 920/920 921/921 872/872
f 921/921 873/873 872/872
f 921/921 922/922 873/873
f 922/922 874/874 873/873
f 922/922 923/923 874/874
f 923/923 875/875 874/874
f 923/923 924/924 875/875
f 924/924 876/876 875/875
f 924/924 925/925 876/876
f 925/925 877/877 876/876
f 925/925 926/926 877/877
f 926/926 878/878 877/877
f 926/926 927/927 878/878
f 927/927 879/879 878/878
f 927/927 928/928 879/879
f 928/928 880/880 879/879
f 928/928 929/929 880/880
f 929/929 881/881 880/880
f 929/929 930/930 881/881
f 930/930 882/882 881/881
f 930/930 931/931 882/882
f 932/932 884/884 883/883
f 932/932 933/933 884/884
f 933/933 885/885 884/884
f 933/933 934/934 885/885
f 934/934 886/886 885/885
f 934/934 935/935 886/886
f 935/935 887/887 886/886
f 935/935 936/936 887/887
f 936/936 888/888 887/887
f 936/936 937/937 888/888
f 937/937 889/889 888/888
f 937/937 938/938 889/889
f 938/938 890/890 889/889
f 938/938 939/939 890/890
f 939/939 891/891 890/890
f 939/939 940/940 891/891
f 940/940 892/892 891/891
f 940/940 941/941 892/892
f 941/941 893/893 892/892
f 941/941 942/942 893/893
f 942/942 894/894 893/893
f 942/942 943/943 894/894
f 943/943 895/895 894/894
f 943/943 944/944 895/895
f 944/944 896/896 895/895
f 944/944 945/945 896/896
f 945/945 897/897 896/896
f 945/945 946/946 897/897
f 946/946 898/898 897/897
f 946/946 947/947 898/898
f 947/947 899/899 898/898
f 947/947 948/948 899/899
f 948/948 900/900 899/899
f 948/948 949/949 900/900
f 949/949 901/901 900/900
f 949/949 950/950 901/901
f 950/950 902/902 901/901
f 950/950 951/951 902/902
f 951/951 903/903 902/902
f 951/951 952/952 903/903
f 952/952 904/904 903/903
f 952/952 953/953 904/904
f 953/953 905/905 904/904
f 953/953 954/954 905/905
f 954/954 906/906 905/905
f 954/954 955/955 906/906
f 955/955 907/907 906/906
f 955/955 956/956 907/907
f 956/956 908/908 907/907
f 956/956 957/957 908/908
f 957/957 909/909 908/908
f 957/957 958/958 909/909
f 958/958 910/910 909/909
f 958/958 959/959 910/910
f 959/959 911/911 910/910
f 959/959 960/960 911/911
f 960/960 912/912 911/911
f 960/960 961/961 912/912
f 961/961 913/913 912/912
f 961/961 962/962 913/913
f 962/962 914/914 913/913
f 962/962 963/963 914/914
f 963/963 915/915 914/914
f 963/963 964/964 915/915
f 964/964 916/916 915/915
f 964/964 965/965 916/916
f 965/965 917/917 916/916
f 965/965 966/966 917/917
f 966/966 918/918 917/917
f 966/966 967/967 918/918
f 967/967 919/919 918/918
f 967/967 968/968 919/919
f 968/968 920/920 919/919
f 968/968 969/969 920/920
f 969/969 921/921 920/920
f 969/969 970/970 921/921
f 970/970 922/922 921/921
f 970/970 971/971 922/922
f 971/971 923/923 922/922
f 971/971 972/972 923/923
f 972/972 924/924 923/923
f 972/972 973/973 924/924
f 973/973 925/925 924/924
f 973/973 974/974 925/925
f 974/974 926/926 925/925
f 974/974 975/975 926/926
f 975/975 927/927 926/926
f 975/975 976/976 927/927
f 976/976 928/928 927/927
f 976/976 977/977 928/928
f 977/977 929/929 928/928
f 977/977 978/978 929/929
f 978/978 930/930 929/929
f 978/978 979/979 930/930
f 979/979 931/931 930/930
f 979/979 980/980 931/931
f 981/981 933/933 932/932
f 981/981 982/982 933/933
f 982/982 934/934 933/933
f 982/982 983/983 934/934
f 983/983 935/935 934/934
f 983/983 984/984 935/935
f 984/984 936/936 935/935
f 984/984 985/985 936/936
f 985/985 937/937 936/936
f 985/985 986/986 937/937
f 986/986 938/938 937/937
f 986/986 987/987 938/938
f 987/987 939/939 938/938
f 987/987 988/988 939/939
f 988/988 940/940 939/939
f 988/988 989/989 940/940
f 989/989 941/941 940/940
f 989/989 990/990 941/941
f 990/990 942/942 941/941
f 990/990 991/991 942/942
f 991/991 943/943 942/942
f 991/991 992/992 943/943
f 992/992 944/944 943/943
f 992/992 993/993 944/944
f 993/993 945/945 944/944
f 993/993 994/994 945/945
f 994/994 946/946 945/945
f 994/994 995/995 946/946
f 995/995 947/947 946/946
f 995/995 996/996 947/947
f 996/996 948/948 947/947
f 996/996 997/997 948/948
f 997/997 949/949 948/948
f 997/997 998/998 949/949
f 998/998 950/950 949/949
f 998/998 999/999 950/950
f 999/999 951/951 950/950
f 999/999 1000/1000 951/951
f 1000/1000 952/952 951/951
f 1000/1000 1001/1001 952/952
f 1001/1001 953/953 952/952
f 1001/1001 1002/1002 953/953
f 1002/1002 954/954 953/953
f 1002/1002 1003/1003 954/954
f 1003/1003 955/955 954/954
f 1003/1003 1004/1004 955/955
f 1004/1004 956/956 955/955
f 1004/1004 1005/1005 956/956
f 1005/1005 957/957 956/956
f 1005/1005 1006/1006 957/957
f 1006/1006 958/958 957/957
f 1006/1006 1007/1007 958/958
f 1007/1007 959/959 958/958
f 1007/1007 1008/1008 959/959
f 1008/1008 960/960 959/959
f 1008/1008 1009/1009 960/960
f 1009/1009 961/961 960/960
f 1009/1009 1010/1010 961/961
f 1010/1010 962/962 961/961
f 1010/1010 1011/1011 962/962
f 1011/1011 963/963 962/962
f 1011/1011 1012/1012 963/963
f 1012/1012 964/964 963/963
f 1012/1012 1013/1013 964/964
f 1013/1013 965/965 964/964
f 1013/1013 1014/1014 965/965
f 1014/1014 966/966 965/965
f 1014/1014 1015/1015 966/966
f 1015/1015 967/967 966/966
f 1015/1015 1016/1016 967/967
f 1016/1016 968/968 967/967
f 1016/1016 1017/1017 968/968
f 1017/1017 969/969 968/968
f 1017/1017 1018/1018 969/969
f 1018/1018 970/970 969/969
f 1018/1018 1019/1019 970/970
f 1019/1019 971/971 970/970
f 1019/1019 1020/1020 971/971
f 1020/1020 972/972 971/971
f 1020/1020 1021/1021 972/972
f 1021/1021 973/973 972/972
f 1021/1021 1022/1022 973/973
f 1022/1022 974/974 973/973
f 1022/1022 1023/1023 974/974
f 1023/1023 975/975 974/974
f 1023/1023 1024/1024 975/975
f 1024/1024 976/976 975/975
f 1024/1024 1025/1025 976/976
f 1025/1025 977/977 976/976
f 1025/1025 1026/1026 977/977
f 1026/1026 978/978 977/977
f 1026/1026 1027/1027 978/978
f 1027/1027 979/979 978/978
f 1027/1027 1028/1028 979/979
f 1028/1028 980/980 979/979
f 1028/1028 1029/1029 980/980
f 1030/1030 982/982 981/981
f 1030/1030 1031/1031 982/982
f 1031/1031 983/983 982/982
f 1031/1031 1032/1032 983/983
f 1032/1032 984/984 983/983
f 1032/1032 1033/1033 984/984
f 1033/1033 985/985 984/984
f 1033/1033 1034/1034 985/985
f 1034/1034 986/986 985/985
f 1034/1034 1035/1035 986/986
f 1035/1035 987/987 986/986
f 1035/1035 1036/1036 987/987
f 1036/1036 988/988 987/987
f 1036/1036 1037/1037 988/988
f 1037/1037 989/989 988/988
f 1037/1037 1038/1038 989/989
f 1038/1038 990/990 989/989
f 1038/1038 1039/1039 990/990
f 1039/1039 991/991 990/990
f 1039/1039 1040/1040 991/991
f 1040/1040 992/992 991/991
f 1040/1040 1041/1041 992/992
f 1041/1041 993/993 992/992
f 1041/1041 1042/1042 993/993
f 1042/1042 994/994 993/993
f 1042/1042 1043/1043 994/994
f 1043/1043 995/995 994/994
f 1043/1043 1044/1044 995/995
f 1044/1044 996/996 995/995
f 1044/1044 1045/1045 996/996
f 1045/1045 997/997 996/996
f 1045/1045 1046/1046 997/997
f 1046/1046 998/998 997/997
f 1046/1046 1047/1047 998/998
f 1047/1047 999/999 998/998
f 1047/1047 1048/1048 999/999
f 1048/1048 1000/1000 999/999
f 1048/1048 1049/1049 1000/1000
f 1049/1049 1001/1001 1000/1000
f 1049/1049 1050/1050 1001/1001
f 1050/1050 1002/1002 1001/1001
f 1050/1050 1051/1051 1002/1002
f 1051/1051 1003/1003 1002/1002
f 1051/1051 1052/1052 1003/1003
f 1052/1052 1004/1004 1003/1003
f 1052/1052 1053/1053 1004/1004
f 1053/1053 1005/1005 1004/1004
f 1053/1053 1054/1054 1005/1005
f 1054/1054 1006/1006 1005/1005
f 1054/1054 1055/1055 1006/1006
f 1055/1055 1007/1007 1006/1006
f 1055/1055 1056/1056 1007/1007
f 1056/1056 1008/1008 1007/1007
f 1056/1056 1057/1057 1008/1008
f 1057/1057 1009/1009 1008/1008
f 1057/1057 1058/1058 1009/1009
f 1058/1058 1010/1010 1009/1009
f 1058/1058 1059/1059 1010/1010
f 1059/1059 1011/1011 1010/1010
f 1059/1059 1060/1060 1011/1011
f 1060/1060 1012/1012 1011/1011
f 1060/1060 1061/1061 1012/1012
f 1061/1061 1013/1013 1012/1012
f 1061/1061 1062/1062 1013/1013
f 1062/1062 1014/1014 1013/1013
f 1062/1062 1063/1063 1014/1014
f 1063/1063 1015/1015 1014/1014
f 1063/1063 1064/1064 1015/1015
f 1064/1064 1016/1016 1015/1015
f 1064/1064 1065/1065 1016/1016
f 1065/1065 1017/1017 1016/1016
f 1065/1065 1066/1066 1017/1017
f 1066/1066 1018/1018 1017/1017
f 1066/1066 1067/1067 1018/1018
f 1067/1067 1019/1019 1018/1018
f 1067/1067 1068/1068 1019/1019
f 1068/1068 1020/1020 1019/1019
f 1068/1068 1069/1069 1020/1020
f 1069/1069 1021/1021 1020/1020
f 1069/1069 1070/1070 1021/1021
f 1070/1070 1022/1022 1021/1021
f 1070/1070 1071/1071 1022/1022
f 1071/1071 1023/1023 1022/1022
f 1071/1071 1072/1072 1023/1023
f 1072/1072 1024/1024 1023/1023
f 1072/1072 1073/1073 1024/1024
f 1073/1073 1025/1025 1024/1024
f 1073/1073 1074/1074 1025/1025
f 1074/1074 1026/1026 1025/1025
f 1074/1074 1075/1075 1026/1026
f 1075/1075 1027/1027 1026/1026
f 1075/1075 1076/1076 1027/1027
f 1076/1076 1028/1028 1027/1027
f 1076/1076 1077/1077 1028/1028
f 1077/1077 1029/1029 1028/1028
f 1077/1077 1078/1078 1029/1029
f 1079/1079 1031/1031 1030/1030
f 1079/1079 1080/1080 1031/1031
f 1080/1080 1032/1032 1031/1031
f 1080/1080 1081/1081 1032/1032
f 1081/1081 1033/1033 1032/1032
f 1081/1081 1082/1082 1033/1033
f 1082/1082 1034/1034 1033/1033
f 1082/1082 1083/1083 1034/1034
f 1083/1083 1035/1035 1034/1034
f 1083/1083 1084/1084 1035/1035
f 1084/1084 1036/1036 1035/1035
f 1084/1084 1085/1085 1036/1036
f 1085/1085 1037/1037 1036/1036
f 1085/1085 1086/1086 1037/1037
f 1086/1086 1038/1038 1037/1037
f 1086/1086 1087/1087 1038/1038
f 1087/1087 1039/1039 1038/1038
f 1087/1087 1088/1088 1039/1039
f 1088/1088 1040/1040 1039/1039
f 1088/1088 1089/1089 1040/1040
f 1089/1089 1041/1041 1040/1040
f 1089/1089 1090/1090 1041/1041
f 1090/1090 1042/1042 1041/1041
f 1090/1090 1091/1091 1042/1042
f 1091/1091 1043/1043 1042/1042
f 1091/1091 1092/1092 1043/1043
f 1092/1092 1044/1044 1043/1043
f 1092/1092 1093/1093 1044/1044
f 1093/1093 1045/1045 1044/1044
f 1093/1093 1094/1094 1045/1045
f 1094/1094 1046/1046 1045/1045
f 1094/1094 1095/1095 1046/1046
f 1095/1095 1047/1047 1046/1046
f 1095/1095 1096/1096 1047/1047
f 1096/1096 1048/1048 1047/1047
f 1096/1096 1097/1097 1048/1048
f 1097/1097 1049/1049 1048/1048
f 1097/1097 1098/1098 1049/1049
f 1098/1098 1050/1050 1049/1049
f 1098/1098 1099/1099 1050/1050
f 1099/1099 1051/1051 1050/1050
f 1099/1099 1100/1100 1051/1051
f 1100/1100 1052/1052 1051/1051
f 1100/1100 1101/1101 1052/1052
f 1101/1101 1053/1053 1052/1052
f 1101/1101 1102/1102 1053/1053
f 1102/1102 1054/1054 1053/1053
f 1102/1102 1103/1103 1054/1054
f 1103/1103 1055/1055 1054/1054
f 1103/1103 1104/1104 1055/1055
f 1104/1104 1056/1056 1055/1055
f 1104/1104 1105/1105 1056/1056
f 1105/1105 1057/1057 1056/1056
f 1105/1105 1106/1106 1057/1057
f 1106/1106 1058/1058 1057/1057
f 1106/1106 1107/1107 1058/1058
f 1107/1107 1059/1059 1058/1058
f 1107/1107 1108/1108 1059/1059
f 1108/1108 1060/1060 1059/1059
f 1108/1108 1109/1109 1060/1060
f 1109/1109 1061/1061 1060/1060
f 1109/1109 1110/1110 1061/1061
f 1110/1110 1062/1062 1061/1061
f 1110/1110 1111/1111 1062/1062
f 1111/1111 1063/1063 1062/1062
f 1111/1111 1112/1112 1063/1063
f 1112/1112 1064/1064 1063/1063
f 1112/1112 1113/1113 1064/1064
f 1113/1113 1065/1065 1064/1064
f 1113/1113 1114/1114 1065/1065
f 1114/1114 1066/1066 1065/1065
f 1114/1114 1115/1115 1066/1066
f 1115/1115 1067/1067 1066/1066
f 1115/1115 1116/1116 1067/1067
f 1116/1116 1068/1068 1067/1067
f 1116/1116 1117/1117 1068/1068
f 1117/1117 1069/1069 1068/1068
f 1117/1117 1118/1118 1069/1069
f 1118/1118 1070/1070 1069/1069
f 1118/1118 1119/1119 1070/1070
f 1119/1119 1071/1071 1070/1070
f 1119/1119 1120/1120 1071/1071
f 1120/1120 1072/1072 1071/1071
f 1120/1120 1121/1121 1072/1072
f 1121/1121 1073/1073 1072/1072
f 1121/1121 1122/1122 1073/1073
f 1122/1122 1074/1074 1073/1073
f 1122/1122 1123/1123 1074/1074
f 1123/1123 1075/1075 1074/1074
f 1123/1123 1124/1124 1075/1075
f 1124/1124 1076/1076 1075/1075
f 1124/1124 1125/1125 1076/1076
f 1125/1125 1077/1077 1076/1076
f 1125/1125 1126/1126 1077/1077
f 1126/1126 1078/1078 1077/1077
f 1126/1126 1127/1127 1078/1078
f 1128/1128 1080/1080 1079/1079
f 1128/1128 1129/1129 1080/1080
f 1129/1129 1081/1081 1080/1080
f 1129/1129 1130/1130 1081/1081
f 1130/1130 1082/1082 1081/1081
f 1130/1130 1131/1131 1082/1082
f 1131/1131 1083/1083 1082/1082
f 1131/1131 1132/1132 1083/1083
f 1132/1132 1084/1084 1083/1083
f 1132/1132 1133/1133 1084/1084
f 1133/1133 1085/1085 1084/1084
f 1133/1133 1134/1134 1085/1085
f 1134/1134 1086/1086 1085/1085
f 1134/1134 1135/1135 1086/1086
f 1135/1135 1087/1087 1086/1086
f 1135/1135 1136/1136 1087/1087
f 1136/1136 1088/1088 1087/1087
f 1136/1136 1137/1137 1088/1088
f 1137/1137 1089/1089 1088/1088
f 1137/1137 1138/1138 1089/1089
f 1138/1138 1090/1090 1089/1089
f 1138/1138 1139/1139 1090/1090
f 1139/1139 1091/1091 1090/1090
f 1139/1139 1140/1140 1091/1091
f 1140/1140 1092/1092 1091/1091
f 1140/1140 1141/1141 1092/1092
f 1141/1141 1093/1093 1092/1092
f 1141/1141 1142/1142 1093/1093
f 1142/1142 1094/1094 1093/1093
f 1142/1142 1143/1143 1094/1094
f 1143/1143 1095/1095 1094/1094
f 1143/1143 1144/1144 1095/1095
f 1144/1144 1096/1096 1095/1095
f 1144/1144 1145/1145 1096/1096
f 1145/1145 1097/1097 1096/1096
f 1145/1145 1146/1146 1097/1097
f 1146/1146 1098/1098 1097/1097
f 1146/1146 1147/1147 1098/1098
f 1147/1147 1099/1099 1098/1098
f 1147/1147 1148/1148 1099/1099
f 1148/1148 1100/1100 1099/1099
f 1148/1148 1149/1149 1100/1100
f 1149/1149 1101/1101 1100/1100
f 1149/1149 1150/1150 1101/1101
f 1150/1150 1102/1102 1101/1101
f 1150/1150 1151/1151 1102/1102
f 1151/1151 1103/1103 1102/1102
f 1151/1151 1152/1152 1103/1103
f 1152/1152 1104/1104 1103/1103
f 1152/1152 1153/1153 1104/1104
f 1153/1153 1105/1105 1104/1104
f 1153/1153 1154/1154 1105/1105
f 1154/1154 1106/1106 1105/1105
f 1154/1154 1155/1155 1106/1106
f 1155/1155 1107/1107 1106/1106
f 1155/1155 1156/1156 1107/1107
f 1156/1156 1108/1108 1107/1107
f 1156/1156 1157/1157 1108/1108
f 1157/1157 1109/1109 1108/1108
f 1157/1157 1158/1158 1109/1109
f 1158/1158 1110/1110 1109/1109
f 1158/1158 1159/1159 1110/1110
f 1159/1159 1111/1111 1110/1110
f 1159/1159 1160/1160 1111/1111
f 1160/1160 1112/1112 1111/1111
f 1160/1160 1161/1161 1112/1112
f 1161/1161 1113/1113 1112/1112
f 1161/1161 1162/1162 1113/1113
f 1162/1162 1114/1114 1113/1113
f 1162/1162 1163/1163 1114/1114
f 1163/1163 1115/1115 1114/1114
f 1163/1163 1164/1164 1115/1115
f 1164/1164 1116/1116 1115/1115
f 1164/1164 1165/1165 1116/1116
f 1165/1165 1117/1117 1116/1116
f 1165/1165 1166/1166 1117/1117
f 1166/1166 1118/1118 1117/1117
f 1166/1166 1167/1167 1118/1118
f 1167/1167 1119/1119 1118/1118
f 1167/1167 1168/1168 1119/1119
f 1168/1168 1120/1120 1119/1119
f 1168/1168 1169/1169 1120/1120
f 1169/1169 1121/1121 1120/1120
f 1169/1169 1170/1170 1121/1121
f 1170/1170 1122/1122 1121/1121
f 1170/1170 1171/1171 1122/1122
f 1171/1171 1123/1123 1122/1122
f 1171/1171 1172/1172 1123/1123
f 1172/1172 1124/1124 1123/1123
f 1172/1172 1173/1173 1124/1124
f 1173/1173 1125/1125 1124/1124
f 1173/1173 1174/1174 1125/1125
f 1174/1174 1126/1126 1125/1125
f 1174/1174 1175/1175 1126/1126
f 1175/1175 1127/1127 1126/1126
f 1175/1175 1176/1176 1127/1127
f 1177/1177 1129/1129 1128/1128
f 1177/1177 1178/1178 1129/1129
f 1178/1178 1130/1130 1129/1129
f 1178/1178 1179/1179 1130/1130
f 1179/1179 1131/1131 1130/1130
f 1179/1179 1180/1180 1131/1131
f 1180/1180 1132/1132 1131/1131
f 1180/1180 1181/1181 1132/1132
f 1181/1181 1133/1133 1132/1132
f 1181/1181 1182/1182 1133/1133
f 1182/1182 1134/1134 1133/1133
f 1182/1182 1183/1183 1134/1134
f 1183/1183 1135/1135 1134/1134
f 1183/1183 1184/1184 1135/1135
f 1184/1184 1136/1136 1135/1135
f 1184/1184 1185/1185 1136/1136
f 1185/1185 1137/1137 1136/1136
f 1185/1185 1186/1186 1137/1137
f 1186/1186 1138/1138 1137/1137
f 1186/1186 1187/1187 1138/1138
f 1187/1187 1139/1139 1138/1138
f 1187/1187 1188/1188 1139/1139
f 1188/1188 1140/1140 1139/1139
f 1188/1188 1189/1189 1140/1140
f 1189/1189 1141/1141 1140/1140
f 1189/1189 1190/1190 1141/1141
f 1190/1190 1142/1142 1141/1141
f 1190/1190 1191/1191 1142/1142
f 1191/1191 1143/1143 1142/1142
f 1191/1191 1192/1192 1143/1143
f 1192/1192 1144/1144 1143/1143
f 1192/1192 1193/1193 1144/1144
f 1193/1193 1145/1145 1144/1144
f 1193/1193 1194/1194 1145/1145
f 1194/1194 1146/1146 1145/1145
f 1194/1194 1195/1195 1146/1146
f 1195/1195 1147/1147 1146/1146
f 1195/1195 1196/1196 1147/1147
f 1196/1196 1148/1148 1147/1147
f 1196/1196 1197/1197 1148/1148
f 1197/1197 1149/1149 1148/1148
f 1197/1197 1198/1198 1149/1149
f 1198/1198 1150/1150 1149/1149
f 1198/1198 1199/1199 1150/1150
f 1199/1199 1151/1151 1150/1150
f 1199/1199 1200/1200 1151/1151
f 1200/1200 1152/1152 1151/1151
f 1200/1200 1201/1201 1152/1152
f 1201/1201 1153/1153 1152/1152
f 1201/1201 1202/1202 1153/1153
f 1202/1202 1154/1154 1153/1153
f 1202/1202 1203/1203 1154/1154
f 1203/1203 1155/1155 1154/1154
f 1203/1203 1204/1204 1155/1155
f 1204/1204 1156/1156 1155/1155
f 1204/1204 1205/1205 1156/1156
f 1205/1205 1157/1157 1156/1156
f 1205/1205 1206/1206 1157/1157
f 1206/1206 1158/1158 1157/1157
f 1206/1206 1207/1207 1158/1158
f 1207/1207 1159/1159 1158/1158
f 1207/1207 1208/1208 1159/1159
f 1208/1208 1160/1160 1159/1159
f 1208/1208 1209/1209 1160/1160
f 1209/1209 1161/1161 1160/1160
f 1209/1209 1210/1210 1161/1161
f 1210/1210 1162/1162 1161/1161
f 1210/1210 1211/1211 1162/1162
f 1211/1211 1163/1163 1162/1162
f 1211/1211 1212/1212 1163/1163
f 1212/1212 1164/1164 1163/1163
f 1212/1212 1213/1213 1164/1164
f 1213/1213 1165/1165 1164/1164
f 1213/1213 1214/1214 1165/1165
f 1214/1214 1166/1166 1165/1165
f 1214/1214 1215/1215 1166/1166
f 1215/1215 1167/1167 1166/1166
f 1215/1215 1216/1216 1167/1167
f 1216/1216 1168/1168 1167/1167
f 1216/1216 1217/1217 1168/1168
f 1217/1217 1169/1169 1168/1168
f 1217/1217 1218/1218 1169/1169
f 1218/1218 1170/1170 1169/1169
f 1218/1218 1219/1219 1170/1170
f 1219/1219 1171/1171 1170/1170
f 1219/1219 1220/1220 1171/1171
f 1220/1220 1172/1172 1171/1171
f 1220/1220 1221/1221 1172/1172
f 1221/1221 1173/1173 1172/1172
f 1221/1221 1222/1222 1173/1173
f 1222/1222 1174/1174 1173/1173
f 1222/1222 1223/1223 1174/1174
f 1223/1223 1175/1175 1174/1174
f 1223/1223 1224/1224 1175/1175
f 1224/1224 1176/1176 1175/1175
f 1224/1224 1225/1225 1176/1176
f 1226/1226 1178/1178 1177/1177
f 1226/1226 1227/1227 1178/1178
f 1227/1227 1179/1179 1178/1178
f 1227/1227 1228/1228 1179/1179
f 1228/1228 1180/1180 1179/1179
f 1228/1228 1229/1229 1180/1180
f 1229/1229 1181/1181 1180/1180
f 1229/1229 1230/1230 1181/1181
f 1230/1230 1182/1182 1181/1181
f 1230/1230 1231/1231 1182/1182
f 1231/1231 1183/1183 1182/1182
f 1231/1231 1232/1232 1183/1183
f 1232/1232 1184/1184 1183/1183
f 1232/1232 1233/1233 1184/1184
f 1233/1233 1185/1185 1184/1184
f 1233/1233 1234/1234 1185/1185
f 1234/1234 1186/1186 1185/1185
f 1234/1234 1235/1235 1186/1186
f 1235/1235 1187/1187 1186/1186
f 1235/1235 1236/1236 1187/1187
f 1236/1236 1188/1188 1187/1187
f 1236/1236 1237/1237 1188/1188
f 1237/1237 1189/1189 1188/1188
f 1237/1237 1238/1238 1189/1189
f 1238/1238 1190/1190 1189/1189
f 1238/1238 1239/1239 1190/1190
f 1239/1239 1191/1191 1190/1190
f 1239/1239 1240/1240 1191/1191
f 1240/1240 1192/1192 1191/1191
f 1240/1240 1241/1241 1192/1192
f 1241/1241 1193/1193 1192/1192
f 1241/1241 1242/1242 1193/1193
f 1242/1242 1194/1194 1193/1193
f 1242/1242 1243/1243 1194/1194
f 1243/1243 1195/1195 1194/1194
f 1243/1243 1244/1244 1195/1195
f 1244/1244 1196/1196 1195/1195
f 1244/1244 1245/1245 1196/1196
f 1245/1245 1197/1197 1196/1196
f 1245/1245 1246/1246 1197/1197
f 1246/1246 1198/1198 1197/1197
f 1246/1246 1247/1247 1198/1198
f 1247/1247 1199/1199 1198/1198
f 1247/1247 1248/1248 1199/1199
f 1248/1248 1200/1200 1199/1199
f 1248/1248 1249/1249 1200/1200
f 1249/1249 1201/1201 1200/1200
f 1249/1249 1250/1250 1201/1201
f 1250/1250 1202/1202 1201/1201
f 1250/1250 1251/1251 1202/1202
f 1251/1251 1203/1203 1202/1202
f 1251/1251 1252/1252 1203/1203
f 1252/1252 1204/1204 1203/1203
f 1252/1252 1253/1253 1204/1204
f 1253/1253 1205/1205 1204/1204
f 1253/1253 1254/1254 1205/1205
f 1254/1254 1206/1206 1205/1205
f 1254/1254 1255/1255 1206/1206
f 1255/1255 1207/1207 1206/1206
f 1255/1255 1256/1256 1207/1207
f 1256/1256 1208/1208 1207/1207
f 1256/1256 1257/1257 1208/1208
f 1257/1257 1209/1209 1208/1208
f 1257/1257 1258/1258 1209/1209
f 1258/1258 1210/1210 1209/1209
f 1258/1258 1259/1259 1210/1210
f 1259/1259 1211/1211 1210/1210
f 1259/1259 1260/1260 1211/1211
f 1260/1260 1212/1212 1211/1211
f 1260/1260 1261/1261 1212/1212
f 1261/1261 1213/1213 1212/1212
f 1261/1261 1262/1262 1213/1213
f 1262/1262 1214/1214 1213/1213
f 1262/1262 1263/1263 1214/1214
f 1263/1263 1215/1215 1214/1214
f 1263/1263 1264/1264 1215/1215
f 1264/1264 1216/1216 1215/1215
f 1264/1264 1265/1265 1216/1216
f 1265/1265 1217/1217 1216/1216
f 1265/1265 1266/1266 1217/1217
f 1266/1266 1218/1218 1217/1217
f 1266/1266 1267/1267 1218/1218
f 1267/1267 1219/1219 1218/1218
f 1267/1267 1268/1268 1219/1219
f 1268/1268 1220/1220 1219/1219
f 1268/1268 1269/1269 1220/1220
f 1269/1269 1221/1221 1220/1220
f 1269/1269 1270/1270 1221/1221
f 1270/1270 1222/1222 1221/1221
f 1270/1270 1271/1271 1222/1222
f 1271/1271 1223/1223 1222/1222
f 1271/1271 1272/1272 1223/1223
f 1272/1272 1224/1224 1223/1223
f 1272/1272 1273/1273 1224/1224
f 1273/1273 1225/1225 1224/1224
f 1273/1273 1274/1274 1225/1225
f 1275/1275 1227/1227 1226/1226
f 1275/1275 1276/1276 1227/1227
f 1276/1276 1228/1228 1227/1227
f 1276/1276 1277/1277 1228/1228
f 1277/1277 1229/1229 1228/1228
f 1277/1277 1278/1278 1229/1229
f 1278/1278 1230/1230 1229/1229
f 1278/1278 1279/1279 1230/1230
f 1279/1279 1231/1231 1230/1230
f 1279/1279 1280/1280 1231/1231
f 1280/1280 1232/1232 1231/1231
f 1280/1280 1281/1281 1232/1232
f 1281/1281 1233/1233 1232/1232
f 1281/1281 1282/1282 1233/1233
f 1282/1282 1234/1234 1233/1233
f 1282/1282 1283/1283 1234/1234
f 1283/1283 1235/1235 1234/1234
f 1283/1283 1284/1284 1235/1235
f 1284/1284 1236/1236 1235/1235
f 1284/1284 1285/1285 1236/1236
f 1285/1285 1237/1237 1236/1236
f 1285/1285 1286/1286 1237/1237
f 1286/1286 1238/1238 1237/1237
f 1286/1286 1287/1287 1238/1238
f 1287/1287 1239/1239 1238/1238
f 1287/1287 1288/1288 1239/1239
f 1288/1288 1240/1240 1239/1239
f 1288/1288 1289/1289 1240/1240
f 1289/1289 1241/1241 1240/1240
f 1289/1289 1290/1290 1241/1241
f 1290/1290 1242/1242 1241/1241
f 1290/1290 1291/1291 1242/1242
f 1291/1291 1243/1243 1242/1242
f 1291/1291 1292/1292 1243/1243
f 1292/1292 1244/1244 1243/1243
f 1292/1292 1293/1293 1244/1244
f 1293/1293 1245/1245 1244/1244
f 1293/1293 1294/1294 1245/1245
f 1294/1294 1246/1246 1245/1245
f 1294/1294 1295/1295 1246/1246
f 1295/1295 1247/1247 1246/1246
f 1295/1295 1296/1296 1247/1247
f 1296/1296 1248/1248 1247/1247
f 1296/1296 1297/1297 1248/1248
f 1297/1297 1249/1249 1248/1248
f 1297/1297 1298/1298 1249/1249
f 1298/1298 1250/1250 1249/1249
f 1298/1298 1299/1299 1250/1250
f 1299/1299 1251/1251 1250/1250
f 1299/1299 1300/1300 1251/1251
f 1300/1300 1252/1252 1251/1251
f 1300/1300 1301/1301 1252/1252
f 1301/1301 1253/1253 1252/1252
f 1301/1301 1302/1302 1253/1253
f 1302/1302 1254/1254 1253/1253
f 1302/1302 1303/1303 1254/1254
f 1303/1303 1255/1255 1254/1254
f 1303/1303 1304/1304 1255/1255
f 1304/1304 1256/1256 1255/1255
f 1304/1304 1305/1305 1256/1256
f 1305/1305 1257/1257 1256/1256
f 1305/1305 1306/1306 1257/1257
f 1306/1306 1258/1258 1257/1257
f 1306/1306 1307/1307 1258/1258
f 1307/1307 1259/1259 1258/1258
f 1307/1307 1308/1308 1259/1259
f 1308/1308 1260/1260 1259/1259
f 1308/1308 1309/1309 1260/1260
f 1309/1309 1261/1261 1260/1260
f 1309/1309 1310/1310 1261/1261
f 1310/1310 1262/1262 1261/1261
f 1310/1310 1311/1311 1262/1262
f 1311/1311 1263/1263 1262/1262
f 1311/1311 1312/1312 1263/1263
f 1312/1312 1264/1264 1263/1263
f 1312/1312 1313/1313 1264/1264
f 1313/1313 1265/1265 1264/1264
f 1313/1313 1314/1314 1265/1265
f 1314/1314 1266/1266 1265/1265
f 1314/1314 1315/1315 1266/1266
f 1315/1315 1267/1267 1266/1266
f 1315/1315 1316/1316 1267/1267
f 1316/1316 1268/1268 1267/1267
f 1316/1316 1317/1317 1268/1268
f 1317/1317 1269/1269 1268/1268
f 1317/1317 1318/1318 1269/1269
f 1318/1318 1270/1270 1269/1269
f 1318/1318 1319/1319 1270/1270
f 1319/1319 1271/1271 1270/1270
f 1319/1319 1320/1320 1271/1271
f 1320/1320 1272/1272 1271/1271
f 1320/1320 1321/1321 1272/1272
f 1321/1321 1273/1273 1272/1272
f 1321/1321 1322/1322 1273/1273
f 1322/1322 1274/1274 1273/1273
f 1322/1322 1323/1323 1274/1274
f 1324/1324 1276/1276 1275/1275
f 1324/1324 1325/1325 1276/1276
f 1325/1325 1277/1277 1276/1276
f 1325/1325 1326/1326 1277/1277
f 1326/1326 1278/1278 1277/1277
f 1326/1326 1327/1327 1278/1278
f 1327/1327 1279/1279 1278/1278
f 1327/1327 1328/1328 1279/1279
f 1328/1328 1280/1280 1279/1279
f 1328/1328 1329/1329 1280/1280
f 1329/1329 1281/1281 1280/1280
f 1329/1329 1330/1330 1281/1281
f 1330/1330 1282/1282 1281/1281
f 1330/1330 1331/1331 1282/1282
f 1331/1331 1283/1283 1282/1282
f 1331/1331 1332/1332 1283/1283
f 1332/1332 1284/1284 1283/1283
f 1332/1332 1333/1333 1284/1284
f 1333/1333 1285/1285 1284/1284
f 1333/1333 1334/1334 1285/1285
f 1334/1334 1286/1286 1285/1285
f 1334/1334 1335/1335 1286/1286
f 1335/1335 1287/1287 1286/1286
f 1335/1335 1336/1336 1287/1287
f 1336/1336 1288/1288 1287/1287
f 1336/1336 1337/1337 1288/1288
f 1337/1337 1289/1289 1288/1288
f 1337/1337 1338/1338 1289/1289
f 1338/1338 1290/1290 1289/1289
f 1338/1338 1339/1339 1290/1290
f 1339/1339 1291/1291 1290/1290
f 1339/1339 1340/1340 1291/1291
f 1340/1340 1292/1292 1291/1291
f 1340/1340 1341/1341 1292/1292
f 1341/1341 1293/1293 1292/1292
f 1341/1341 1342/1342 1293/1293
f 1342/1342 1294/1294 1293/1293
f 1342/1342 1343/1343 1294/1294
f 1343/1343 1295/1295 1294/1294
f 1343/1343 1344/1344 1295/1295
f 1344/1344 1296/1296 1295/1295
f 1344/1344 1345/1345 1296/1296
f 1345/1345 1297/1297 1296/1296
f 1345/1345 1346/1346 1297/1297
f 1346/1346 1298/1298 1297/1297
f 1346/1346 1347/1347 1298/1298
f 1347/1347 1299/1299 1298/1298
f 1347/1347 1348/1348 1299/1299
f 1348/1348 1300/1300 1299/1299
f 1348/1348 1349/1349 1300/1300
f 1349/1349 1301/1301 1300/1300
f 1349/1349 1350/1350 1301/1301
f 1350/1350 1302/1302 1301/1301
f 1350/1350 1351/1351 1302/1302
f 1351/1351 1303/1303 1302/1302
f 1351/1351 1352/1352 1303/1303
f 1352/1352 1304/1304 1303/1303
f 1352/1352 1353/1353 1304/1304
f 1353/1353 1305/1305 1304/1304
f 1353/1353 1354/1354 1305/1305
f 1354/1354 1306/1306 1305/1305
f 1354/1354 1355/1355 1306/1306
f 1355/1355 1307/1307 1306/1306
f 1355/1355 1356/1356 1307/1307
f 1356/1356 1308/1308 1307/1307
f 1356/1356 1357/1357 1308/1308
f 1357/1357 1309/1309 1308/1308
f 1357/1357 1358/1358 1309/1309
f 1358/1358 1310/1310 1309/1309
f 1358/1358 1359/1359 1310/1310
f 1359/1359 1311/1311 1310/1310
f 1359/1359 1360/1360 1311/1311
f 1360/1360 1312/1312 1311/1311
f 1360/1360 1361/1361 1312/1312
f 1361/1361 1313/1313 1312/1312
f 1361/1361 1362/1362 1313/1313
f 1362/1362 1314/1314 1313/1313
f 1362/1362 1363/1363 1314/1314
f 1363/1363 1315/1315 1314/1314
f 1363/1363 1364/1364 1315/1315
f 1364/1364 1316/1316 1315/1315
f 1364/1364 1365/1365 1316/1316
f 1365/1365 1317/1317 1316/1316
f 1365/1365 1366/1366 1317/1317
f 1366/1366 1318/1318 1317/1317
f 1366/1366 1367/1367 1318/1318
f 1367/1367 1319/1319 1318/1318
f 1367/1367 1368/1368 1319/1319
f 1368/1368 1320/1320 1319/1319
f 1368/1368 1369/1369 1320/1320
f 1369/1369 1321/1321 1320/1320
f 1369/1369 1370/1370 1321/1321
f 1370/1370 1322/1322 1321/1321
f 1370/1370 1371/1371 1322/1322
f 1371/1371 1323/1323 1322/1322
f 1371/1371 1372/1372 1323/1323
f 1373/1373 1325/1325 1324/1324
f 1373/1373 1374/1374 1325/1325
f 1374/1374 1326/1326 1325/1325
f 1374/1374 1375/1375 1326/1326
f 1375/1375 1327/1327 1326/1326
f 1375/1375 1376/1376 1327/1327
f 1376/1376 1328/1328 1327/1327
f 1376/1376 1377/1377 1328/1328
f 1377/1377 1329/1329 1328/1328
f 1377/1377 1378/1378 1329/1329
f 1378/1378 1330/1330 1329/1329
f 1378/1378 1379/1379 1330/1330
f 1379/1379 1331/1331 1330/1330
f 1379/1379 1380/1380 1331/1331
f 1380/1380 1332/1332 1331/1331
f 1380/1380 1381/1381 1332/1332
f 1381/1381 1333/1333 1332/1332
f 1381/1381 1382/1382 1333/1333
f 1382/1382 1334/1334 1333/1333
f 1382/1382 1383/1383 1334/1334
f 1383/1383 1335/1335 1334/1334
f 1383/1383 1384/1384 1335/1335
f 1384/1384 1336/1336 1335/1335
f 1384/1384 1385/1385 1336/1336
f 1385/1385 1337/1337 1336/1336
f 1385/1385 1386/1386 1337/1337
f 1386/1386 1338/1338 1337/1337
f 1386/1386 1387/1387 1338/1338
f 1387/1387 1339/1339 1338/1338
f 1387/1387 1388/1388 1339/1339
f 1388/1388 1340/1340 1339/1339
f 1388/1388 1389/1389 1340/1340
f 1389/1389 1341/1341 1340/1340
f 1389/1389 1390/1390 1341/1341
f 1390/1390 1342/1342 1341/1341
f 1390/1390 1391/1391 1342/1342
f 1391/1391 1343/1343 1342/1342
f 1391/1391 1392/1392 1343/1343
f 1392/1392 1344/1344 1343/1343
f 1392/1392 1393/1393 1344/1344
f 1393/1393 1345/1345 1344/1344
f 1393/1393 1394/1394 1345/1345
f 1394/1394 1346/1346 1345/1345
f 1394/1394 1395/1395 1346/1346
f 1395/1395 1347/1347 1346/1346
f 1395/1395 1396/1396 1347/1347
f 1396/1396 1348/1348 1347/1347
f 1396/1396 1397/1397 1348/1348
f 1397/1397 1349/1349 1348/1348
f 1397/1397 1398/1398 1349/1349
f 1398/1398 1350/1350 1349/1349
f 1398/1398 1399/1399 1350/1350
f 1399/1399 1351/1351 1350/1350
f 1399/1399 1400/1400 1351/1351
f 1400/1400 1352/1352 1351/1351
f 1400/1400 1401/1401 1352/1352
f 1401/1401 1353/1353 1352/1352
f 1401/1401 1402/1402 1353/1353
f 1402/1402 1354/1354 1353/1353
f 1402/1402 1403/1403 1354/1354
f 1403/1403 1355/1355 1354/1354
f 1403/1403 1404/1404 1355/1355
f 1404/1404 1356/1356 1355/1355
f 1404/1404 1405/1405 1356/1356
f 1405/1405 1357/1357 1356/1356
f 1405/1405 1406/1406 1357/1357
f 1406/1406 1358/1358 1357/1357
f 1406/1406 1407/1407 1358/1358
f 1407/1407 1359/1359 1358/1358
f 1407/1407 1408/1408 1359/1359
f 1408/1408 1360/1360 1359/1359
f 1408/1408 1409/1409 1360/1360
f 1409/1409 1361/1361 1360/1360
f 1409/1409 1410/1410 1361/1361
f 1410/1410 1362/1362 1361/1361
f 1410/1410 1411/1411 1362/1362
f 1411/1411 1363/1363 1362/1362
f 1411/1411 1412/1412 1363/1363
f 1412/1412 1364/1364 1363/1363
f 1412/1412 1413/1413 1364/1364
f 1413/1413 1365/1365 1364/1364
f 1413/1413 1414/1414 1365/1365
f 1414/1414 1366/1366 1365/1365
f 1414/1414 1415/1415 1366/1366
f 1415/1415 1367/1367 1366/1366
f 1415/1415 1416/1416 1367/1367
f 1416/1416 1368/1368 1367/1367
f 1416/1416 1417/1417 1368/1368
f 1417/1417 1369/1369 1368/1368
f 1417/1417 1418/1418 1369/1369
f 1418/1418 1370/1370 1369/1369
f 1418/1418 1419/1419 1370/1370
f 1419/1419 1371/1371 1370/1370
f 1419/1419 1420/1420 1371/1371
f 1420/1420 1372/1372 1371/1371
f 1420/1420 1421/1421 1372/1372
f 1422/1422 1374/1374 1373/1373
f 1422/1422 1423/1423 1374/1374
f 1423/1423 1375/1375 1374/1374
f 1423/1423 1424/1424 1375/1375
f 1424/1424 1376/1376 1375/1375
f 1424/1424 1425/1425 1376/1376
f 1425/1425 1377/1377 1376/1376
f 1425/1425 1426/1426 1377/1377
f 1426/1426 1378/1378 1377/1377
f 1426/1426 1427/1427 1378/1378
f 1427/1427 1379/1379 1378/1378
f 1427/1427 1428/1428 1379/1379
f 1428/1428 1380/1380 1379/1379
f 1428/1428 1429/1429 1380/1380
f 1429/1429 1381/1381 1380/1380
f 1429/1429 1430/1430 1381/1381
f 1430/1430 1382/1382 1381/1381
f 1430/1430 1431/1431 1382/1382
f 1431/1431 1383/1383 1382/1382
f 1431/1431 1432/1432 1383/1383
f 1432/1432 1384/1384 1383/1383
f 1432/1432 1433/1433 1384/1384
f 1433/1433 1385/1385 1384/1384
f 1433/1433 1434/1434 1385/1385
f 1434/1434 1386/1386 1385/1385
f 1434/1434 1435/1435 1386/1386
f 1435/1435 1387/1387 1386/1386
f 1435/1435 1436/1436 1387/1387
f 1436/1436 1388/1388 1387/1387
f 1436/1436 1437/1437 1388/1388
f 1437/1437 1389/1389 1388/1388
f 1437/1437 1438/1438 1389/1389
f 1438/1438 1390/1390 1389/1389
f 1438/1438 1439/1439 1390/1390
f 1439/1439 1391/1391 1390/1390
f 1439/1439 1440/1440 1391/1391
f 1440/1440 1392/1392 1391/1391
f 1440/1440 1441/1441 1392/1392
f 1441/1441 1393/1393 1392/1392
f 1441/1441 1442/1442 1393/1393
f 1442/1442 1394/1394 1393/1393
f 1442/1442 1443/1443 1394/1394
f 1443/1443 1395/1395 1394/1394
f 1443/1443 1444/1444 1395/1395
f 1444/1444 1396/1396 1395/1395
f 1444/1444 1445/1445 1396/1396
f 1445/1445 1397/1397 1396/1396
f 1445/1445 1446/1446 1397/1397
f 1446/1446 1398/1398 1397/1397
f 1446/1446 1447/1447 1398/1398
f 1447/1447 1399/1399 1398/1398
f 1447/1447 1448/1448 1399/1399
f 1448/1448 1400/1400 1399/1399
f 1448/1448 1449/1449 1400/1400
f 1449/1449 1401/1401 1400/1400
f 1449/1449 1450/1450 1401/1401
f 1450/1450 1402/1402 1401/1401
f 1450/1450 1451/1451 1402/1402
f 1451/1451 1403/1403 1402/1402
f 1451/1451 1452/1452 1403/1403
f 1452/1452 1404/1404 1403/1403
f 1452/1452 1453/1453 1404/1404
f 1453/1453 1405/1405 1404/1404
f 1453/1453 1454/1454 1405/1405
f 1454/1454 1406/1406 1405/1405
f 1454/1454 1455/1455 1406/1406
f 1455/1455 1407/1407 1406/1406
f 1455/1455 1456/1456 1407/1407
f 1456/1456 1408/1408 1407/1407
f 1456/1456 1457/1457 1408/1408
f 1457/1457 1409/1409 1408/1408
f 1457/1457 1458/1458 1409/1409
f 1458/1458 1410/1410 1409/1409
f 1458/1458 1459/1459 1410/1410
f 1459/1459 1411/1411 1410/1410
f 1459/1459 1460/1460 1411/1411
f 1460/1460 1412/1412 1411/1411
f 1460/1460 1461/1461 1412/1412
f 1461/1461 1413/1413 1412/1412
f 1461/1461 1462/1462 1413/1413
f 1462/1462 1414/1414 1413/1413
f 1462/1462 1463/1463 1414/1414
f 1463/1463 1415/1415 1414/1414
f 1463/1463 1464/1464 1415/1415
f 1464/1464 1416/1416 1415/1415
f 1464/1464 1465/1465 1416/1416
f 1465/1465 1417/1417 1416/1416
f 1465/1465 1466/1466 1417/1417
f 1466/1466 1418/1418 1417/1417
f 1466/1466 1467/1467 1418/1418
f 1467/1467 1419/1419 1418/1418
f 1467/1467 1468/1468 1419/1419
f 1468/1468 1420/1420 1419/1419
f 1468/1468 1469/1469 1420/1420
f 1469/1469 1421/1421 1420/1420
f 1469/1469 1470/1470 1421/1421
f 1471/1471 1423/1423 1422/1422
f 1471/1471 1472/1472 1423/1423
f 1472/1472 1424/1424 1423/1423
f 1472/1472 1473/1473 1424/1424
f 1473/1473 1425/1425 1424/1424
f 1473/1473 1474/1474 1425/1425
f 1474/1474 1426/1426 1425/1425
f 1474/1474 1475/1475 1426/1426
f 1475/1475 1427/1427 1426/1426
f 1475/1475 1476/1476 1427/1427
f 1476/1476 1428/1428 1427/1427
f 1476/1476 1477/1477 1428/1428
f 1477/1477 1429/1429 1428/1428
f 1477/1477 1478/1478 1429/1429
f 1478/1478 1430/1430 1429/1429
f 1478/1478 1479/1479 1430/1430
f 1479/1479 1431/1431 1430/1430
f 1479/1479 1480/1480 1431/1431
f 1480/1480 1432/1432 1431/1431
f 1480/1480 1481/1481 1432/1432
f 1481/1481 1433/1433 1432/1432
f 1481/1481 1482/1482 1433/1433
f 1482/1482 1434/1434 1433/1433
f 1482/1482 1483/1483 1434/1434
f 1483/1483 1435/1435 1434/1434
f 1483/1483 1484/1484 1435/1435
f 1484/1484 1436/1436 1435/1435
f 1484/1484 1485/1485 1436/1436
f 1485/1485 1437/1437 1436/1436
f 1485/1485 1486/1486 1437/1437
f 1486/1486 1438/1438 1437/1437
f 1486/1486 1487/1487 1438/1438
f 1487/1487 1439/1439 1438/1438
f 1487/1487 1488/1488 1439/1439
f 1488/1488 1440/1440 1439/1439
f 1488/1488 1489/1489 1440/1440
f 1489/1489 1441/1441 1440/1440
f 1489/1489 1490/1490 1441/1441
f 1490/1490 1442/1442 1441/1441
f 1490/1490 1491/1491 1442/1442
f 1491/1491 1443/1443 1442/1442
f 1491/1491 1492/1492 1443/1443
f 1492/1492 1444/1444 1443/1443
f 1492/1492 1493/1493 1444/1444
f 1493/1493 1445/1445 1444/1444
f 1493/1493 1494/1494 1445/1445
f 1494/1494 1446/1446 1445/1445
f 1494/1494 1495/1495 1446/1446
f 1495/1495 1447/1447 1446/1446
f 1495/1495 1496/1496 1447/1447
f 1496/1496 1448/1448 1447/1447
f 1496/1496 1497/1497 1448/1448
f 1497/1497 1449/1449 1448/1448
f 1497/1497 1498/1498 1449/1449
f 1498/1498 1450/1450 1449/1449
f 1498/1498 1499/1499 1450/1450
f 1499/1499 1451/1451 1450/1450
f 1499/1499 1500/1500 1451/1451
f 1500/1500 1452/1452 1451/1451
f 1500/1500 1501/1501 1452/1452
f 1501/1501 1453/1453 1452/1452
f 1501/1501 1502/1502 1453/1453
f 1502/1502 1454/1454 1453/1453
f 1502/1502 1503/1503 1454/1454
f 1503/1503 1455/1455 1454/1454
f 1503/1503 1504/1504 1455/1455
f 1504/1504 1456/1456 1455/1455
f 1504/1504 1505/1505 1456/1456
f 1505/1505 1457/1457 1456/1456
f 1505/1505 1506/1506 1457/1457
f 1506/1506 1458/1458 1457/1457
f 1506/1506 1507/1507 1458/1458
f 1507/1507 1459/1459 1458/1458
f 1507/1507 1508/1508 1459/1459
f 1508/1508 1460/1460 1459/1459
f 1508/1508 1509/1509 1460/1460
f 1509/1509 1461/1461 1460/1460
f 1509/1509 1510/1510 1461/1461
f 1510/1510 1462/1462 1461/1461
f 1510/1510 1511/1511 1462/1462
f 1511/1511 1463/1463 1462/1462
f 1511/1511 1512/1512 1463/1463
f 1512/1512 1464/1464 1463/1463
f 1512/1512 1513/1513 1464/1464
f 1513/1513 1465/1465 1464/1464
f 1513/1513 1514/1514 1465/1465
f 1514/1514 1466/1466 1465/1465
f 1514/1514 1515/1515 1466/1466
f 1515/1515 1467/1467 1466/1466
f 1515/1515 1516/1516 1467/1467
f 1516/1516 1468/1468 1467/1467
f 1516/1516 1517/1517 1468/1468
f 1517/1517 1469/1469 1468/1468
f 1517/1517 1518/1518 1469/1469
f 1518/1518 1470/1470 1469/1469
f 1518/1518 1519/1519 1470/1470
f 1520/1520 1472/1472 1471/1471
f 1520/1520 1521/1521 1472/1472
f 1521/1521 1473/1473 1472/1472
f 1521/1521 1522/1522 1473/1473
f 1522/1522 1474/1474 1473/1473
f 1522/1522 1523/1523 1474/1474
f 1523/1523 1475/1475 1474/1474
f 1523/1523 1524/1524 1475/1475
f 1524/1524 1476/1476 1475/1475
f 1524/1524 1525/1525 1476/1476
f 1525/1525 1477/1477 1476/1476
f 1525/1525 1526/1526 1477/1477
f 1526/1526 1478/1478 1477/1477
f 1526/1526 1527/1527 1478/1478
f 1527/1527 1479/1479 1478/1478
f 1527/1527 1528/1528 1479/1479
f 1528/1528 1480/1480 1479/1479
f 1528/1528 1529/1529 1480/1480
f 1529/1529 1481/1481 1480/1480
f 1529/1529 1530/1530 1481/1481
f 1530/1530 1482/1482 1481/1481
f 1530/1530 1531/1531 1482/1482
f 1531/1531 1483/1483 1482/1482
f 1531/1531 1532/1532 1483/1483
f 1532/1532 1484/1484 1483/1483
f 1532/1532 1533/1533 1484/1484
f 1533/1533 1485/1485 1484/1484
f 1533/1533 1534/1534 1485/1485
f 1534/1534 1486/1486 1485/1485
f 1534/1534 1535/1535 1486/1486
f 1535/1535 1487/1487 1486/1486
f 1535/1535 1536/1536 1487/1487
f 1536/1536 1488/1488 1487/1487
f 1536/1536 1537/1537 1488/1488
f 1537/1537 1489/1489 1488/1488
f 1537/1537 1538/1538 1489/1489
f 1538/1538 1490/1490 1489/1489
f 1538/1538 1539/1539 1490/1490
f 1539/1539 1491/1491 1490/1490
f 1539/1539 1540/1540 1491/1491
f 1540/1540 1492/1492 1491/1491
f 1540/1540 1541/1541 1492/1492
f 1541/1541 1493/1493 1492/1492
f 1541/1541 1542/1542 1493/1493
f 1542/1542 1494/1494 1493/1493
f 1542/1542 1543/1543 1494/1494
f 1543/1543 1495/1495 1494/1494
f 1543/1543 1544/1544 1495/1495
f 1544/1544 1496/1496 1495/1495
f 1544/1544 1545/1545 1496/1496
f 1545/1545 1497/1497 1496/1496
f 1545/1545 1546/1546 1497/1497
f 1546/1546 1498/1498 1497/1497
f 1546/1546 1547/1547 1498/1498
f 1547/1547 1499/1499 1498/1498
f 1547/1547 1548/1548 1499/1499
f 1548/1548 1500/1500 1499/1499
f 1548/1548 1549/1549 1500/1500
f 1549/1549 1501/1501 1500/1500
f 1549/1549 1550/1550 1501/1501
f 1550/1550 1502/1502 1501/1501
f 1550/1550 1551/1551 1502/1502
f 1551/1551 1503/1503 1502/1502
f 1551/1551 1552/1552 1503/1503
f 1552/1552 1504/1504 1503/1503
f 1552/1552 1553/1553 1504/1504
f 1553/1553 1505/1505 1504/1504
f 1553/1553 1554/1554 1505/1505
f 1554/1554 1506/1506 1505/1505
f 1554/1554 1555/1555 1506/1506
f 1555/1555 1507/1507 1506/1506
f 1555/1555 1556/1556 1507/1507
f 1556/1556 1508/1508 1507/1507
f 1556/1556 1557/1557 1508/1508
f 1557/1557 1509/1509 1508/1508
f 1557/1557 1558/1558 1509/1509
f 1558/1558 1510/1510 1509/1509
f 1558/1558 1559/1559 1510/1510
f 1559/1559 1511/1511 1510/1510
f 1559/1559 1560/1560 1511/1511
f 1560/1560 1512/1512 1511/1511
f 1560/1560 1561/1561 1512/1512
f 1561/1561 1513/1513 1512/1512
f 1561/1561 1562/1562 1513/1513
f 1562/1562 1514/1514 1513/1513
f 1562/1562 1563/1563 1514/1514
f 1563/1563 1515/1515 1514/1514
f 1563/1563 1564/1564 1515/1515
f 1564/1564 1516/1516 1515/1515
f 1564/1564 1565/1565 1516/1516
f 1565/1565 1517/1517 1516/1516
f 1565/1565 1566/1566 1517/1517
f 1566/1566 1518/1518 1517/1517
f 1566/1566 1567/1567 1518/1518
f 1567/1567 1519/1519 1518/1518
f 1567/1567 1568/1568 1519/1519
f 1569/1569 1521/1521 1520/1520
f 1569/1569 1570/1570 1521/1521
f 1570/1570 1522/1522 1521/1521
f 1570/1570 1571/1571 1522/1522
f 1571/1571 1523/1523 1522/1522
f 1571/1571 1572/1572 1523/1523
f 1572/1572 1524/1524 1523/1523
f 1572/1572 1573/1573 1524/1524
f 1573/1573 1525/1525 1524/1524
f 1573/1573 1574/1574 1525/1525
f 1574/1574 1526/1526 1525/1525
f 1574/1574 1575/1575 1526/1526
f 1575/1575 1527/1527 1526/1526
f 1575/1575 1576/1576 1527/1527
f 1576/1576 1528/1528 1527/1527
f 1576/1576 1577/1577 1528/1528
f 1577/1577 1529/1529 1528/1528
f 1577/1577 1578/1578 1529/1529
f 1578/1578 1530/1530 1529/1529
f 1578/1578 1579/1579 1530/1530
f 1579/1579 1531/1531 1530/1530
f 1579/1579 1580/1580 1531/1531
f 1580/1580 1532/1532 1531/1531
f 1580/1580 1581/1581 1532/1532
f 1581/1581 1533/1533 1532/1532
f 1581/1581 1582/1582 1533/1533
f 1582/1582 1534/1534 1533/1533
f 1582/1582 1583/1583 1534/1534
f 1583/1583 1535/1535 1534/1534
f 1583/1583 1584/1584 1535/1535
f 1584/1584 1536/1536 1535/1535
f 1584/1584 1585/1585 1536/1536
f 1585/1585 1537/1537 1536/1536
f 1585/1585 1586/1586 1537/1537
f 1586/1586 1538/1538 1537/1537
f 1586/1586 1587/1587 1538/1538
f 1587/1587 1539/1539 1538/1538
f 1587/1587 1588/1588 1539/1539
f 1588/1588 1540/1540 1539/1539
f 1588/1588 1589/1589 1540/1540
f 1589/1589 1541/1541 1540/1540
f 1589/1589 1590/1590 1541/1541
f 1590/1590 1542/1542 1541/1541
f 1590/1590 1591/1591 1542/1542
f 1591/1591 1543/1543 1542/1542
f 1591/1591 1592/1592 1543/1543
f 1592/1592 1544/1544 1543/1543
f 1592/1592 1593/1593 1544/1544
f 1593/1593 1545/1545 1544/1544
f 1593/1593 1594/1594 1545/1545
f 1594/1594 1546/1546 1545/1545
f 1594/1594 1595/1595 1546/1546
f 1595/1595 1547/1547 1546/1546
f 1595/1595 1596/1596 1547/1547
f 1596/1596 1548/1548 1547/1547
f 1596/1596 1597/1597 1548/1548
f 1597/1597 1549/1549 1548/1548
f 1597/1597 1598/1598 1549/1549
f 1598/1598 1550/1550 1549/1549
f 1598/1598 1599/1599 1550/1550
f 1599/1599 1551/1551 1550/1550
f 1599/1599 1600/1600 1551/1551
f 1600/1600 1552/1552 1551/1551
f 1600/1600 1601/1601 1552/1552
f 1601/1601 1553/1553 1552/1552
f 1601/1601 1602/1602 1553/1553
f 1602/1602 1554/1554 1553/1553
f 1602/1602 1603/1603 1554/1554
f 1603/1603 1555/1555 1554/1554
f 1603/1603 1604/1604 1555/1555
f 1604/1604 1556/1556 1555/1555
f 1604/1604 1605/1605 1556/1556
f 1605/1605 1557/1557 1556/1556
f 1605/1605 1606/1606 1557/1557
f 1606/1606 1558/1558 1557/1557
f 1606/1606 1607/1607 1558/1558
f 1607/1607 1559/1559 1558/1558
f 1607/1607 1608/1608 1559/1559
f 1608/1608 1560/1560 1559/1559
f 1608/1608 1609/1609 1560/1560
f 1609/1609 1561/1561 1560/1560
f 1609/1609 1610/1610 1561/1561
f 1610/1610 1562/1562 1561/1561
f 1610/1610 1611/1611 1562/1562
f 1611/1611 1563/1563 1562/1562
f 1611/1611 1612/1612 1563/1563
f 1612/1612 1564/1564 1563/1563
f 1612/1612 1613/1613 1564/1564
f 1613/1613 1565/1565 1564/1564
f 1613/1613 1614/1614 1565/1565
f 1614/1614 1566/1566 1565/1565
f 1614/1614 1615/1615 1566/1566
f 1615/1615 1567/1567 1566/1566
f 1615/1615 1616/1616 1567/1567
f 1616/1616 1568/1568 1567/1567
f 1616/1616 1617/1617 1568/1568
f 1618/1618 1570/1570 1569/1569
f 1618/1618 1619/1619 1570/1570
f 1619/1619 1571/1571 1570/1570
f 1619/1619 1620/1620 1571/1571
f 1620/1620 1572/1572 1571/1571
f 1620/1620 1621/1621 1572/1572
f 1621/1621 1573/1573 1572/1572
f 1621/1621 1622/1622 1573/1573
f 1622/1622 1574/1574 1573/1573
f 1622/1622 1623/1623 1574/1574
f 1623/1623 1575/1575 1574/1574
f 1623/1623 1624/1624 1575/1575
f 1624/1624 1576/1576 1575/1575
f 1624/1624 1625/1625 1576/1576
f 1625/1625 1577/1577 1576/1576
f 1625/1625 1626/1626 1577/1577
f 1626/1626 1578/1578 1577/1577
f 1626/1626 1627/1627 1578/1578
f 1627/1627 1579/1579 1578/1578
f 1627/1627 1628/1628 1579/1579
f 1628/1628 1580/1580 1579/1579
f 1628/1628 1629/1629 1580/1580
f 1629/1629 1581/1581 1580/1580
f 1629/1629 1630/1630 1581/1581
f 1630/1630 1582/1582 1581/1581
f 1630/1630 1631/1631 1582/1582
f 1631/1631 1583/1583 1582/1582
f 1631/1631 1632/1632 1583/1583
f 1632/1632 1584/1584 1583/1583
f 1632/1632 1633/1633 1584/1584
f 1633/1633 1585/1585 1584/1584
f 1633/1633 1634/1634 1585/1585
f 1634/1634 1586/1586 1585/1585
f 1634/1634 1635/1635 1586/1586
f 1635/1635 1587/1587 1586/1586
f 1635/1635 1636/1636 1587/1587
f 1636/1636 1588/1588 1587/1587
f 1636/1636 1637/1637 1588/1588
f 1637/1637 1589/1589 1588/1588
f 1637/1637 1638/1638 1589/1589
f 1638/1638 1590/1590 1589/1589
f 1638/1638 1639/1639 1590/1590
f 1639/1639 1591/1591 1590/1590
f 1639/1639 1640/1640 1591/1591
f 1640/1640 1592/1592 1591/1591
f 1640/1640 1641/1641 1592/1592
f 1641/1641 1593/1593 1592/1592
f 1641/1641 1642/1642 1593/1593
f 1642/1642 1594/1594 1593/1593
f 1642/1642 1643/1643 1594/1594
f 1643/1643 1595/1595 1594/1594
f 1643/1643 1644/1644 1595/1595
f 1644/1644 1596/1596 1595/1595
f 1644/1644 1645/1645 1596/1596
f 1645/1645 1597/1597 1596/1596
f 1645/1645 1646/1646 1597/1597
f 1646/1646 1598/1598 1597/1597
f 1646/1646 1647/1647 1598/1598
f 1647/1647 1599/1599 1598/1598
f 1647/1647 1648/1648 1599/1599
f 1648/1648 1600/1600 1599/1599
f 1648/1648 1649/1649 1600/1600
f 1649/1649 1601/1601 1600/1600
f 1649/1649 1650/1650 1601/1601
f 1650/1650 1602/1602 1601/1601
f 1650/1650 1651/1651 1602/1602
f 1651/1651 1603/1603 1602/1602
f 1651/1651 1652/1652 1603/1603
f 1652/1652 1604/1604 1603/1603
f 1652/1652 1653/1653 1604/1604
f 1653/1653 1605/1605 1604/1604
f 1653/1653 1654/1654 1605/1605
f 1654/1654 1606/1606 1605/1605
f 1654/1654 1655/1655 1606/1606
f 1655/1655 1607/1607 1606/1606
f 1655/1655 1656/1656 1607/1607
f 1656/1656 1608/1608 1607/1607
f 1656/1656 1657/1657 1608/1608
f 1657/1657 1609/1609 1608/1608
f 1657/1657 1658/1658 1609/1609
f 1658/1658 1610/1610 1609/1609
f 1658/1658 1659/1659 1610/1610
f 1659/1659 1611/1611 1610/1610
f 1659/1659 1660/1660 1611/1611
f 1660/1660 1612/1612 1611/1611
f 1660/1660 1661/1661 1612/1612
f 1661/1661 1613/1613 1612/1612
f 1661/1661 1662/1662 1613/1613
f 1662/1662 1614/1614 1613/1613
f 1662/1662 1663/1663 1614/1614
f 1663/1663 1615/1615 1614/1614
f 1663/1663 1664/1664 1615/1615
f 1664/1664 1616/1616 1615/1615
f 1664/1664 1665/1665 1616/1616
f 1665/1665 1617/1617 1616/1616
f 1665/1665 1666/1666 1617/1617
f 1667/1667 1619/1619 1618/1618
f 1667/1667 1668/1668 1619/1619
f 1668/1668 1620/1620 1619/1619
f 1668/1668 1669/1669 1620/1620
f 1669/1669 1621/1621 1620/1620
f 1669/1669 1670/1670 1621/1621
f 1670/1670 1622/1622 1621/1621
f 1670/1670 1671/1671 1622/1622
f 1671/1671 1623/1623 1622/1622
f 1671/1671 1672/1672 1623/1623
f 1672/1672 1624/1624 1623/1623
f 1672/1672 1673/1673 1624/1624
f 1673/1673 1625/1625 1624/1624
f 1673/1673 1674/1674 1625/1625
f 1674/1674 1626/1626 1625/1625
f 1674/1674 1675/1675 1626/1626
f 1675/1675 1627/1627 1626/1626
f 1675/1675 1676/1676 1627/1627
f 1676/1676 1628/1628 1627/1627
f 1676/1676 1677/1677 1628/1628
f 1677/1677 1629/1629 1628/1628
f 1677/1677 1678/1678 1629/1629
f 1678/1678 1630/1630 1629/1629
f 1678/1678 1679/1679 1630/1630
f 1679/1679 1631/1631 1630/1630
f 1679/1679 1680/1680 1631/1631
f 1680/1680 1632/1632 1631/1631
f 1680/1680 1681/1681 1632/1632
f 1681/1681 1633/1633 1632/1632
f 1681/1681 1682/1682 1633/1633
f 1682/1682 1634/1634 1633/1633
f 1682/1682 1683/1683 1634/1634
f 1683/1683 1635/1635 1634/1634
f 1683/1683 1684/1684 1635/1635
f 1684/1684 1636/1636 1635/1635
f 1684/1684 1685/1685 1636/1636
f 1685/1685 1637/1637 1636/1636
f 1685/1685 1686/1686 1637/1637
f 1686/1686 1638/1638 1637/1637
f 1686/1686 1687/1687 1638/1638
f 1687/1687 1639/1639 1638/1638
f 1687/1687 1688/1688 1639/1639
f 1688/1688 1640/1640 1639/1639
f 1688/1688 1689/1689 1640/1640
f 1689/1689 1641/1641 1640/1640
f 1689/1689 1690/1690 1641/1641
f 1690/1690 1642/1642 1641/1641
f 1690/1690 1691/1691 1642/1642
f 1691/1691 1643/1643 1642/1642
f 1691/1691 1692/1692 1643/1643
f 1692/1692 1644/1644 1643/1643
f 1692/1692 1693/1693 1644/1644
f 1693/1693 1645/1645 1644/1644
f 1693/1693 1694/1694 1645/1645
f 1694/1694 1646/1646 1645/1645
f 1694/1694 1695/1695 1646/1646
f 1695/1695 1647/1647 1646/1646
f 1695/1695 1696/1696 1647/1647
f 1696/1696 1648/1648 1647/1647
f 1696/1696 1697/1697 1648/1648
f 1697/1697 1649/1649 1648/1648
f 1697/1697 1698/1698 1649/1649
f 1698/1698 1650/1650 1649/1649
f 1698/1698 1699/1699 1650/1650
f 1699/1699 1651/1651 1650/1650
f 1699/1699 1700/1700 1651/1651
f 1700/1700 1652/1652 1651/1651
f 1700/1700 1701/1701 1652/1652
f 1701/1701 1653/1653 1652/1652
f 1701/1701 1702/1702 1653/1653
f 1702/1702 1654/1654 1653/1653
f 1702/1702 1703/1703 1654/1654
f 1703/1703 1655/1655 1654/1654
f 1703/1703 1704/1704 1655/1655
f 1704/1704 1656/1656 1655/1655
f 1704/1704 1705/1705 1656/1656
f 1705/1705 1657/1657 1656/1656
f 1705/1705 1706/1706 1657/1657
f 1706/1706 1658/1658 1657/1657
f 1706/1706 1707/1707 1658/1658
f 1707/1707 1659/1659 1658/1658
f 1707/1707 1708/1708 1659/1659
f 1708/1708 1660/1660 1659/1659
f 1708/1708 1709/1709 1660/1660
f 1709/1709 1661/1661 1660/1660
f 1709/1709 1710/1710 1661/1661
f 1710/1710 1662/1662 1661/1661
f 1710/1710 1711/1711 1662/1662
f 1711/1711 1663/1663 1662/1662
f 1711/1711 1712/1712 1663/1663
f 1712/1712 1664/1664 1663/1663
f 1712/1712 1713/1713 1664/1664
f 1713/1713 1665/1665 1664/1664
f 1713/1713 1714/1714 1665/1665
f 1714/1714 1666/1666 1665/1665
f 1714/1714 1715/1715 1666/1666
f 1716/1716 1668/1668 1667/1667
f 1716/1716 1717/1717 1668/1668
f 1717/1717 1669/1669 1668/1668
f 1717/1717 1718/1718 1669/1669
f 1718/1718 1670/1670 1669/1669
f 1718/1718 1719/1719 1670/1670
f 1719/1719 1671/1671 1670/1670
f 1719/1719 1720/1720 1671/1671
f 1720/1720 1672/1672 1671/1671
f 1720/1720 1721/1721 1672/1672
f 1721/1721 1673/1673 1672/1672
f 1721/1721 1722/1722 1673/1673
f 1722/1722 1674/1674 1673/1673
f 1722/1722 1723/1723 1674/1674
f 1723/1723 1675/1675 1674/1674
f 1723/1723 1724/1724 1675/1675
f 1724/1724 1676/1676 1675/1675
f 1724/1724 1725/1725 1676/1676
f 1725/1725 1677/1677 1676/1676
f 1725/1725 1726/1726 1677/1677
f 1726/1726 1678/1678 1677/1677
f 1726/1726 1727/1727 1678/1678
f 1727/1727 1679/1679 1678/1678
f 1727/1727 1728/1728 1679/1679
f 1728/1728 1680/1680 1679/1679
f 1728/1728 1729/1729 1680/1680
f 1729/1729 1681/1681 1680/1680
f 1729/1729 1730/1730 1681/1681
f 1730/1730 1682/1682 1681/1681
f 1730/1730 1731/1731 1682/1682
f 1731/1731 1683/1683 1682/1682
f 1731/1731 1732/1732 1683/1683
f 1732/1732 1684/1684 1683/1683
f 1732/1732 1733/1733 1684/1684
f 1733/1733 1685/1685 1684/1684
f 1733/1733 1734/1734 1685/1685
f 1734/1734 1686/1686 1685/1685
f 1734/1734 1735/1735 1686/1686
f 1735/1735 1687/1687 1686/1686
f 1735/1735 1736/1736 1687/1687
f 1736/1736 1688/1688 1687/1687
f 1736/1736 1737/1737 1688/1688
f 1737/1737 1689/1689 1688/1688
f 1737/1737 1738/1738 1689/1689
f 1738/1738 1690/1690 1689/1689
f 1738/1738 1739/1739 1690/1690
f 1739/1739 1691/1691 1690/1690
f 1739/1739 1740/1740 1691/1691
f 1740/1740 1692/1692 1691/1691
f 1740/1740 1741/1741 1692/1692
f 1741/1741 1693/1693 1692/1692
f 1741/1741 1742/1742 1693/1693
f 1742/1742 1694/1694 1693/1693
f 1742/1742 1743/1743 1694/1694
f 1743/1743 1695/1695 1694/1694
f 1743/1743 1744/1744 1695/1695
f 1744/1744 1696/1696 1695/1695
f 1744/1744 1745/1745 1696/1696
f 1745/1745 1697/1697 1696/1696
f 1745/1745 1746/1746 1697/1697
f 1746/1746 1698/1698 1697/1697
f 1746/1746 1747/1747 1698/1698
f 1747/1747 1699/1699 1698/1698
f 1747/1747 1748/1748 1699/1699
f 1748/1748 1700/1700 1699/1699
f 1748/1748 1749/1749 1700/1700
f 1749/1749 1701/1701 1700/1700
f 1749/1749 1750/1750 1701/1701
f 1750/1750 1702/1702 1701/1701
f 1750/1750 1751/1751 1702/1702
f 1751/1751 1703/1703 1702/1702
f 1751/1751 1752/1752 1703/1703
f 1752/1752 1704/1704 1703/1703
f 1752/1752 1753/1753 1704/1704
f 1753/1753 1705/1705 1704/1704
f 1753/1753 1754/1754 1705/1705
f 1754/1754 1706/1706 1705/1705
f 1754/1754 1755/1755 1706/1706
f 1755/1755 1707/1707 1706/1706
f 1755/1755 1756/1756 1707/1707
f 1756/1756 1708/1708 1707/1707
f 1756/1756 1757/1757 1708/1708
f 1757/1757 1709/1709 1708/1708
f 1757/1757 1758/1758 1709/1709
f 1758/1758 1710/1710 1709/1709
f 1758/1758 1759/1759 1710/1710
f 1759/1759 1711/1711 1710/1710
f 1759/1759 1760/1760 1711/1711
f 1760/1760 1712/1712 1711/1711
f 1760/1760 1761/1761 1712/1712
f 1761/1761 1713/1713 1712/1712
f 1761/1761 1762/1762 1713/1713
f 1762/1762 1714/1714 1713/1713
f 1762/1762 1763/1763 1714/1714
f 1763/1763 1715/1715 1714/1714
f 1763/1763 1764/1764 1715/1715
f 1765/1765 1717/1717 1716/1716
f 1765/1765 1766/1766 1717/1717
f 1766/1766 1718/1718 1717/1717
f 1766/1766 1767/1767 1718/1718
f 1767/1767 1719/1719 1718/1718
f 1767/1767 1768/1768 1719/1719
f 1768/1768 1720/1720 1719/1719
f 1768/1768 1769/1769 1720/1720
f 1769/1769 1721/1721 1720/1720
f 1769/1769 1770/1770 1721/1721
f 1770/1770 1722/1722 1721/1721
f 1770/1770 1771/1771 1722/1722
f 1771/1771 1723/1723 1722/1722
f 1771/1771 1772/1772 1723/1723
f 1772/1772 1724/1724 1723/1723
f 1772/1772 1773/1773 1724/1724
f 1773/1773 1725/1725 1724/1724
f 1773/1773 1774/1774 1725/1725
f 1774/1774 1726/1726 1725/1725
f 1774/1774 1775/1775 1726/1726
f 1775/1775 1727/1727 1726/1726
f 1775/1775 1776/1776 1727/1727
f 1776/1776 1728/1728 1727/1727
f 1776/1776 1777/1777 1728/1728
f 1777/1777 1729/1729 1728/1728
f 1777/1777 1778/1778 1729/1729
f 1778/1778 1730/1730 1729/1729
f 1778/1778 1779/1779 1730/1730
f 1779/1779 1731/1731 1730/1730
f 1779/1779 1780/1780 1731/1731
f 1780/1780 1732/1732 1731/1731
f 1780/1780 1781/1781 1732/1732
f 1781/1781 1733/1733 1732/1732
f 1781/1781 1782/1782 1733/1733
f 1782/1782 1734/1734 1733/1733
f 1782/1782 1783/1783 1734/1734
f 1783/1783 1735/1735 1734/1734
f 1783/1783 1784/1784 1735/1735
f 1784/1784 1736/1736 1735/1735
f 1784/1784 1785/1785 1736/1736
f 1785/1785 1737/1737 1736/1736
f 1785/1785 1786/1786 1737/1737
f 1786/1786 1738/1738 1737/1737
f 1786/1786 1787/1787 1738/1738
f 1787/1787 1739/1739 1738/1738
f 1787/1787 1788/1788 1739/1739
f 1788/1788 1740/1740 1739/1739
f 1788/1788 1789/1789 1740/1740
f 1789/1789 1741/1741 1740/1740
f 1789/1789 1790/1790 1741/1741
f 1790/1790 1742/1742 1741/1741
f 1790/1790 1791/1791 1742/1742
f 1791/1791 1743/1743 1742/1742
f 1791/1791 1792/1792 1743/1743
f 1792/1792 1744/1744 1743/1743
f 1792/1792 1793/1793 1744/1744
f 1793/1793 1745/1745 1744/1744
f 1793/1793 1794/1794 1745/1745
f 1794/1794 1746/1746 1745/1745
f 1794/1794 1795/1795 1746/1746
f 1795/1795 1747/1747 1746/1746
f 1795/1795 1796/1796 1747/1747
f 1796/1796 1748/1748 1747/1747
f 1796/1796 1797/1797 1748/1748
f 1797/1797 1749/1749 1748/1748
f 1797/1797 1798/1798 1749/1749
f 1798/1798 1750/1750 1749/1749
f 1798/1798 1799/1799 1750/1750
f 1799/1799 1751/1751 1750/1750
f 1799/1799 1800/1800 1751/1751
f 1800/1800 1752/1752 1751/1751
f 1800/1800 1801/1801 1752/1752
f 1801/1801 1753/1753 1752/1752
f 1801/1801 1802/1802 1753/1753
f 1802/1802 1754/1754 1753/1753
f 1802/1802 1803/1803 1754/1754
f 1803/1803 1755/1755 1754/1754
f 1803/1803 1804/1804 1755/1755
f 1804/1804 1756/1756 1755/1755
f 1804/1804 1805/1805 1756/1756
f 1805/1805 1757/1757 1756/1756
f 1805/1805 1806/1806 1757/1757
f 1806/1806 1758/1758 1757/1757
f 1806/1806 1807/1807 1758/1758
f 1807/1807 1759/1759 1758/1758
f 1807/1807 1808/1808 1759/1759
f 1808/1808 1760/1760 1759/1759
f 1808/1808 1809/1809 1760/1760
f 1809/1809 1761/1761 1760/1760
f 1809/1809 1810/1810 1761/1761
f 1810/1810 1762/1762 1761/1761
f 1810/1810 1811/1811 1762/1762
f 1811/1811 1763/1763 1762/1762
f 1811/1811 1812/1812 1763/1763
f 1812/1812 1764/1764 1763/1763
f 1812/1812 1813/1813 1764/1764
f 1814/1814 1766/1766 1765/1765
f 1814/1814 1815/1815 1766/1766
f 1815/1815 1767/1767 1766/1766
f 1815/1815 1816/1816 1767/1767
f 1816/1816 1768/1768 1767/1767
f 1816/1816 1817/1817 1768/1768
f 1817/1817 1769/1769 1768/1768
f 1817/1817 1818/1818 1769/1769
f 1818/1818 1770/1770 1769/1769
f 1818/1818 1819/1819 1770/1770
f 1819/1819 1771/1771 1770/1770
f 1819/1819 1820/1820 1771/1771
f 1820/1820 1772/1772 1771/1771
f 1820/1820 1821/1821 1772/1772
f 1821/1821 1773/1773 1772/1772
f 1821/1821 1822/1822 1773/1773
f 1822/1822 1774/1774 1773/1773
f 1822/1822 1823/1823 1774/1774
f 1823/1823 1775/1775 1774/1774
f 1823/1823 1824/1824 1775/1775
f 1824/1824 1776/1776 1775/1775
f 1824/1824 1825/1825 1776/1776
f 1825/1825 1777/1777 1776/1776
f 1825/1825 1826/1826 1777/1777
f 1826/1826 1778/1778 1777/1777
f 1826/1826 1827/1827 1778/1778
f 1827/1827 1779/1779 1778/1778
f 1827/1827 1828/1828 1779/1779
f 1828/1828 1780/1780 1779/1779
f 1828/1828 1829/1829 1780/1780
f 1829/1829 1781/1781 1780/1780
f 1829/1829 1830/1830 1781/1781
f 1830/1830 1782/1782 1781/1781
f 1830/1830 1831/1831 1782/1782
f 1831/1831 1783/1783 1782/1782
f 1831/1831 1832/1832 1783/1783
f 1832/1832 1784/1784 1783/1783
f 1832/1832 1833/1833 1784/1784
f 1833/1833 1785/1785 1784/1784
f 1833/1833 1834/1834 1785/1785
f 1834/1834 1786/1786 1785/1785
f 1834/1834 1835/1835 1786/1786
f 1835/1835 1787/1787 1786/1786
f 1835/1835 1836/1836 1787/1787
f 1836/1836 1788/1788 1787/1787
f 1836/1836 1837/1837 1788/1788
f 1837/1837 1789/1789 1788/1788
f 1837/1837 1838/1838 1789/1789
f 1838/1838 1790/1790 1789/1789
f 1838/1838 1839/1839 1790/1790
f 1839/1839 1791/1791 1790/1790
f 1839/1839 1840/1840 1791/1791
f 1840/1840 1792/1792 1791/1791
f 1840/1840 1841/1841 1792/1792
f 1841/1841 1793/1793 1792/1792
f 1841/1841 1842/1842 1793/1793
f 1842/1842 1794/1794 1793/1793
f 1842/1842 1843/1843 1794/1794
f 1843/1843 1795/1795 1794/1794
f 1843/1843 1844/1844 1795/1795
f 1844/1844 1796/1796 1795/1795
f 1844/1844 1845/1845 1796/1796
f 1845/1845 1797/1797 1796/1796
f 1845/1845 1846/1846 1797/1797
f 1846/1846 1798/1798 1797/1797
f 1846/1846 1847/1847 1798/1798
f 1847/1847 1799/1799 1798/1798
f 1847/1847 1848/1848 1799/1799
f 1848/1848 1800/1800 1799/1799
f 1848/1848 1849/1849 1800/1800
f 1849/1849 1801/1801 1800/1800
f 1849/1849 1850/1850 1801/1801
f 1850/1850 1802/1802 1801/1801
f 1850/1850 1851/1851 1802/1802
f 1851/1851 1803/1803 1802/1802
f 1851/1851 1852/1852 1803/1803
f 1852/1852 1804/1804 1803/1803
f 1852/1852 1853/1853 1804/1804
f 1853/1853 1805/1805 1804/1804
f 1853/1853 1854/1854 1805/1805
f 1854/1854 1806/1806 1805/1805
f 1854/1854 1855/1855 1806/1806
f 1855/1855 1807/1807 1806/1806
f 1855/1855 1856/1856 1807/1807
f 1856/1856 1808/1808 1807/1807
f 1856/1856 1857/1857 1808/1808
f 1857/1857 1809/1809 1808/1808
f 1857/1857 1858/1858 1809/1809
f 1858/1858 1810/1810 1809/1809
f 1858/1858 1859/1859 1810/1810
f 1859/1859 1811/1811 1810/1810
f 1859/1859 1860/1860 1811/1811
f 1860/1860 1812/1812 1811/1811
f 1860/1860 1861/1861 1812/1812
f 1861/1861 1813/1813 1812/1812
f 1861/1861 1862/1862 1813/1813
f 1863/1863 1815/1815 1814/1814
f 1863/1863 1864/1864 1815/1815
f 1864/1864 1816/1816 1815/1815
f 1864/1864 1865/1865 1816/1816
f 1865/1865 1817/1817 1816/1816
f 1865/1865 1866/1866 1817/1817
f 1866/1866 1818/1818 1817/1817
f 1866/1866 1867/1867 1818/1818
f 1867/1867 1819/1819 1818/1818
f 1867/1867 1868/1868 1819/1819
f 1868/1868 1820/1820 1819/1819
f 1868/1868 1869/1869 1820/1820
f 1869/1869 1821/1821 1820/1820
f 1869/1869 1870/1870 1821/1821
f 1870/1870 1822/1822 1821/1821
f 1870/1870 1871/1871 1822/1822
f 1871/1871 1823/1823 1822/1822
f 1871/1871 1872/1872 1823/1823
f 1872/1872 1824/1824 1823/1823
f 1872/1872 1873/1873 1824/1824
f 1873/1873 1825/1825 1824/1824
f 1873/1873 1874/1874 1825/1825
f 1874/1874 1826/1826 1825/1825
f 1874/1874 1875/1875 1826/1826
f 1875/1875 1827/1827 1826/1826
f 1875/1875 1876/1876 1827/1827
f 1876/1876 1828/1828 1827/1827
f 1876/1876 1877/1877 1828/1828
f 1877/1877 1829/1829 1828/1828
f 1877/1877 1878/1878 1829/1829
f 1878/1878 1830/1830 1829/1829
f 1878/1878 1879/1879 1830/1830
f 1879/1879 1831/1831 1830/1830
f 1879/1879 1880/1880 1831/1831
f 1880/1880 1832/1832 1831/1831
f 1880/1880 1881/1881 1832/1832
f 1881/1881 1833/1833 1832/1832
f 1881/1881 1882/1882 1833/1833
f 1882/1882 1834/1834 1833/1833
f 1882/1882 1883/1883 1834/1834
f 1883/1883 1835/1835 1834/1834
f 1883/1883 1884/1884 1835/1835
f 1884/1884 1836/1836 1835/1835
f 1884/1884 1885/1885 1836/1836
f 1885/1885 1837/1837 1836/1836
f 1885/1885 1886/1886 1837/1837
f 1886/1886 1838/1838 1837/1837
f 1886/1886 1887/1887 1838/1838
f 1887/1887 1839/1839 1838/1838
f 1887/1887 1888/1888 1839/1839
f 1888/1888 1840/1840 1839/1839
f 1888/1888 1889/1889 1840/1840
f 1889/1889 1841/1841 1840/1840
f 1889/1889 1890/1890 1841/1841
f 1890/1890 1842/1842 1841/1841
f 1890/1890 1891/1891 1842/1842
f 1891/1891 1843/1843 1842/1842
f 1891/1891 1892/1892 1843/1843
f 1892/1892 1844/1844 1843/1843
f 1892/1892 1893/1893 1844/1844
f 1893/1893 1845/1845 1844/1844
f 1893/1893 1894/1894 1845/1845
f 1894/1894 1846/1846 1845/1845
f 1894/1894 1895/1895 1846/1846
f 1895/1895 1847/1847 1846/1846
f 1895/1895 1896/1896 1847/1847
f 1896/1896 1848/1848 1847/1847
f 1896/1896 1897/1897 1848/1848
f 1897/1897 1849/1849 1848/1848
f 1897/1897 1898/1898 1849/1849
f 1898/1898 1850/1850 1849/1849
f 1898/1898 1899/1899 1850/1850
f 1899/1899 1851/1851 1850/1850
f 1899/1899 1900/1900 1851/1851
f 1900/1900 1852/1852 1851/1851
f 1900/1900 1901/1901 1852/1852
f 1901/1901 1853/1853 1852/1852
f 1901/1901 1902/1902 1853/1853
f 1902/1902 1854/1854 1853/1853
f 1902/1902 1903/1903 1854/1854
f 1903/1903 1855/1855 1854/1854
f 1903/1903 1904/1904 1855/1855
f 1904/1904 1856/1856 1855/1855
f 1904/1904 1905/1905 1856/1856
f 1905/1905 1857/1857 1856/1856
f 1905/1905 1906/1906 1857/1857
f 1906/1906 1858/1858 1857/1857
f 1906/1906 1907/1907 1858/1858
f 1907/1907 1859/1859 1858/1858
f 1907/1907 1908/1908 1859/1859
f 1908/1908 1860/1860 1859/1859
f 1908/1908 1909/1909 1860/1860
f 1909/1909 1861/1861 1860/1860
f 1909/1909 1910/1910 1861/1861
f 1910/1910 1862/1862 1861/1861
f 1910/1910 1911/1911 1862/1862
f 1912/1912 1864/1864 1863/1863
f 1912/1912 1913/1913 1864/1864
f 1913/1913 1865/1865 1864/1864
f 1913/1913 1914/1914 1865/1865
f 1914/1914 1866/1866 1865/1865
f 1914/1914 1915/1915 1866/1866
f 1915/1915 1867/1867 1866/1866
f 1915/1915 1916/1916 1867/1867
f 1916/1916 1868/1868 1867/1867
f 1916/1916 1917/1917 1868/1868
f 1917/1917 1869/1869 1868/1868
f 1917/1917 1918/1918 1869/1869
f 1918/1918 1870/1870 1869/1869
f 1918/1918 1919/1919 1870/1870
f 1919/1919 1871/1871 1870/1870
f 1919/1919 1920/1920 1871/1871
f 1920/1920 1872/1872 1871/1871
f 1920/1920 1921/1921 1872/1872
f 1921/1921 1873/1873 1872/1872
f 1921/1921 1922/1922 1873/1873
f 1922/1922 1874/1874 1873/1873
f 1922/1922 1923/1923 1874/1874
f 1923/1923 1875/1875 1874/1874
f 1923/1923 1924/1924 1875/1875
f 1924/1924 1876/1876 1875/1875
f 1924/1924 1925/1925 1876/1876
f 1925/1925 1877/1877 1876/1876
f 1925/1925 1926/1926 1877/1877
f 1926/1926 1878/1878 1877/1877
f 1926/1926 1927/1927 1878/1878
f 1927/1927 1879/1879 1878/1878
f 1927/1927 1928/1928 1879/1879
f 1928/1928 1880/1880 1879/1879
f 1928/1928 1929/1929 1880/1880
f 1929/1929 1881/1881 1880/1880
f 1929/1929 1930/1930 1881/1881
f 1930/1930 1882/1882 1881/1881
f 1930/1930 1931/1931 1882/1882
f 1931/1931 1883/1883 1882/1882
f 1931/1931 1932/1932 1883/1883
f 1932/1932 1884/1884 1883/1883
f 1932/1932 1933/1933 1884/1884
f 1933/1933 1885/1885 1884/1884
f 1933/1933 1934/1934 1885/1885
f 1934/1934 1886/1886 1885/1885
f 1934/1934 1935/1935 1886/1886
f 1935/1935 1887/1887 1886/1886
f 1935/1935 1936/1936 1887/1887
f 1936/1936 1888/1888 1887/1887
f 1936/1936 1937/1937 1888/1888
f 1937/1937 1889/1889 1888/1888
f 1937/1937 1938/1938 1889/1889
f 1938/1938 1890/1890 1889/1889
f 1938/1938 1939/1939 1890/1890
f 1939/1939 1891/1891 1890/1890
f 1939/1939 1940/1940 1891/1891
f 1940/1940 1892/1892 1891/1891
f 1940/1940 1941/1941 1892/1892
f 1941/1941 1893/1893 1892/1892
f 1941/1941 1942/1942 1893/1893
f 1942/1942 1894/1894 1893/1893
f 1942/1942 1943/1943 1894/1894
f 1943/1943 1895/1895 1894/1894
f 1943/1943 1944/1944 1895/1895
f 1944/1944 1896/1896 1895/1895
f 1944/1944 1945/1945 1896/1896
f 1945/1945 1897/1897 1896/1896
f 1945/1945 1946/1946 1897/1897
f 1946/1946 1898/1898 1897/1897
f 1946/1946 1947/1947 1898/1898
f 1947/1947 1899/1899 1898/1898
f 1947/1947 1948/1948 1899/1899
f 1948/1948 1900/1900 1899/1899
f 1948/1948 1949/1949 1900/1900
f 1949/1949 1901/1901 1900/1900
f 1949/1949 1950/1950 1901/1901
f 1950/1950 1902/1902 1901/1901
f 1950/1950 1951/1951 1902/1902
f 1951/1951 1903/1903 1902/1902
f 1951/1951 1952/1952 1903/1903
f 1952/1952 1904/1904 1903/1903
f 1952/1952 1953/1953 1904/1904
f 1953/1953 1905/1905 1904/1904
f 1953/1953 1954/1954 1905/1905
f 1954/1954 1906/1906 1905/1905
f 1954/1954 1955/1955 1906/1906
f 1955/1955 1907/1907 1906/1906
f 1955/1955 1956/1956 1907/1907
f 1956/1956 1908/1908 1907/1907
f 1956/1956 1957/1957 1908/1908
f 1957/1957 1909/1909 1908/1908
f 1957/1957 1958/1958 1909/1909
f 1958/1958 1910/1910 1909/1909
f 1958/1958 1959/1959 1910/1910
f 1959/1959 1911/1911 1910/1910
f 1959/1959 1960/1960 1911/1911
f 1961/1961 1913/1913 1912/1912
f 1961/1961 1962/1962 1913/1913
f 1962/1962 1914/1914 1913/1913
f 1962/1962 1963/1963 1914/1914
f 1963/1963 1915/1915 1914/1914
f 1963/1963 1964/1964 1915/1915
f 1964/1964 1916/1916 1915/1915
f 1964/1964 1965/1965 1916/1916
f 1965/1965 1917/1917 1916/1916
f 1965/1965 1966/1966 1917/1917
f 1966/1966 1918/1918 1917/1917
f 1966/1966 1967/1967 1918/1918
f 1967/1967 1919/1919 1918/1918
f 1967/1967 1968/1968 1919/1919
f 1968/1968 1920/1920 1919/1919
f 1968/1968 1969/1969 1920/1920
f 1969/1969 1921/1921 1920/1920
f 1969/1969 1970/1970 1921/1921
f 1970/1970 1922/1922 1921/1921
f 1970/1970 1971/1971 1922/1922
f 1971/1971 1923/1923 1922/1922
f 1971/1971 1972/1972 1923/1923
f 1972/1972 1924/1924 1923/1923
f 1972/1972 1973/1973 1924/1924
f 1973/1973 1925/1925 1924/1924
f 1973/1973 1974/1974 1925/1925
f 1974/1974 1926/1926 1925/1925
f 1974/1974 1975/1975 1926/1926
f 1975/1975 1927/1927 1926/1926
f 1975/1975 1976/1976 1927/1927
f 1976/1976 1928/1928 1927/1927
f 1976/1976 1977/1977 1928/1928
f 1977/1977 1929/1929 1928/1928
f 1977/1977 1978/1978 1929/1929
f 1978/1978 1930/1930 1929/1929
f 1978/1978 1979/1979 1930/1930
f 1979/1979 1931/1931 1930/1930
f 1979/1979 1980/1980 1931/1931
f 1980/1980 1932/1932 1931/1931
f 1980/1980 1981/1981 1932/1932
f 1981/1981 1933/1933 1932/1932
f 1981/1981 1982/1982 1933/1933
f 1982/1982 1934/1934 1933/1933
f 1982/1982 1983/1983 1934/1934
f 1983/1983 1935/1935 1934/1934
f 1983/1983 1984/1984 1935/1935
f 1984/1984 1936/1936 1935/1935
f 1984/1984 1985/1985 1936/1936
f 1985/1985 1937/1937 1936/1936
f 1985/1985 1986/1986 1937/1937
f 1986/1986 1938/1938 1937/1937
f 1986/1986 1987/1987 1938/1938
f 1987/1987 1939/1939 1938/1938
f 1987/1987 1988/1988 1939/1939
f 1988/1988 1940/1940 1939/1939
f 1988/1988 1989/1989 1940/1940
f 1989/1989 1941/1941 1940/1940
f 1989/1989 1990/1990 1941/1941
f 1990/1990 1942/1942 1941/1941
f 1990/1990 1991/1991 1942/1942
f 1991/1991 1943/1943 1942/1942
f 1991/1991 1992/1992 1943/1943
f 1992/1992 1944/1944 1943/1943
f 1992/1992 1993/1993 1944/1944
f 1993/1993 1945/1945 1944/1944
f 1993/1993 1994/1994 1945/1945
f 1994/1994 1946/1946 1945/1945
f 1994/1994 1995/1995 1946/1946
f 1995/1995 1947/1947 1946/1946
f 1995/1995 1996/1996 1947/1947
f 1996/1996 1948/1948 1947/1947
f 1996/1996 1997/1997 1948/1948
f 1997/1997 1949/1949 1948/1948
f 1997/1997 1998/1998 1949/1949
f 1998/1998 1950/1950 1949/1949
f 1998/1998 1999/1999 1950/1950
f 1999/1999 1951/1951 1950/1950
f 1999/1999 2000/2000 1951/1951
f 2000/2000 1952/1952 1951/1951
f 2000/2000 2001/2001 1952/1952
f 2001/2001 1953/1953 1952/1952
f 2001/2001 2002/2002 1953/1953
f 2002/2002 1954/1954 1953/1953
f 2002/2002 2003/2003 1954/1954
f 2003/2003 1955/1955 1954/1954
f 2003/2003 2004/2004 1955/1955
f 2004/2004 1956/1956 1955/1955
f 2004/2004 2005/2005 1956/1956
f 2005/2005 1957/1957 1956/1956
f 2005/2005 2006/2006 1957/1957
f 2006/2006 1958/1958 1957/1957
f 2006/2006 2007/2007 1958/1958
f 2007/2007 1959/1959 1958/1958
f 2007/2007 2008/2008 1959/1959
f 2008/2008 1960/1960 1959/1959
f 2008/2008 2009/2009 1960/1960
f 2010/2010 1962/1962 1961/1961
f 2010/2010 2011/2011 1962/1962
f 2011/2011 1963/1963 1962/1962
f 2011/2011 2012/2012 1963/1963
f 2012/2012 1964/1964 1963/1963
f 2012/2012 2013/2013 1964/1964
f 2013/2013 1965/1965 1964/1964
f 2013/2013 2014/2014 1965/1965
f 2014/2014 1966/1966 1965/1965
f 2014/2014 2015/2015 1966/1966
f 2015/2015 1967/1967 1966/1966
f 2015/2015 2016/2016 1967/1967
f 2016/2016 1968/1968 1967/1967
f 2016/2016 2017/2017 1968/1968
f 2017/2017 1969/1969 1968/1968
f 2017/2017 2018/2018 1969/1969
f 2018/2018 1970/1970 1969/1969
f 2018/2018 2019/2019 1970/1970
f 2019/2019 1971/1971 1970/1970
f 2019/2019 2020/2020 1971/1971
f 2020/2020 1972/1972 1971/1971
f 2020/2020 2021/2021 1972/1972
f 2021/2021 1973/1973 1972/1972
f 2021/2021 2022/2022 1973/1973
f 2022/2022 1974/1974 1973/1973
f 2022/2022 2023/2023 1974/1974
f 2023/2023 1975/1975 1974/1974
f 2023/2023 2024/2024 1975/1975
f 2024/2024 1976/1976 1975/1975
f 2024/2024 2025/2025 1976/1976
f 2025/2025 1977/1977 1976/1976
f 2025/2025 2026/2026 1977/1977
f 2026/2026 1978/1978 1977/1977
f 2026/2026 2027/2027 1978/1978
f 2027/2027 1979/1979 1978/1978
f 2027/2027 2028/2028 1979/1979
f 2028/2028 1980/1980 1979/1979
f 2028/2028 2029/2029 1980/1980
f 2029/2029 1981/1981 1980/1980
f 2029/2029 2030/2030 1981/1981
f 2030/2030 1982/1982 1981/1981
f 2030/2030 2031/2031 1982/1982
f 2031/2031 1983/1983 1982/1982
f 2031/2031 2032/2032 1983/1983
f 2032/2032 1984/1984 1983/1983
f 2032/2032 2033/2033 1984/1984
f 2033/2033 1985/1985 1984/1984
f 2033/2033 2034/2034 1985/1985
f 2034/2034 1986/1986 1985/1985
f 2034/2034 2035/2035 1986/1986
f 2035/2035 1987/1987 1986/1986
f 2035/2035 2036/2036 1987/1987
f 2036/2036 1988/1988 1987/1987
f 2036/2036 2037/2037 1988/1988
f 2037/2037 1989/1989 1988/1988
f 2037/2037 2038/2038 1989/1989
f 2038/2038 1990/1990 1989/1989
f 2038/2038 2039/2039 1990/1990
f 2039/2039 1991/1991 1990/1990
f 2039/2039 2040/2040 1991/1991
f 2040/2040 1992/1992 1991/1991
f 2040/2040 2041/2041 1992/1992
f 2041/2041 1993/1993 1992/1992
f 2041/2041 2042/2042 1993/1993
f 2042/2042 1994/1994 1993/1993
f 2042/2042 2043/2043 1994/1994
f 2043/2043 1995/1995 1994/1994
f 2043/2043 2044/2044 1995/1995
f 2044/2044 1996/1996 1995/1995
f 2044/2044 2045/2045 1996/1996
f 2045/2045 1997/1997 1996/1996
f 2045/2045 2046/2046 1997/1997
f 2046/2046 1998/1998 1997/1997
f 2046/2046 2047/2047 1998/1998
f 2047/2047 1999/1999 1998/1998
f 2047/2047 2048/2048 1999/1999
f 2048/2048 2000/2000 1999/1999
f 2048/2048 2049/2049 2000/2000
f 2049/2049 2001/2001 2000/2000
f 2049/2049 2050/2050 2001/2001
f 2050/2050 2002/2002 2001/2001
f 2050/2050 2051/2051 2002/2002
f 2051/2051 2003/2003 2002/2002
f 2051/2051 2052/2052 2003/2003
f 2052/2052 2004/2004 2003/2003
f 2052/2052 2053/2053 2004/2004
f 2053/2053 2005/2005 2004/2004
f 2053/2053 2054/2054 2005/2005
f 2054/2054 2006/2006 2005/2005
f 2054/2054 2055/2055 2006/2006
f 2055/2055 2007/2007 2006/2006
f 2055/2055 2056/2056 2007/2007
f 2056/2056 2008/2008 2007/2007
f 2056/2056 2057/2057 2008/2008
f 2057/2057 2009/2009 2008/2008
f 2057/2057 2058/2058 2009/2009
f 2059/2059 2011/2011 2010/2010
f 2059/2059 2060/2060 2011/2011
f 2060/2060 2012/2012 2011/2011
f 2060/2060 2061/2061 2012/2012
f 2061/2061 2013/2013 2012/2012
f 2061/2061 2062/2062 2013/2013
f 2062/2062 2014/2014 2013/2013
f 2062/2062 2063/2063 2014/2014
f 2063/2063 2015/2015 2014/2014
f 2063/2063 2064/2064 2015/2015
f 2064/2064 2016/2016 2015/2015
f 2064/2064 2065/2065 2016/2016
f 2065/2065 2017/2017 2016/2016
f 2065/2065 2066/2066 2017/2017
f 2066/2066 2018/2018 2017/2017
f 2066/2066 2067/2067 2018/2018
f 2067/2067 2019/2019 2018/2018
f 2067/2067 2068/2068 2019/2019
f 2068/2068 2020/2020 2019/2019
f 2068/2068 2069/2069 2020/2020
f 2069/2069 2021/2021 2020/2020
f 2069/2069 2070/2070 2021/2021
f 2070/2070 2022/2022 2021/2021
f 2070/2070 2071/2071 2022/2022
f 2071/2071 2023/2023 2022/2022
f 2071/2071 2072/2072 2023/2023
f 2072/2072 2024/2024 2023/2023
f 2072/2072 2073/2073 2024/2024
f 2073/2073 2025/2025 2024/2024
f 2073/2073 2074/2074 2025/2025
f 2074/2074 2026/2026 2025/2025
f 2074/2074 2075/2075 2026/2026
f 2075/2075 2027/2027 2026/2026
f 2075/2075 2076/2076 2027/2027
f 2076/2076 2028/2028 2027/2027
f 2076/2076 2077/2077 2028/2028
f 2077/2077 2029/2029 2028/2028
f 2077/2077 2078/2078 2029/2029
f 2078/2078 2030/2030 2029/2029
f 2078/2078 2079/2079 2030/2030
f 2079/2079 2031/2031 2030/2030
f 2079/2079 2080/2080 2031/2031
f 2080/2080 2032/2032 2031/2031
f 2080/2080 2081/2081 2032/2032
f 2081/2081 2033/2033 2032/2032
f 2081/2081 2082/2082 2033/2033
f 2082/2082 2034/2034 2033/2033
f 2082/2082 2083/2083 2034/2034
f 2083/2083 2035/2035 2034/2034
f 2083/2083 2084/2084 2035/2035
f 2084/2084 2036/2036 2035/2035
f 2084/2084 2085/2085 2036/2036
f 2085/2085 2037/2037 2036/2036
f 2085/2085 2086/2086 2037/2037
f 2086/2086 2038/2038 2037/2037
f 2086/2086 2087/2087 2038/2038
f 2087/2087 2039/2039 2038/2038
f 2087/2087 2088/2088 2039/2039
f 2088/2088 2040/2040 2039/2039
f 2088/2088 2089/2089 2040/2040
f 2089/2089 2041/2041 2040/2040
f 2089/2089 2090/2090 2041/2041
f 2090/2090 2042/2042 2041/2041
f 2090/2090 2091/2091 2042/2042
f 2091/2091 2043/2043 2042/2042
f 2091/2091 2092/2092 2043/2043
f 2092/2092 2044/2044 2043/2043
f 2092/2092 2093/2093 2044/2044
f 2093/2093 2045/2045 2044/2044
f 2093/2093 2094/2094 2045/2045
f 2094/2094 2046/2046 2045/2045
f 2094/2094 2095/2095 2046/2046
f 2095/2095 2047/2047 2046/2046
f 2095/2095 2096/2096 2047/2047
f 2096/2096 2048/2048 2047/2047
f 2096/2096 2097/2097 2048/2048
f 2097/2097 2049/2049 2048/2048
f 2097/2097 2098/2098 2049/2049
f 2098/2098 2050/2050 2049/2049
f 2098/2098 2099/2099 2050/2050
f 2099/2099 2051/2051 2050/2050
f 2099/2099 2100/2100 2051/2051
f 2100/2100 2052/2052 2051/2051
f 2100/2100 2101/2101 2052/2052
f 2101/2101 2053/2053 2052/2052
f 2101/2101 2102/2102 2053/2053
f 2102/2102 2054/2054 2053/2053
f 2102/2102 2103/2103 2054/2054
f 2103/2103 2055/2055 2054/2054
f 2103/2103 2104/2104 2055/2055
f 2104/2104 2056/2056 2055/2055
f 2104/2104 2105/2105 2056/2056
f 2105/2105 2057/2057 2056/2056
f 2105/2105 2106/2106 2057/2057
f 2106/2106 2058/2058 2057/2057
f 2106/2106 2107/2107 2058/2058
f 2108/2108 2060/2060 2059/2059
f 2108/2108 2109/2109 2060/2060
f 2109/2109 2061/2061 2060/2060
f 2109/2109 2110/2110 2061/2061
f 2110/2110 2062/2062 2061/2061
f 2110/2110 2111/2111 2062/2062
f 2111/2111 2063/2063 2062/2062
f 2111/2111 2112/2112 2063/2063
f 2112/2112 2064/2064 2063/2063
f 2112/2112 2113/2113 2064/2064
f 2113/2113 2065/2065 2064/2064
f 2113/2113 2114/2114 2065/2065
f 2114/2114 2066/2066 2065/2065
f 2114/2114 2115/2115 2066/2066
f 2115/2115 2067/2067 2066/2066
f 2115/2115 2116/2116 2067/2067
f 2116/2116 2068/2068 2067/2067
f 2116/2116 2117/2117 2068/2068
f 2117/2117 2069/2069 2068/2068
f 2117/2117 2118/2118 2069/2069
f 2118/2118 2070/2070 2069/2069
f 2118/2118 2119/2119 2070/2070
f 2119/2119 2071/2071 2070/2070
f 2119/2119 2120/2120 2071/2071
f 2120/2120 2072/2072 2071/2071
f 2120/2120 2121/2121 2072/2072
f 2121/2121 2073/2073 2072/2072
f 2121/2121 2122/2122 2073/2073
f 2122/2122 2074/2074 2073/2073
f 2122/2122 2123/2123 2074/2074
f 2123/2123 2075/2075 2074/2074
f 2123/2123 2124/2124 2075/2075
f 2124/2124 2076/2076 2075/2075
f 2124/2124 2125/2125 2076/2076
f 2125/2125 2077/2077 2076/2076
f 2125/2125 2126/2126 2077/2077
f 2126/2126 2078/2078 2077/2077
f 2126/2126 2127/2127 2078/2078
f 2127/2127 2079/2079 2078/2078
f 2127/2127 2128/2128 2079/2079
f 2128/2128 2080/2080 2079/2079
f 2128/2128 2129/2129 2080/2080
f 2129/2129 2081/2081 2080/2080
f 2129/2129 2130/2130 2081/2081
f 2130/2130 2082/2082 2081/2081
f 2130/2130 2131/2131 2082/2082
f 2131/2131 2083/2083 2082/2082
f 2131/2131 2132/2132 2083/2083
f 2132/2132 2084/2084 2083/2083
f 2132/2132 2133/2133 2084/2084
f 2133/2133 2085/2085 2084/2084
f 2133/2133 2134/2134 2085/2085
f 2134/2134 2086/2086 2085/2085
f 2134/2134 2135/2135 2086/2086
f 2135/2135 2087/2087 2086/2086
f 2135/2135 2136/2136 2087/2087
f 2136/2136 2088/2088 2087/2087
f 2136/2136 2137/2137 2088/2088
f 2137/2137 2089/2089 2088/2088
f 2137/2137 2138/2138 2089/2089
f 2138/2138 2090/2090 2089/2089
f 2138/2138 2139/2139 2090/2090
f 2139/2139 2091/2091 2090/2090
f 2139/2139 2140/2140 2091/2091
f 2140/2140 2092/2092 2091/2091
f 2140/2140 2141/2141 2092/2092
f 2141/2141 2093/2093 2092/2092
f 2141/2141 2142/2142 2093/2093
f 2142/2142 2094/2094 2093/2093
f 2142/2142 2143/2143 2094/2094
f 2143/2143 2095/2095 2094/2094
f 2143/2143 2144/2144 2095/2095
f 2144/2144 2096/2096 2095/2095
f 2144/2144 2145/2145 2096/2096
f 2145/2145 2097/2097 2096/2096
f 2145/2145 2146/2146 2097/2097
f 2146/2146 2098/2098 2097/2097
f 2146/2146 2147/2147 2098/2098
f 2147/2147 2099/2099 2098/2098
f 2147/2147 2148/2148 2099/2099
f 2148/2148 2100/2100 2099/2099
f 2148/2148 2149/2149 2100/2100
f 2149/2149 2101/2101 2100/2100
f 2149/2149 2150/2150 2101/2101
f 2150/2150 2102/2102 2101/2101
f 2150/2150 2151/2151 2102/2102
f 2151/2151 2103/2103 2102/2102
f 2151/2151 2152/2152 2103/2103
f 2152/2152 2104/2104 2103/2103
f 2152/2152 2153/2153 2104/2104
f 2153/2153 2105/2105 2104/2104
f 2153/2153 2154/2154 2105/2105
f 2154/2154 2106/2106 2105/2105
f 2154/2154 2155/2155 2106/2106
f 2155/2155 2107/2107 2106/2106
f 2155/2155 2156/2156 2107/2107
f 2157/2157 2109/2109 2108/2108
f 2157/2157 2158/2158 2109/2109
f 2158/2158 2110/2110 2109/2109
f 2158/2158 2159/2159 2110/2110
f 2159/2159 2111/2111 2110/2110
f 2159/2159 2160/2160 2111/2111
f 2160/2160 2112/2112 2111/2111
f 2160/2160 2161/2161 2112/2112
f 2161/2161 2113/2113 2112/2112
f 2161/2161 2162/2162 2113/2113
f 2162/2162 2114/2114 2113/2113
f 2162/2162 2163/2163 2114/2114
f 2163/2163 2115/2115 2114/2114
f 2163/2163 2164/2164 2115/2115
f 2164/2164 2116/2116 2115/2115
f 2164/2164 2165/2165 2116/2116
f 2165/2165 2117/2117 2116/2116
f 2165/2165 2166/2166 2117/2117
f 2166/2166 2118/2118 2117/2117
f 2166/2166 2167/2167 2118/2118
f 2167/2167 2119/2119 2118/2118
f 2167/2167 2168/2168 2119/2119
f 2168/2168 2120/2120 2119/2119
f 2168/2168 2169/2169 2120/2120
f 2169/2169 2121/2121 2120/2120
f 2169/2169 2170/2170 2121/2121
f 2170/2170 2122/2122 2121/2121
f 2170/2170 2171/2171 2122/2122
f 2171/2171 2123/2123 2122/2122
f 2171/2171 2172/2172 2123/2123
f 2172/2172 2124/2124 2123/2123
f 2172/2172 2173/2173 2124/2124
f 2173/2173 2125/2125 2124/2124
f 2173/2173 2174/2174 2125/2125
f 2174/2174 2126/2126 2125/2125
f 2174/2174 2175/2175 2126/2126
f 2175/2175 2127/2127 2126/2126
f 2175/2175 2176/2176 2127/2127
f 2176/2176 2128/2128 2127/2127
f 2176/2176 2177/2177 2128/2128
f 2177/2177 2129/2129 2128/2128
f 2177/2177 2178/2178 2129/2129
f 2178/2178 2130/2130 2129/2129
f 2178/2178 2179/2179 2130/2130
f 2179/2179 2131/2131 2130/2130
f 2179/2179 2180/2180 2131/2131
f 2180/2180 2132/2132 2131/2131
f 2180/2180 2181/2181 2132/2132
f 2181/2181 2133/2133 2132/2132
f 2181/2181 2182/2182 2133/2133
f 2182/2182 2134/2134 2133/2133
f 2182/2182 2183/2183 2134/2134
f 2183/2183 2135/2135 2134/2134
f 2183/2183 2184/2184 2135/2135
f 2184/2184 2136/2136 2135/2135
f 2184/2184 2185/2185 2136/2136
f 2185/2185 2137/2137 2136/2136
f 2185/2185 2186/2186 2137/2137
f 2186/2186 2138/2138 2137/2137
f 2186/2186 2187/2187 2138/2138
f 2187/2187 2139/2139 2138/2138
f 2187/2187 2188/2188 2139/2139
f 2188/2188 2140/2140 2139/2139
f 2188/2188 2189/2189 2140/2140
f 2189/2189 2141/2141 2140/2140
f 2189/2189 2190/2190 2141/2141
f 2190/2190 2142/2142 2141/2141
f 2190/2190 2191/2191 2142/2142
f 2191/2191 2143/2143 2142/2142
f 2191/2191 2192/2192 2143/2143
f 2192/2192 2144/2144 2143/2143
f 2192/2192 2193/2193 2144/2144
f 2193/2193 2145/2145 2144/2144
f 2193/2193 2194/2194 2145/2145
f 2194/2194 2146/2146 2145/2145
f 2194/2194 2195/2195 2146/2146
f 2195/2195 2147/2147 2146/2146
f 2195/2195 2196/2196 2147/2147
f 2196/2196 2148/2148 2147/2147
f 2196/2196 2197/2197 2148/2148
f 2197/2197 2149/2149 2148/2148
f 2197/2197 2198/2198 2149/2149
f 2198/2198 2150/2150 2149/2149
f 2198/2198 2199/2199 2150/2150
f 2199/2199 2151/2151 2150/2150
f 2199/2199 2200/2200 2151/2151
f 2200/2200 2152/2152 2151/2151
f 2200/2200 2201/2201 2152/2152
f 2201/2201 2153/2153 2152/2152
f 2201/2201 2202/2202 2153/2153
f 2202/2202 2154/2154 2153/2153
f 2202/2202 2203/2203 2154/2154
f 2203/2203 2155/2155 2154/2154
f 2203/2203 2204/2204 2155/2155
f 2204/2204 2156/2156 2155/2155
f 2204/2204 2205/2205 2156/2156
f 2206/2206 2158/2158 2157/2157
f 2206/2206 2207/2207 2158/2158
f 2207/2207 2159/2159 2158/2158
f 2207/2207 2208/2208 2159/2159
f 2208/2208 2160/2160 2159/2159
f 2208/2208 2209/2209 2160/2160
f 2209/2209 2161/2161 2160/2160
f 2209/2209 2210/2210 2161/2161
f 2210/2210 2162/2162 2161/2161
f 2210/2210 2211/2211 2162/2162
f 2211/2211 2163/2163 2162/2162
f 2211/2211 2212/2212 2163/2163
f 2212/2212 2164/2164 2163/2163
f 2212/2212 2213/2213 2164/2164
f 2213/2213 2165/2165 2164/2164
f 2213/2213 2214/2214 2165/2165
f 2214/2214 2166/2166 2165/2165
f 2214/2214 2215/2215 2166/2166
f 2215/2215 2167/2167 2166/2166
f 2215/2215 2216/2216 2167/2167
f 2216/2216 2168/2168 2167/2167
f 2216/2216 2217/2217 2168/2168
f 2217/2217 2169/2169 2168/2168
f 2217/2217 2218/2218 2169/2169
f 2218/2218 2170/2170 2169/2169
f 2218/2218 2219/2219 2170/2170
f 2219/2219 2171/2171 2170/2170
f 2219/2219 2220/2220 2171/2171
f 2220/2220 2172/2172 2171/2171
f 2220/2220 2221/2221 2172/2172
f 2221/2221 2173/2173 2172/2172
f 2221/2221 2222/2222 2173/2173
f 2222/2222 2174/2174 2173/2173
f 2222/2222 2223/2223 2174/2174
f 2223/2223 2175/2175 2174/2174
f 2223/2223 2224/2224 2175/2175
f 2224/2224 2176/2176 2175/2175
f 2224/2224 2225/2225 2176/2176
f 2225/2225 2177/2177 2176/2176
f 2225/2225 2226/2226 2177/2177
f 2226/2226 2178/2178 2177/2177
f 2226/2226 2227/2227 2178/2178
f 2227/2227 2179/2179 2178/2178
f 2227/2227 2228/2228 2179/2179
f 2228/2228 2180/2180 2179/2179
f 2228/2228 2229/2229 2180/2180
f 2229/2229 2181/2181 2180/2180
f 2229/2229 2230/2230 2181/2181
f 2230/2230 2182/2182 2181/2181
f 2230/2230 2231/2231 2182/2182
f 2231/2231 2183/2183 2182/2182
f 2231/2231 2232/2232 2183/2183
f 2232/2232 2184/2184 2183/2183
f 2232/2232 2233/2233 2184/2184
f 2233/2233 2185/2185 2184/2184
f 2233/2233 2234/2234 2185/2185
f 2234/2234 2186/2186 2185/2185
f 2234/2234 2235/2235 2186/2186
f 2235/2235 2187/2187 2186/2186
f 2235/2235 2236/2236 2187/2187
f 2236/2236 2188/2188 2187/2187
f 2236/2236 2237/2237 2188/2188
f 2237/2237 2189/2189 2188/2188
f 2237/2237 2238/2238 2189/2189
f 2238/2238 2190/2190 2189/2189
f 2238/2238 2239/2239 2190/2190
f 2239/2239 2191/2191 2190/2190
f 2239/2239 2240/2240 2191/2191
f 2240/2240 2192/2192 2191/2191
f 2240/2240 2241/2241 2192/2192
f 2241/2241 2193/2193 2192/2192
f 2241/2241 2242/2242 2193/2193
f 2242/2242 2194/2194 2193/2193
f 2242/2242 2243/2243 2194/2194
f 2243/2243 2195/2195 2194/2194
f 2243/2243 2244/2244 2195/2195
f 2244/2244 2196/2196 2195/2195
f 2244/2244 2245/2245 2196/2196
f 2245/2245 2197/2197 2196/2196
f 2245/2245 2246/2246 2197/2197
f 2246/2246 2198/2198 2197/2197
f 2246/2246 2247/2247 2198/2198
f 2247/2247 2199/2199 2198/2198
f 2247/2247 2248/2248 2199/2199
f 2248/2248 2200/2200 2199/2199
f 2248/2248 2249/2249 2200/2200
f 2249/2249 2201/2201 2200/2200
f 2249/2249 2250/2250 2201/2201
f 2250/2250 2202/2202 2201/2201
f 2250/2250 2251/2251 2202/2202
f 2251/2251 2203/2203 2202/2202
f 2251/2251 2252/2252 2203/2203
f 2252/2252 2204/2204 2203/2203
f 2252/2252 2253/2253 2204/2204
f 2253/2253 2205/2205 2204/2204
f 2253/2253 2254/2254 2205/2205
f 2255/2255 2207/2207 2206/2206
f 2255/2255 2256/2256 2207/2207
f 2256/2256 2208/2208 2207/2207
f 2256/2256 2257/2257 2208/2208
f 2257/2257 2209/2209 2208/2208
f 2257/2257 2258/2258 2209/2209
f 2258/2258 2210/2210 2209/2209
f 2258/2258 2259/2259 2210/2210
f 2259/2259 2211/2211 2210/2210
f 2259/2259 2260/2260 2211/2211
f 2260/2260 2212/2212 2211/2211
f 2260/2260 2261/2261 2212/2212
f 2261/2261 2213/2213 2212/2212
f 2261/2261 2262/2262 2213/2213
f 2262/2262 2214/2214 2213/2213
f 2262/2262 2263/2263 2214/2214
f 2263/2263 2215/2215 2214/2214
f 2263/2263 2264/2264 2215/2215
f 2264/2264 2216/2216 2215/2215
f 2264/2264 2265/2265 2216/2216
f 2265/2265 2217/2217 2216/2216
f 2265/2265 2266/2266 2217/2217
f 2266/2266 2218/2218 2217/2217
f 2266/2266 2267/2267 2218/2218
f 2267/2267 2219/2219 2218/2218
f 2267/2267 2268/2268 2219/2219
f 2268/2268 2220/2220 2219/2219
f 2268/2268 2269/2269 2220/2220
f 2269/2269 2221/2221 2220/2220
f 2269/2269 2270/2270 2221/2221
f 2270/2270 2222/2222 2221/2221
f 2270/2270 2271/2271 2222/2222
f 2271/2271 2223/2223 2222/2222
f 2271/2271 2272/2272 2223/2223
f 2272/2272 2224/2224 2223/2223
f 2272/2272 2273/2273 2224/2224
f 2273/2273 2225/2225 2224/2224
f 2273/2273 2274/2274 2225/2225
f 2274/2274 2226/2226 2225/2225
f 2274/2274 2275/2275 2226/2226
f 2275/2275 2227/2227 2226/2226
f 2275/2275 2276/2276 2227/2227
f 2276/2276 2228/2228 2227/2227
f 2276/2276 2277/2277 2228/2228
f 2277/2277 2229/2229 2228/2228
f 2277/2277 2278/2278 2229/2229
f 2278/2278 2230/2230 2229/2229
f 2278/2278 2279/2279 2230/2230
f 2279/2279 2231/2231 2230/2230
f 2279/2279 2280/2280 2231/2231
f 2280/2280 2232/2232 2231/2231
f 2280/2280 2281/2281 2232/2232
f 2281/2281 2233/2233 2232/2232
f 2281/2281 2282/2282 2233/2233
f 2282/2282 2234/2234 2233/2233
f 2282/2282 2283/2283 2234/2234
f 2283/2283 2235/2235 2234/2234
f 2283/2283 2284/2284 2235/2235
f 2284/2284 2236/2236 2235/2235
f 2284/2284 2285/2285 2236/2236
f 2285/2285 2237/2237 2236/2236
f 2285/2285 2286/2286 2237/2237
f 2286/2286 2238/2238 2237/2237
f 2286/2286 2287/2287 2238/2238
f 2287/2287 2239/2239 2238/2238
f 2287/2287 2288/2288 2239/2239
f 2288/2288 2240/2240 2239/2239
f 2288/2288 2289/2289 2240/2240
f 2289/2289 2241/2241 2240/2240
f 2289/2289 2290/2290 2241/2241
f 2290/2290 2242/2242 2241/2241
f 2290/2290 2291/2291 2242/2242
f 2291/2291 2243/2243 2242/2242
f 2291/2291 2292/2292 2243/2243
f 2292/2292 2244/2244 2243/2243
f 2292/2292 2293/2293 2244/2244
f 2293/2293 2245/2245 2244/2244
f 2293/2293 2294/2294 2245/2245
f 2294/2294 2246/2246 2245/2245
f 2294/2294 2295/2295 2246/2246
f 2295/2295 2247/2247 2246/2246
f 2295/2295 2296/2296 2247/2247
f 2296/2296 2248/2248 2247/2247
f 2296/2296 2297/2297 2248/2248
f 2297/2297 2249/2249 2248/2248
f 2297/2297 2298/2298 2249/2249
f 2298/2298 2250/2250 2249/2249
f 2298/2298 2299/2299 2250/2250
f 2299/2299 2251/2251 2250/2250
f 2299/2299 2300/2300 2251/2251
f 2300/2300 2252/2252 2251/2251
f 2300/2300 2301/2301 2252/2252
f 2301/2301 2253/2253 2252/2252
f 2301/2301 2302/2302 2253/2253
f 2302/2302 2254/2254 2253/2253
f 2302/2302 2303/2303 2254/2254
f 2304/2304 2256/2256 2255/2255
f 2304/2304 2305/2305 2256/2256
f 2305/2305 2257/2257 2256/2256
f 2305/2305 2306/2306 2257/2257
f 2306/2306 2258/2258 2257/2257
f 2306/2306 2307/2307 2258/2258
f 2307/2307 2259/2259 2258/2258
f 2307/2307 2308/2308 2259/2259
f 2308/2308 2260/2260 2259/2259
f 2308/2308 2309/2309 2260/2260
f 2309/2309 2261/2261 2260/2260
f 2309/2309 2310/2310 2261/2261
f 2310/2310 2262/2262 2261/2261
f 2310/2310 2311/2311 2262/2262
f 2311/2311 2263/2263 2262/2262
f 2311/2311 2312/2312 2263/2263
f 2312/2312 2264/2264 2263/2263
f 2312/2312 2313/2313 2264/2264
f 2313/2313 2265/2265 2264/2264
f 2313/2313 2314/2314 2265/2265
f 2314/2314 2266/2266 2265/2265
f 2314/2314 2315/2315 2266/2266
f 2315/2315 2267/2267 2266/2266
f 2315/2315 2316/2316 2267/2267
f 2316/2316 2268/2268 2267/2267
f 2316/2316 2317/2317 2268/2268
f 2317/2317 2269/2269 2268/2268
f 2317/2317 2318/2318 2269/2269
f 2318/2318 2270/2270 2269/2269
f 2318/2318 2319/2319 2270/2270
f 2319/2319 2271/2271 2270/2270
f 2319/2319 2320/2320 2271/2271
f 2320/2320 2272/2272 2271/2271
f 2320/2320 2321/2321 2272/2272
f 2321/2321 2273/2273 2272/2272
f 2321/2321 2322/2322 2273/2273
f 2322/2322 2274/2274 2273/2273
f 2322/2322 2323/2323 2274/2274
f 2323/2323 2275/2275 2274/2274
f 2323/2323 2324/2324 2275/2275
f 2324/2324 2276/2276 2275/2275
f 2324/2324 2325/2325 2276/2276
f 2325/2325 2277/2277 2276/2276
f 2325/2325 2326/2326 2277/2277
f 2326/2326 2278/2278 2277/2277
f 2326/2326 2327/2327 2278/2278
f 2327/2327 2279/2279 2278/2278
f 2327/2327 2328/2328 2279/2279
f 2328/2328 2280/2280 2279/2279
f 2328/2328 2329/2329 2280/2280
f 2329/2329 2281/2281 2280/2280
f 2329/2329 2330/2330 2281/2281
f 2330/2330 2282/2282 2281/2281
f 2330/2330 2331/2331 2282/2282
f 2331/2331 2283/2283 2282/2282
f 2331/2331 2332/2332 2283/2283
f 2332/2332 2284/2284 2283/2283
f 2332/2332 2333/2333 2284/2284
f 2333/2333 2285/2285 2284/2284
f 2333/2333 2334/2334 2285/2285
f 2334/2334 2286/2286 2285/2285
f 2334/2334 2335/2335 2286/2286
f 2335/2335 2287/2287 2286/2286
f 2335/2335 2336/2336 2287/2287
f 2336/2336 2288/2288 2287/2287
f 2336/2336 2337/2337 2288/2288
f 2337/2337 2289/2289 2288/2288
f 2337/2337 2338/2338 2289/2289
f 2338/2338 2290/2290 2289/2289
f 2338/2338 2339/2339 2290/2290
f 2339/2339 2291/2291 2290/2290
f 2339/2339 2340/2340 2291/2291
f 2340/2340 2292/2292 2291/2291
f 2340/2340 2341/2341 2292/2292
f 2341/2341 2293/2293 2292/2292
f 2341/2341 2342/2342 2293/2293
f 2342/2342 2294/2294 2293/2293
f 2342/2342 2343/2343 2294/2294
f 2343/2343 2295/2295 2294/2294
f 2343/2343 2344/2344 2295/2295
f 2344/2344 2296/2296 2295/2295
f 2344/2344 2345/2345 2296/2296
f 2345/2345 2297/2297 2296/2296
f 2345/2345 2346/2346 2297/2297
f 2346/2346 2298/2298 2297/2297
f 2346/2346 2347/2347 2298/2298
f 2347/2347 2299/2299 2298/2298
f 2347/2347 2348/2348 2299/2299
f 2348/2348 2300/2300 2299/2299
f 2348/2348 2349/2349 2300/2300
f 2349/2349 2301/2301 2300/2300
f 2349/2349 2350/2350 2301/2301
f 2350/2350 2302/2302 2301/2301
f 2350/2350 2351/2351 2302/2302
f 2351/2351 2303/2303 2302/2302
f 2351/2351 2352/2352 2303/2303
f 2353/2353 2305/2305 2304/2304
f 2353/2353 2354/2354 2305/2305
f 2354/2354 2306/2306 2305/2305
f 2354/2354 2355/2355 2306/2306
f 2355/2355 2307/2307 2306/2306
f 2355/2355 2356/2356 2307/2307
f 2356/2356 2308/2308 2307/2307
f 2356/2356 2357/2357 2308/2308
f 2357/2357 2309/2309 2308/2308
f 2357/2357 2358/2358 2309/2309
f 2358/2358 2310/2310 2309/2309
f 2358/2358 2359/2359 2310/2310
f 2359/2359 2311/2311 2310/2310
f 2359/2359 2360/2360 2311/2311
f 2360/2360 2312/2312 2311/2311
f 2360/2360 2361/2361 2312/2312
f 2361/2361 2313/2313 2312/2312
f 2361/2361 2362/2362 2313/2313
f 2362/2362 2314/2314 2313/2313
f 2362/2362 2363/2363 2314/2314
f 2363/2363 2315/2315 2314/2314
f 2363/2363 2364/2364 2315/2315
f 2364/2364 2316/2316 2315/2315
f 2364/2364 2365/2365 2316/2316
f 2365/2365 2317/2317 2316/2316
f 2365/2365 2366/2366 2317/2317
f 2366/2366 2318/2318 2317/2317
f 2366/2366 2367/2367 2318/2318
f 2367/2367 2319/2319 2318/2318
f 2367/2367 2368/2368 2319/2319
f 2368/2368 2320/2320 2319/2319
f 2368/2368 2369/2369 2320/2320
f 2369/2369 2321/2321 2320/2320
f 2369/2369 2370/2370 2321/2321
f 2370/2370 2322/2322 2321/2321
f 2370/2370 2371/2371 2322/2322
f 2371/2371 2323/2323 2322/2322
f 2371/2371 2372/2372 2323/2323
f 2372/2372 2324/2324 2323/2323
f 2372/2372 2373/2373 2324/2324
f 2373/2373 2325/2325 2324/2324
f 2373/2373 2374/2374 2325/2325
f 2374/2374 2326/2326 2325/2325
f 2374/2374 2375/2375 2326/2326
f 2375/2375 2327/2327 2326/2326
f 2375/2375 2376/2376 2327/2327
f 2376/2376 2328/2328 2327/2327
f 2376/2376 2377/2377 2328/2328
f 2377/2377 2329/2329 2328/2328
f 2377/2377 2378/2378 2329/2329
f 2378/2378 2330/2330 2329/2329
f 2378/2378 2379/2379 2330/2330
f 2379/2379 2331/2331 2330/2330
f 2379/2379 2380/2380 2331/2331
f 2380/2380 2332/2332 2331/2331
f 2380/2380 2381/2381 2332/2332
f 2381/2381 2333/2333 2332/2332
f 2381/2381 2382/2382 2333/2333
f 2382/2382 2334/2334 2333/2333
f 2382/2382 2383/2383 2334/2334
f 2383/2383 2335/2335 2334/2334
f 2383/2383 2384/2384 2335/2335
f 2384/2384 2336/2336 2335/2335
f 2384/2384 2385/2385 2336/2336
f 2385/2385 2337/2337 2336/2336
f 2385/2385 2386/2386 2337/2337
f 2386/2386 2338/2338 2337/2337
f 2386/2386 2387/2387 2338/2338
f 2387/2387 2339/2339 2338/2338
f 2387/2387 2388/2388 2339/2339
f 2388/2388 2340/2340 2339/2339
f 2388/2388 2389/2389 2340/2340
f 2389/2389 2341/2341 2340/2340
f 2389/2389 2390/2390 2341/2341
f 2390/2390 2342/2342 2341/2341
f 2390/2390 2391/2391 2342/2342
f 2391/2391 2343/2343 2342/2342
f 2391/2391 2392/2392 2343/2343
f 2392/2392 2344/2344 2343/2343
f 2392/2392 2393/2393 2344/2344
f 2393/2393 2345/2345 2344/2344
f 2393/2393 2394/2394 2345/2345
f 2394/2394 2346/2346 2345/2345
f 2394/2394 2395/2395 2346/2346
f 2395/2395 2347/2347 2346/2346
f 2395/2395 2396/2396 2347/2347
f 2396/2396 2348/2348 2347/2347
f 2396/2396 2397/2397 2348/2348
f 2397/2397 2349/2349 2348/2348
f 2397/2397 2398/2398 2349/2349
f 2398/2398 2350/2350 2349/2349
f 2398/2398 2399/2399 2350/2350
f 2399/2399 2351/2351 2350/2350
f 2399/2399 2400/2400 2351/2351
f 2400/2400 2352/2352 2351/2351
f 2400/2400 2401/2401 2352/2352
f 2402/2402 2354/2354 2353/2353
f 2402/2402 2403/2403 2354/2354
f 2403/2403 2355/2355 2354/2354
f 2403/2403 2404/2404 2355/2355
f 2404/2404 2356/2356 2355/2355
f 2404/2404 2405/2405 2356/2356
f 2405/2405 2357/2357 2356/2356
f 2405/2405 2406/2406 2357/2357
f 2406/2406 2358/2358 2357/2357
f 2406/2406 2407/2407 2358/2358
f 2407/2407 2359/2359 2358/2358
f 2407/2407 2408/2408 2359/2359
f 2408/2408 2360/2360 2359/2359
f 2408/2408 2409/2409 2360/2360
f 2409/2409 2361/2361 2360/2360
f 2409/2409 2410/2410 2361/2361
f 2410/2410 2362/2362 2361/2361
f 2410/2410 2411/2411 2362/2362
f 2411/2411 2363/2363 2362/2362
f 2411/2411 2412/2412 2363/2363
f 2412/2412 2364/2364 2363/2363
f 2412/2412 2413/2413 2364/2364
f 2413/2413 2365/2365 2364/2364
f 2413/2413 2414/2414 2365/2365
f 2414/2414 2366/2366 2365/2365
f 2414/2414 2415/2415 2366/2366
f 2415/2415 2367/2367 2366/2366
f 2415/2415 2416/2416 2367/2367
f 2416/2416 2368/2368 2367/2367
f 2416/2416 2417/2417 2368/2368
f 2417/2417 2369/2369 2368/2368
f 2417/2417 2418/2418 2369/2369
f 2418/2418 2370/2370 2369/2369
f 2418/2418 2419/2419 2370/2370
f 2419/2419 2371/2371 2370/2370
f 2419/2419 2420/2420 2371/2371
f 2420/2420 2372/2372 2371/2371
f 2420/2420 2421/2421 2372/2372
f 2421/2421 2373/2373 2372/2372
f 2421/2421 2422/2422 2373/2373
f 2422/2422 2374/2374 2373/2373
f 2422/2422 2423/2423 2374/2374
f 2423/2423 2375/2375 2374/2374
f 2423/2423 2424/2424 2375/2375
f 2424/2424 2376/2376 2375/2375
f 2424/2424 2425/2425 2376/2376
f 2425/2425 2377/2377 2376/2376
f 2425/2425 2426/2426 2377/2377
f 2426/2426 2378/2378 2377/2377
f 2426/2426 2427/2427 2378/2378
f 2427/2427 2379/2379 2378/2378
f 2427/2427 2428/2428 2379/2379
f 2428/2428 2380/2380 2379/2379
f 2428/2428 2429/2429 2380/2380
f 2429/2429 2381/2381 2380/2380
f 2429/2429 2430/2430 2381/2381
f 2430/2430 2382/2382 2381/2381
f 2430/2430 2431/2431 2382/2382
f 2431/2431 2383/2383 2382/2382
f 2431/2431 2432/2432 2383/2383
f 2432/2432 2384/2384 2383/2383
f 2432/2432 2433/2433 2384/2384
f 2433/2433 2385/2385 2384/2384
f 2433/2433 2434/2434 2385/2385
f 2434/2434 2386/2386 2385/2385
f 2434/2434 2435/2435 2386/2386
f 2435/2435 2387/2387 2386/2386
f 2435/2435 2436/2436 2387/2387
f 2436/2436 2388/2388 2387/2387
f 2436/2436 2437/2437 2388/2388
f 2437/2437 2389/2389 2388/2388
f 2437/2437 2438/2438 2389/2389
f 2438/2438 2390/2390 2389/2389
f 2438/2438 2439/2439 2390/2390
f 2439/2439 2391/2391 2390/2390
f 2439/2439 2440/2440 2391/2391
f 2440/2440 2392/2392 2391/2391
f 2440/2440 2441/2441 2392/2392
f 2441/2441 2393/2393 2392/2392
f 2441/2441 2442/2442 2393/2393
f 2442/2442 2394/2394 2393/2393
f 2442/2442 2443/2443 2394/2394
f 2443/2443 2395/2395 2394/2394
f 2443/2443 2444/2444 2395/2395
f 2444/2444 2396/2396 2395/2395
f 2444/2444 2445/2445 2396/2396
f 2445/2445 2397/2397 2396/2396
f 2445/2445 2446/2446 2397/2397
f 2446/2446 2398/2398 2397/2397
f 2446/2446 2447/2447 2398/2398
f 2447/2447 2399/2399 2398/2398
f 2447/2447 2448/2448 2399/2399
f 2448/2448 2400/2400 2399/2399
f 2448/2448 2449/2449 2400/2400
f 2449/2449 2401/2401 2400/2400
f 2449/2449 2450/2450 2401/2401
f 2451/2451 2403/2403 2402/2402
f 2451/2451 2452/2452 2403/2403
f 2452/2452 2404/2404 2403/2403
f 2452/2452 2453/2453 2404/2404
f 2453/2453 2405/2405 2404/2404
f 2453/2453 2454/2454 2405/2405
f 2454/2454 2406/2406 2405/2405
f 2454/2454 2455/2455 2406/2406
f 2455/2455 2407/2407 2406/2406
f 2455/2455 2456/2456 2407/2407
f 2456/2456 2408/2408 2407/2407
f 2456/2456 2457/2457 2408/2408
f 2457/2457 2409/2409 2408/2408
f 2457/2457 2458/2458 2409/2409
f 2458/2458 2410/2410 2409/2409
f 2458/2458 2459/2459 2410/2410
f 2459/2459 2411/2411 2410/2410
f 2459/2459 2460/2460 2411/2411
f 2460/2460 2412/2412 2411/2411
f 2460/2460 2461/2461 2412/2412
f 2461/2461 2413/2413 2412/2412
f 2461/2461 2462/2462 2413/2413
f 2462/2462 2414/2414 2413/2413
f 2462/2462 2463/2463 2414/2414
f 2463/2463 2415/2415 2414/2414
f 2463/2463 2464/2464 2415/2415
f 2464/2464 2416/2416 2415/2415
f 2464/2464 2465/2465 2416/2416
f 2465/2465 2417/2417 2416/2416
f 2465/2465 2466/2466 2417/2417
f 2466/2466 2418/2418 2417/2417
f 2466/2466 2467/2467 2418/2418
f 2467/2467 2419/2419 2418/2418
f 2467/2467 2468/2468 2419/2419
f 2468/2468 2420/2420 2419/2419
f 2468/2468 2469/2469 2420/2420
f 2469/2469 2421/2421 2420/2420
f 2469/2469 2470/2470 2421/2421
f 2470/2470 2422/2422 2421/2421
f 2470/2470 2471/2471 2422/2422
f 2471/2471 2423/2423 2422/2422
f 2471/2471 2472/2472 2423/2423
f 2472/2472 2424/2424 2423/2423
f 2472/2472 2473/2473 2424/2424
f 2473/2473 2425/2425 2424/2424
f 2473/2473 2474/2474 2425/2425
f 2474/2474 2426/2426 2425/2425
f 2474/2474 2475/2475 2426/2426
f 2475/2475 2427/2427 2426/2426
f 2475/2475 2476/2476 2427/2427
f 2476/2476 2428/2428 2427/2427
f 2476/2476 2477/2477 2428/2428
f 2477/2477 2429/2429 2428/2428
f 2477/2477 2478/2478 2429/2429
f 2478/2478 2430/2430 2429/2429
f 2478/2478 2479/2479 2430/2430
f 2479/2479 2431/2431 2430/2430
f 2479/2479 2480/2480 2431/2431
f 2480/2480 2432/2432 2431/2431
f 2480/2480 2481/2481 2432/2432
f 2481/2481 2433/2433 2432/2432
f 2481/2481 2482/2482 2433/2433
f 2482/2482 2434/2434 2433/2433
f 2482/2482 2483/2483 2434/2434
f 2483/2483 2435/2435 2434/2434
f 2483/2483 2484/2484 2435/2435
f 2484/2484 2436/2436 2435/2435
f 2484/2484 2485/2485 2436/2436
f 2485/2485 2437/2437 2436/2436
f 2485/2485 2486/2486 2437/2437
f 2486/2486 2438/2438 2437/2437
f 2486/2486 2487/2487 2438/2438
f 2487/2487 2439/2439 2438/2438
f 2487/2487 2488/2488 2439/2439
f 2488/2488 2440/2440 2439/2439
f 2488/2488 2489/2489 2440/2440
f 2489/2489 2441/2441 2440/2440
f 2489/2489 2490/2490 2441/2441
f 2490/2490 2442/2442 2441/2441
f 2490/2490 2491/2491 2442/2442
f 2491/2491 2443/2443 2442/2442
f 2491/2491 2492/2492 2443/2443
f 2492/2492 2444/2444 2443/2443
f 2492/2492 2493/2493 2444/2444
f 2493/2493 2445/2445 2444/2444
f 2493/2493 2494/2494 2445/2445
f 2494/2494 2446/2446 2445/2445
f 2494/2494 2495/2495 2446/2446
f 2495/2495 2447/2447 2446/2446
f 2495/2495 2496/2496 2447/2447
f 2496/2496 2448/2448 2447/2447
f 2496/2496 2497/2497 2448/2448
f 2497/2497 2449/2449 2448/2448
f 2497/2497 2498/2498 2449/2449
f 2498/2498 2450/2450 2449/2449
f 2498/2498 2499/2499 2450/2450
f 2500/2500 2452/2452 2451/2451
f 2500/2500 2501/2501 2452/2452
f 2501/2501 2453/2453 2452/2452
f 2501/2501 2502/2502 2453/2453
f 2502/2502 2454/2454 2453/2453
f 2502/2502 2503/2503 2454/2454
f 2503/2503 2455/2455 2454/2454
f 2503/2503 2504/2504 2455/2455
f 2504/2504 2456/2456 2455/2455
f 2504/2504 2505/2505 2456/2456
f 2505/2505 2457/2457 2456/2456
f 2505/2505 2506/2506 2457/2457
f 2506/2506 2458/2458 2457/2457
f 2506/2506 2507/2507 2458/2458
f 2507/2507 2459/2459 2458/2458
f 2507/2507 2508/2508 2459/2459
f 2508/2508 2460/2460 2459/2459
f 2508/2508 2509/2509 2460/2460
f 2509/2509 2461/2461 2460/2460
f 2509/2509 2510/2510 2461/2461
f 2510/2510 2462/2462 2461/2461
f 2510/2510 2511/2511 2462/2462
f 2511/2511 2463/2463 2462/2462
f 2511/2511 2512/2512 2463/2463
f 2512/2512 2464/2464 2463/2463
f 2512/2512 2513/2513 2464/2464
f 2513/2513 2465/2465 2464/2464
f 2513/2513 2514/2514 2465/2465
f 2514/2514 2466/2466 2465/2465
f 2514/2514 2515/2515 2466/2466
f 2515/2515 2467/2467 2466/2466
f 2515/2515 2516/2516 2467/2467
f 2516/2516 2468/2468 2467/2467
f 2516/2516 2517/2517 2468/2468
f 2517/2517 2469/2469 2468/2468
f 2517/2517 2518/2518 2469/2469
f 2518/2518 2470/2470 2469/2469
f 2518/2518 2519/2519 2470/2470
f 2519/2519 2471/2471 2470/2470
f 2519/2519 2520/2520 2471/2471
f 2520/2520 2472/2472 2471/2471
f 2520/2520 2521/2521 2472/2472
f 2521/2521 2473/2473 2472/2472
f 2521/2521 2522/2522 2473/2473
f 2522/2522 2474/2474 2473/2473
f 2522/2522 2523/2523 2474/2474
f 2523/2523 2475/2475 2474/2474
f 2523/2523 2524/2524 2475/2475
f 2524/2524 2476/2476 2475/2475
f 2524/2524 2525/2525 2476/2476
f 2525/2525 2477/2477 2476/2476
f 2525/2525 2526/2526 2477/2477
f 2526/2526 2478/2478 2477/2477
f 2526/2526 2527/2527 2478/2478
f 2527/2527 2479/2479 2478/2478
f 2527/2527 2528/2528 2479/2479
f 2528/2528 2480/2480 2479/2479
f 2528/2528 2529/2529 2480/2480
f 2529/2529 2481/2481 2480/2480
f 2529/2529 2530/2530 2481/2481
f 2530/2530 2482/2482 2481/2481
f 2530/2530 2531/2531 2482/2482
f 2531/2531 2483/2483 2482/2482
f 2531/2531 2532/2532 2483/2483
f 2532/2532 2484/2484 2483/2483
f 2532/2532 2533/2533 2484/2484
f 2533/2533 2485/2485 2484/2484
f 2533/2533 2534/2534 2485/2485
f 2534/2534 2486/2486 2485/2485
f 2534/2534 2535/2535 2486/2486
f 2535/2535 2487/2487 2486/2486
f 2535/2535 2536/2536 2487/2487
f 2536/2536 2488/2488 2487/2487
f 2536/2536 2537/2537 2488/2488
f 2537/2537 2489/2489 2488/2488
f 2537/2537 2538/2538 2489/2489
f 2538/2538 2490/2490 2489/2489
f 2538/2538 2539/2539 2490/2490
f 2539/2539 2491/2491 2490/2490
f 2539/2539 2540/2540 2491/2491
f 2540/2540 2492/2492 2491/2491
f 2540/2540 2541/2541 2492/2492
f 2541/2541 2493/2493 2492/2492
f 2541/2541 2542/2542 2493/2493
f 2542/2542 2494/2494 2493/2493
f 2542/2542 2543/2543 2494/2494
f 2543/2543 2495/2495 2494/2494
f 2543/2543 2544/2544 2495/2495
f 2544/2544 2496/2496 2495/2495
f 2544/2544 2545/2545 2496/2496
f 2545/2545 2497/2497 2496/2496
f 2545/2545 2546/2546 2497/2497
f 2546/2546 2498/2498 2497/2497
f 2546/2546 2547/2547 2498/2498
f 2547/2547 2499/2499 2498/2498
f 2547/2547 2548/2548 2499/2499
f 2549/2549 2501/2501 2500/2500
f 2549/2549 2550/2550 2501/2501
f 2550/2550 2502/2502 2501/2501
f 2550/2550 2551/2551 2502/2502
f 2551/2551 2503/2503 2502/2502
f 2551/2551 2552/2552 2503/2503
f 2552/2552 2504/2504 2503/2503
f 2552/2552 2553/2553 2504/2504
f 2553/2553 2505/2505 2504/2504
f 2553/2553 2554/2554 2505/2505
f 2554/2554 2506/2506 2505/2505
f 2554/2554 2555/2555 2506/2506
f 2555/2555 2507/2507 2506/2506
f 2555/2555 2556/2556 2507/2507
f 2556/2556 2508/2508 2507/2507
f 2556/2556 2557/2557 2508/2508
f 2557/2557 2509/2509 2508/2508
f 2557/2557 2558/2558 2509/2509
f 2558/2558 2510/2510 2509/2509
f 2558/2558 2559/2559 2510/2510
f 2559/2559 2511/2511 2510/2510
f 2559/2559 2560/2560 2511/2511
f 2560/2560 2512/2512 2511/2511
f 2560/2560 2561/2561 2512/2512
f 2561/2561 2513/2513 2512/2512
f 2561/2561 2562/2562 2513/2513
f 2562/2562 2514/2514 2513/2513
f 2562/2562 2563/2563 2514/2514
f 2563/2563 2515/2515 2514/2514
f 2563/2563 2564/2564 2515/2515
f 2564/2564 2516/2516 2515/2515
f 2564/2564 2565/2565 2516/2516
f 2565/2565 2517/2517 2516/2516
f 2565/2565 2566/2566 2517/2517
f 2566/2566 2518/2518 2517/2517
f 2566/2566 2567/2567 2518/2518
f 2567/2567 2519/2519 2518/2518
f 2567/2567 2568/2568 2519/2519
f 2568/2568 2520/2520 2519/2519
f 2568/2568 2569/2569 2520/2520
f 2569/2569 2521/2521 2520/2520
f 2569/2569 2570/2570 2521/2521
f 2570/2570 2522/2522 2521/2521
f 2570/2570 2571/2571 2522/2522
f 2571/2571 2523/2523 2522/2522
f 2571/2571 2572/2572 2523/2523
f 2572/2572 2524/2524 2523/2523
f 2572/2572 2573/2573 2524/2524
f 2573/2573 2525/2525 2524/2524
f 2573/2573 2574/2574 2525/2525
f 2574/2574 2526/2526 2525/2525
f 2574/2574 2575/2575 2526/2526
f 2575/2575 2527/2527 2526/2526
f 2575/2575 2576/2576 2527/2527
f 2576/2576 2528/2528 2527/2527
f 2576/2576 2577/2577 2528/2528
f 2577/2577 2529/2529 2528/2528
f 2577/2577 2578/2578 2529/2529
f 2578/2578 2530/2530 2529/2529
f 2578/2578 2579/2579 2530/2530
f 2579/2579 2531/2531 2530/2530
f 2579/2579 2580/2580 2531/2531
f 2580/2580 2532/2532 2531/2531
f 2580/2580 2581/2581 2532/2532
f 2581/2581 2533/2533 2532/2532
f 2581/2581 2582/2582 2533/2533
f 2582/2582 2534/2534 2533/2533
f 2582/2582 2583/2583 2534/2534
f 2583/2583 2535/2535 2534/2534
f 2583/2583 2584/2584 2535/2535
f 2584/2584 2536/2536 2535/2535
f 2584/2584 2585/2585 2536/2536
f 2585/2585 2537/2537 2536/2536
f 2585/2585 2586/2586 2537/2537
f 2586/2586 2538/2538 2537/2537
f 2586/2586 2587/2587 2538/2538
f 2587/2587 2539/2539 2538/2538
f 2587/2587 2588/2588 2539/2539
f 2588/2588 2540/2540 2539/2539
f 2588/2588 2589/2589 2540/2540
f 2589/2589 2541/2541 2540/2540
f 2589/2589 2590/2590 2541/2541
f 2590/2590 2542/2542 2541/2541
f 2590/2590 2591/2591 2542/2542
f 2591/2591 2543/2543 2542/2542
f 2591/2591 2592/2592 2543/2543
f 2592/2592 2544/2544 2543/2543
f 2592/2592 2593/2593 2544/2544
f 2593/2593 2545/2545 2544/2544
f 2593/2593 2594/2594 2545/2545
f 2594/2594 2546/2546 2545/2545
f 2594/2594 2595/2595 2546/2546
f 2595/2595 2547/2547 2546/2546
f 2595/2595 2596/2596 2547/2547
f 2596/2596 2548/2548 2547/2547
f 2596/2596 2597/2597 2548/2548
f 2598/2598 2550/2550 2549/2549
f 2598/2598 2599/2599 2550/2550
f 2599/2599 2551/2551 2550/2550
f 2599/2599 2600/2600 2551/2551
f 2600/2600 2552/2552 2551/2551
f 2600/2600 2601/2601 2552/2552
f 2601/2601 2553/2553 2552/2552
f 2601/2601 2602/2602 2553/2553
f 2602/2602 2554/2554 2553/2553
f 2602/2602 2603/2603 2554/2554
f 2603/2603 2555/2555 2554/2554
f 2603/2603 2604/2604 2555/2555
f 2604/2604 2556/2556 2555/2555
f 2604/2604 2605/2605 2556/2556
f 2605/2605 2557/2557 2556/2556
f 2605/2605 2606/2606 2557/2557
f 2606/2606 2558/2558 2557/2557
f 2606/2606 2607/2607 2558/2558
f 2607/2607 2559/2559 2558/2558
f 2607/2607 2608/2608 2559/2559
f 2608/2608 2560/2560 2559/2559
f 2608/2608 2609/2609 2560/2560
f 2609/2609 2561/2561 2560/2560
f 2609/2609 2610/2610 2561/2561
f 2610/2610 2562/2562 2561/2561
f 2610/2610 2611/2611 2562/2562
f 2611/2611 2563/2563 2562/2562
f 2611/2611 2612/2612 2563/2563
f 2612/2612 2564/2564 2563/2563
f 2612/2612 2613/2613 2564/2564
f 2613/2613 2565/2565 2564/2564
f 2613/2613 2614/2614 2565/2565
f 2614/2614 2566/2566 2565/2565
f 2614/2614 2615/2615 2566/2566
f 2615/2615 2567/2567 2566/2566
f 2615/2615 2616/2616 2567/2567
f 2616/2616 2568/2568 2567/2567
f 2616/2616 2617/2617 2568/2568
f 2617/2617 2569/2569 2568/2568
f 2617/2617 2618/2618 2569/2569
f 2618/2618 2570/2570 2569/2569
f 2618/2618 2619/2619 2570/2570
f 2619/2619 2571/2571 2570/2570
f 2619/2619 2620/2620 2571/2571
f 2620/2620 2572/2572 2571/2571
f 2620/2620 2621/2621 2572/2572
f 2621/2621 2573/2573 2572/2572
f 2621/2621 2622/2622 2573/2573
f 2622/2622 2574/2574 2573/2573
f 2622/2622 2623/2623 2574/2574
f 2623/2623 2575/2575 2574/2574
f 2623/2623 2624/2624 2575/2575
f 2624/2624 2576/2576 2575/2575
f 2624/2624 2625/2625 2576/2576
f 2625/2625 2577/2577 2576/2576
f 2625/2625 2626/2626 2577/2577
f 2626/2626 2578/2578 2577/2577
f 2626/2626 2627/2627 2578/2578
f 2627/2627 2579/2579 2578/2578
f 2627/2627 2628/2628 2579/2579
f 2628/2628 2580/2580 2579/2579
f 2628/2628 2629/2629 2580/2580
f 2629/2629 2581/2581 2580/2580
f 2629/2629 2630/2630 2581/2581
f 2630/2630 2582/2582 2581/2581
f 2630/2630 2631/2631 2582/2582
f 2631/2631 2583/2583 2582/2582
f 2631/2631 2632/2632 2583/2583
f 2632/2632 2584/2584 2583/2583
f 2632/2632 2633/2633 2584/2584
f 2633/2633 2585/2585 2584/2584
f 2633/2633 2634/2634 2585/2585
f 2634/2634 2586/2586 2585/2585
f 2634/2634 2635/2635 2586/2586
f 2635/2635 2587/2587 2586/2586
f 2635/2635 2636/2636 2587/2587
f 2636/2636 2588/2588 2587/2587
f 2636/2636 2637/2637 2588/2588
f 2637/2637 2589/2589 2588/2588
f 2637/2637 2638/2638 2589/2589
f 2638/2638 2590/2590 2589/2589
f 2638/2638 2639/2639 2590/2590
f 2639/2639 2591/2591 2590/2590
f 2639/2639 2640/2640 2591/2591
f 2640/2640 2592/2592 2591/2591
f 2640/2640 2641/2641 2592/2592
f 2641/2641 2593/2593 2592/2592
f 2641/2641 2642/2642 2593/2593
f 2642/2642 2594/2594 2593/2593
f 2642/2642 2643/2643 2594/2594
f 2643/2643 2595/2595 2594/2594
f 2643/2643 2644/2644 2595/2595
f 2644/2644 2596/2596 2595/2595
f 2644/2644 2645/2645 2596/2596
f 2645/2645 2597/2597 2596/2596
f 2645/2645 2646/2646 2597/2597
f 2647/2647 2599/2599 2598/2598
f 2647/2647 2648/2648 2599/2599
f 2648/2648 2600/2600 2599/2599
f 2648/2648 2649/2649 2600/2600
f 2649/2649 2601/2601 2600/2600
f 2649/2649 2650/2650 2601/2601
f 2650/2650 2602/2602 2601/2601
f 2650/2650 2651/2651 2602/2602
f 2651/2651 2603/2603 2602/2602
f 2651/2651 2652/2652 2603/2603
f 2652/2652 2604/2604 2603/2603
f 2652/2652 2653/2653 2604/2604
f 2653/2653 2605/2605 2604/2604
f 2653/2653 2654/2654 2605/2605
f 2654/2654 2606/2606 2605/2605
f 2654/2654 2655/2655 2606/2606
f 2655/2655 2607/2607 2606/2606
f 2655/2655 2656/2656 2607/2607
f 2656/2656 2608/2608 2607/2607
f 2656/2656 2657/2657 2608/2608
f 2657/2657 2609/2609 2608/2608
f 2657/2657 2658/2658 2609/2609
f 2658/2658 2610/2610 2609/2609
f 2658/2658 2659/2659 2610/2610
f 2659/2659 2611/2611 2610/2610
f 2659/2659 2660/2660 2611/2611
f 2660/2660 2612/2612 2611/2611
f 2660/2660 2661/2661 2612/2612
f 2661/2661 2613/2613 2612/2612
f 2661/2661 2662/2662 2613/2613
f 2662/2662 2614/2614 2613/2613
f 2662/2662 2663/2663 2614/2614
f 2663/2663 2615/2615 2614/2614
f 2663/2663 2664/2664 2615/2615
f 2664/2664 2616/2616 2615/2615
f 2664/2664 2665/2665 2616/2616
f 2665/2665 2617/2617 2616/2616
f 2665/2665 2666/2666 2617/2617
f 2666/2666 2618/2618 2617/2617
f 2666/2666 2667/2667 2618/2618
f 2667/2667 2619/2619 2618/2618
f 2667/2667 2668/2668 2619/2619
f 2668/2668 2620/2620 2619/2619
f 2668/2668 2669/2669 2620/2620
f 2669/2669 2621/2621 2620/2620
f 2669/2669 2670/2670 2621/2621
f 2670/2670 2622/2622 2621/2621
f 2670/2670 2671/2671 2622/2622
f 2671/2671 2623/2623 2622/2622
f 2671/2671 2672/2672 2623/2623
f 2672/2672 2624/2624 2623/2623
f 2672/2672 2673/2673 2624/2624
f 2673/2673 2625/2625 2624/2624
f 2673/2673 2674/2674 2625/2625
f 2674/2674 2626/2626 2625/2625
f 2674/2674 2675/2675 2626/2626
f 2675/2675 2627/2627 2626/2626
f 2675/2675 2676/2676 2627/2627
f 2676/2676 2628/2628 2627/2627
f 2676/2676 2677/2677 2628/2628
f 2677/2677 2629/2629 2628/2628
f 2677/2677 2678/2678 2629/2629
f 2678/2678 2630/2630 2629/2629
f 2678/2678 2679/2679 2630/2630
f 2679/2679 2631/2631 2630/2630
f 2679/2679 2680/2680 2631/2631
f 2680/2680 2632/2632 2631/2631
f 2680/2680 2681/2681 2632/2632
f 2681/2681 2633/2633 2632/2632
f 2681/2681 2682/2682 2633/2633
f 2682/2682 2634/2634 2633/2633
f 2682/2682 2683/2683 2634/2634
f 2683/2683 2635/2635 2634/2634
f 2683/2683 2684/2684 2635/2635
f 2684/2684 2636/2636 2635/2635
f 2684/2684 2685/2685 2636/2636
f 2685/2685 2637/2637 2636/2636
f 2685/2685 2686/2686 2637/2637
f 2686/2686 2638/2638 2637/2637
f 2686/2686 2687/2687 2638/2638
f 2687/2687 2639/2639 2638/2638
f 2687/2687 2688/2688 2639/2639
f 2688/2688 2640/2640 2639/2639
f 2688/2688 2689/2689 2640/2640
f 2689/2689 2641/2641 2640/2640
f 2689/2689 2690/2690 2641/2641
f 2690/2690 2642/2642 2641/2641
f 2690/2690 2691/2691 2642/2642
f 2691/2691 2643/2643 2642/2642
f 2691/2691 2692/2692 2643/2643
f 2692/2692 2644/2644 2643/2643
f 2692/2692 2693/2693 2644/2644
f 2693/2693 2645/2645 2644/2644
f 2693/2693 2694/2694 2645/2645
f 2694/2694 2646/2646 2645/2645
f 2694/2694 2695/2695 2646/2646
f 2696/2696 2648/2648 2647/2647
f 2696/2696 2697/2697 2648/2648
f 2697/2697 2649/2649 2648/2648
f 2697/2697 2698/2698 2649/2649
f 2698/2698 2650/2650 2649/2649
f 2698/2698 2699/2699 2650/2650
f 2699/2699 2651/2651 2650/2650
f 2699/2699 2700/2700 2651/2651
f 2700/2700 2652/2652 2651/2651
f 2700/2700 2701/2701 2652/2652
f 2701/2701 2653/2653 2652/2652
f 2701/2701 2702/2702 2653/2653
f 2702/2702 2654/2654 2653/2653
f 2702/2702 2703/2703 2654/2654
f 2703/2703 2655/2655 2654/2654
f 2703/2703 2704/2704 2655/2655
f 2704/2704 2656/2656 2655/2655
f 2704/2704 2705/2705 2656/2656
f 2705/2705 2657/2657 2656/2656
f 2705/2705 2706/2706 2657/2657
f 2706/2706 2658/2658 2657/2657
f 2706/2706 2707/2707 2658/2658
f 2707/2707 2659/2659 2658/2658
f 2707/2707 2708/2708 2659/2659
f 2708/2708 2660/2660 2659/2659
f 2708/2708 2709/2709 2660/2660
f 2709/2709 2661/2661 2660/2660
f 2709/2709 2710/2710 2661/2661
f 2710/2710 2662/2662 2661/2661
f 2710/2710 2711/2711 2662/2662
f 2711/2711 2663/2663 2662/2662
f 2711/2711 2712/2712 2663/2663
f 2712/2712 2664/2664 2663/2663
f 2712/2712 2713/2713 2664/2664
f 2713/2713 2665/2665 2664/2664
f 2713/2713 2714/2714 2665/2665
f 2714/2714 2666/2666 2665/2665
f 2714/2714 2715/2715 2666/2666
f 2715/2715 2667/2667 2666/2666
f 2715/2715 2716/2716 2667/2667
f 2716/2716 2668/2668 2667/2667
f 2716/2716 2717/2717 2668/2668
f 2717/2717 2669/2669 2668/2668
f 2717/2717 2718/2718 2669/2669
f 2718/2718 2670/2670 2669/2669
f 2718/2718 2719/2719 2670/2670
f 2719/2719 2671/2671 2670/2670
f 2719/2719 2720/2720 2671/2671
f 2720/2720 2672/2672 2671/2671
f 2720/2720 2721/2721 2672/2672
f 2721/2721 2673/2673 2672/2672
f 2721/2721 2722/2722 2673/2673
f 2722/2722 2674/2674 2673/2673
f 2722/2722 2723/2723 2674/2674
f 2723/2723 2675/2675 2674/2674
f 2723/2723 2724/2724 2675/2675
f 2724/2724 2676/2676 2675/2675
f 2724/2724 2725/2725 2676/2676
f 2725/2725 2677/2677 2676/2676
f 2725/2725 2726/2726 2677/2677
f 2726/2726 2678/2678 2677/2677
f 2726/2726 2727/2727 2678/2678
f 2727/2727 2679/2679 2678/2678
f 2727/2727 2728/2728 2679/2679
f 2728/2728 2680/2680 2679/2679
f 2728/2728 2729/2729 2680/2680
f 2729/2729 2681/2681 2680/2680
f 2729/2729 2730/2730 2681/2681
f 2730/2730 2682/2682 2681/2681
f 2730/2730 2731/2731 2682/2682
f 2731/2731 2683/2683 2682/2682
f 2731/2731 2732/2732 2683/2683
f 2732/2732 2684/2684 2683/2683
f 2732/2732 2733/2733 2684/2684
f 2733/2733 2685/2685 2684/2684
f 2733/2733 2734/2734 2685/2685
f 2734/2734 2686/2686 2685/2685
f 2734/2734 2735/2735 2686/2686
f 2735/2735 2687/2687 2686/2686
f 2735/2735 2736/2736 2687/2687
f 2736/2736 2688/2688 2687/2687
f 2736/2736 2737/2737 2688/2688
f 2737/2737 2689/2689 2688/2688
f 2737/2737 2738/2738 2689/2689
f 2738/2738 2690/2690 2689/2689
f 2738/2738 2739/2739 2690/2690
f 2739/2739 2691/2691 2690/2690
f 2739/2739 2740/2740 2691/2691
f 2740/2740 2692/2692 2691/2691
f 2740/2740 2741/2741 2692/2692
f 2741/2741 2693/2693 2692/2692
f 2741/2741 2742/2742 2693/2693
f 2742/2742 2694/2694 2693/2693
f 2742/2742 2743/2743 2694/2694
f 2743/2743 2695/2695 2694/2694
f 2743/2743 2744/2744 2695/2695
f 2745/2745 2697/2697 2696/2696
f 2745/2745 2746/2746 2697/2697
f 2746/2746 2698/2698 2697/2697
f 2746/2746 2747/2747 2698/2698
f 2747/2747 2699/2699 2698/2698
f 2747/2747 2748/2748 2699/2699
f 2748/2748 2700/2700 2699/2699
f 2748/2748 2749/2749 2700/2700
f 2749/2749 2701/2701 2700/2700
f 2749/2749 2750/2750 2701/2701
f 2750/2750 2702/2702 2701/2701
f 2750/2750 2751/2751 2702/2702
f 2751/2751 2703/2703 2702/2702
f 2751/2751 2752/2752 2703/2703
f 2752/2752 2704/2704 2703/2703
f 2752/2752 2753/2753 2704/2704
f 2753/2753 2705/2705 2704/2704
f 2753/2753 2754/2754 2705/2705
f 2754/2754 2706/2706 2705/2705
f 2754/2754 2755/2755 2706/2706
f 2755/2755 2707/2707 2706/2706
f 2755/2755 2756/2756 2707/2707
f 2756/2756 2708/2708 2707/2707
f 2756/2756 2757/2757 2708/2708
f 2757/2757 2709/2709 2708/2708
f 2757/2757 2758/2758 2709/2709
f 2758/2758 2710/2710 2709/2709
f 2758/2758 2759/2759 2710/2710
f 2759/2759 2711/2711 2710/2710
f 2759/2759 2760/2760 2711/2711
f 2760/2760 2712/2712 2711/2711
f 2760/2760 2761/2761 2712/2712
f 2761/2761 2713/2713 2712/2712
f 2761/2761 2762/2762 2713/2713
f 2762/2762 2714/2714 2713/2713
f 2762/2762 2763/2763 2714/2714
f 2763/2763 2715/2715 2714/2714
f 2763/2763 2764/2764 2715/2715
f 2764/2764 2716/2716 2715/2715
f 2764/2764 2765/2765 2716/2716
f 2765/2765 2717/2717 2716/2716
f 2765/2765 2766/2766 2717/2717
f 2766/2766 2718/2718 2717/2717
f 2766/2766 2767/2767 2718/2718
f 2767/2767 2719/2719 2718/2718
f 2767/2767 2768/2768 2719/2719
f 2768/2768 2720/2720 2719/2719
f 2768/2768 2769/2769 2720/2720
f 2769/2769 2721/2721 2720/2720
f 2769/2769 2770/2770 2721/2721
f 2770/2770 2722/2722 2721/2721
f 2770/2770 2771/2771 2722/2722
f 2771/2771 2723/2723 2722/2722
f 2771/2771 2772/2772 2723/2723
f 2772/2772 2724/2724 2723/2723
f 2772/2772 2773/2773 2724/2724
f 2773/2773 2725/2725 2724/2724
f 2773/2773 2774/2774 2725/2725
f 2774/2774 2726/2726 2725/2725
f 2774/2774 2775/2775 2726/2726
f 2775/2775 2727/2727 2726/2726
f 2775/2775 2776/2776 2727/2727
f 2776/2776 2728/2728 2727/2727
f 2776/2776 2777/2777 2728/2728
f 2777/2777 2729/2729 2728/2728
f 2777/2777 2778/2778 2729/2729
f 2778/2778 2730/2730 2729/2729
f 2778/2778 2779/2779 2730/2730
f 2779/2779 2731/2731 2730/2730
f 2779/2779 2780/2780 2731/2731
f 2780/2780 2732/2732 2731/2731
f 2780/2780 2781/2781 2732/2732
f 2781/2781 2733/2733 2732/2732
f 2781/2781 2782/2782 2733/2733
f 2782/2782 2734/2734 2733/2733
f 2782/2782 2783/2783 2734/2734
f 2783/2783 2735/2735 2734/2734
f 2783/2783 2784/2784 2735/2735
f 2784/2784 2736/2736 2735/2735
f 2784/2784 2785/2785 2736/2736
f 2785/2785 2737/2737 2736/2736
f 2785/2785 2786/2786 2737/2737
f 2786/2786 2738/2738 2737/2737
f 2786/2786 2787/2787 2738/2738
f 2787/2787 2739/2739 2738/2738
f 2787/2787 2788/2788 2739/2739
f 2788/2788 2740/2740 2739/2739
f 2788/2788 2789/2789 2740/2740
f 2789/2789 2741/2741 2740/2740
f 2789/2789 2790/2790 2741/2741
f 2790/2790 2742/2742 2741/2741
f 2790/2790 2791/2791 2742/2742
f 2791/2791 2743/2743 2742/2742
f 2791/2791 2792/2792 2743/2743
f 2792/2792 2744/2744 2743/2743
f 2792/2792 2793/2793 2744/2744
f 2794/2794 2746/2746 2745/2745
f 2794/2794 2795/2795 2746/2746
f 2795/2795 2747/2747 2746/2746
f 2795/2795 2796/2796 2747/2747
f 2796/2796 2748/2748 2747/2747
f 2796/2796 2797/2797 2748/2748
f 2797/2797 2749/2749 2748/2748
f 2797/2797 2798/2798 2749/2749
f 2798/2798 2750/2750 2749/2749
f 2798/2798 2799/2799 2750/2750
f 2799/2799 2751/2751 2750/2750
f 2799/2799 2800/2800 2751/2751
f 2800/2800 2752/2752 2751/2751
f 2800/2800 2801/2801 2752/2752
f 2801/2801 2753/2753 2752/2752
f 2801/2801 2802/2802 2753/2753
f 2802/2802 2754/2754 2753/2753
f 2802/2802 2803/2803 2754/2754
f 2803/2803 2755/2755 2754/2754
f 2803/2803 2804/2804 2755/2755
f 2804/2804 2756/2756 2755/2755
f 2804/2804 2805/2805 2756/2756
f 2805/2805 2757/2757 2756/2756
f 2805/2805 2806/2806 2757/2757
f 2806/2806 2758/2758 2757/2757
f 2806/2806 2807/2807 2758/2758
f 2807/2807 2759/2759 2758/2758
f 2807/2807 2808/2808 2759/2759
f 2808/2808 2760/2760 2759/2759
f 2808/2808 2809/2809 2760/2760
f 2809/2809 2761/2761 2760/2760
f 2809/2809 2810/2810 2761/2761
f 2810/2810 2762/2762 2761/2761
f 2810/2810 2811/2811 2762/2762
f 2811/2811 2763/2763 2762/2762
f 2811/2811 2812/2812 2763/2763
f 2812/2812 2764/2764 2763/2763
f 2812/2812 2813/2813 2764/2764
f 2813/2813 2765/2765 2764/2764
f 2813/2813 2814/2814 2765/2765
f 2814/2814 2766/2766 2765/2765
f 2814/2814 2815/2815 2766/2766
f 2815/2815 2767/2767 2766/2766
f 2815/2815 2816/2816 2767/2767
f 2816/2816 2768/2768 2767/2767
f 2816/2816 2817/2817 2768/2768
f 2817/2817 2769/2769 2768/2768
f 2817/2817 2818/2818 2769/2769
f 2818/2818 2770/2770 2769/2769
f 2818/2818 2819/2819 2770/2770
f 2819/2819 2771/2771 2770/2770
f 2819/2819 2820/2820 2771/2771
f 2820/2820 2772/2772 2771/2771
f 2820/2820 2821/2821 2772/2772
f 2821/2821 2773/2773 2772/2772
f 2821/2821 2822/2822 2773/2773
f 2822/2822 2774/2774 2773/2773
f 2822/2822 2823/2823 2774/2774
f 2823/2823 2775/2775 2774/2774
f 2823/2823 2824/2824 2775/2775
f 2824/2824 2776/2776 2775/2775
f 2824/2824 2825/2825 2776/2776
f 2825/2825 2777/2777 2776/2776
f 2825/2825 2826/2826 2777/2777
f 2826/2826 2778/2778 2777/2777
f 2826/2826 2827/2827 2778/2778
f 2827/2827 2779/2779 2778/2778
f 2827/2827 2828/2828 2779/2779
f 2828/2828 2780/2780 2779/2779
f 2828/2828 2829/2829 2780/2780
f 2829/2829 2781/2781 2780/2780
f 2829/2829 2830/2830 2781/2781
f 2830/2830 2782/2782 2781/2781
f 2830/2830 2831/2831 2782/2782
f 2831/2831 2783/2783 2782/2782
f 2831/2831 2832/2832 2783/2783
f 2832/2832 2784/2784 2783/2783
f 2832/2832 2833/2833 2784/2784
f 2833/2833 2785/2785 2784/2784
f 2833/2833 2834/2834 2785/2785
f 2834/2834 2786/2786 2785/2785
f 2834/2834 2835/2835 2786/2786
f 2835/2835 2787/2787 2786/2786
f 2835/2835 2836/2836 2787/2787
f 2836/2836 2788/2788 2787/2787
f 2836/2836 2837/2837 2788/2788
f 2837/2837 2789/2789 2788/2788
f 2837/2837 2838/2838 2789/2789
f 2838/2838 2790/2790 2789/2789
f 2838/2838 2839/2839 2790/2790
f 2839/2839 2791/2791 2790/2790
f 2839/2839 2840/2840 2791/2791
f 2840/2840 2792/2792 2791/2791
f 2840/2840 2841/2841 2792/2792
f 2841/2841 2793/2793 2792/2792
f 2841/2841 2842/2842 2793/2793
f 2843/2843 2795/2795 2794/2794
f 2843/2843 2844/2844 2795/2795
f 2844/2844 2796/2796 2795/2795
f 2844/2844 2845/2845 2796/2796
f 2845/2845 2797/2797 2796/2796
f 2845/2845 2846/2846 2797/2797
f 2846/2846 2798/2798 2797/2797
f 2846/2846 2847/2847 2798/2798
f 2847/2847 2799/2799 2798/2798
f 2847/2847 2848/2848 2799/2799
f 2848/2848 2800/2800 2799/2799
f 2848/2848 2849/2849 2800/2800
f 2849/2849 2801/2801 2800/2800
f 2849/2849 2850/2850 2801/2801
f 2850/2850 2802/2802 2801/2801
f 2850/2850 2851/2851 2802/2802
f 2851/2851 2803/2803 2802/2802
f 2851/2851 2852/2852 2803/2803
f 2852/2852 2804/2804 2803/2803
f 2852/2852 2853/2853 2804/2804
f 2853/2853 2805/2805 2804/2804
f 2853/2853 2854/2854 2805/2805
f 2854/2854 2806/2806 2805/2805
f 2854/2854 2855/2855 2806/2806
f 2855/2855 2807/2807 2806/2806
f 2855/2855 2856/2856 2807/2807
f 2856/2856 2808/2808 2807/2807
f 2856/2856 2857/2857 2808/2808
f 2857/2857 2809/2809 2808/2808
f 2857/2857 2858/2858 2809/2809
f 2858/2858 2810/2810 2809/2809
f 2858/2858 2859/2859 2810/2810
f 2859/2859 2811/2811 2810/2810
f 2859/2859 2860/2860 2811/2811
f 2860/2860 2812/2812 2811/2811
f 2860/2860 2861/2861 2812/2812
f 2861/2861 2813/2813 2812/2812
f 2861/2861 2862/2862 2813/2813
f 2862/2862 2814/2814 2813/2813
f 2862/2862 2863/2863 2814/2814
f 2863/2863 2815/2815 2814/2814
f 2863/2863 2864/2864 2815/2815
f 2864/2864 2816/2816 2815/2815
f 2864/2864 2865/2865 2816/2816
f 2865/2865 2817/2817 2816/2816
f 2865/2865 2866/2866 2817/2817
f 2866/2866 2818/2818 2817/2817
f 2866/2866 2867/2867 2818/2818
f 2867/2867 2819/2819 2818/2818
f 2867/2867 2868/2868 2819/2819
f 2868/2868 2820/2820 2819/2819
f 2868/2868 2869/2869 2820/2820
f 2869/2869 2821/2821 2820/2820
f 2869/2869 2870/2870 2821/2821
f 2870/2870 2822/2822 2821/2821
f 2870/2870 2871/2871 2822/2822
f 2871/2871 2823/2823 2822/2822
f 2871/2871 2872/2872 2823/2823
f 2872/2872 2824/2824 2823/2823
f 2872/2872 2873/2873 2824/2824
f 2873/2873 2825/2825 2824/2824
f 2873/2873 2874/2874 2825/2825
f 2874/2874 2826/2826 2825/2825
f 2874/2874 2875/2875 2826/2826
f 2875/2875 2827/2827 2826/2826
f 2875/2875 2876/2876 2827/2827
f 2876/2876 2828/2828 2827/2827
f 2876/2876 2877/2877 2828/2828
f 2877/2877 2829/2829 2828/2828
f 2877/2877 2878/2878 2829/2829
f 2878/2878 2830/2830 2829/2829
f 2878/2878 2879/2879 2830/2830
f 2879/2879 2831/2831 2830/2830
f 2879/2879 2880/2880 2831/2831
f 2880/2880 2832/2832 2831/2831
f 2880/2880 2881/2881 2832/2832
f 2881/2881 2833/2833 2832/2832
f 2881/2881 2882/2882 2833/2833
f 2882/2882 2834/2834 2833/2833
f 2882/2882 2883/2883 2834/2834
f 2883/2883 2835/2835 2834/2834
f 2883/2883 2884/2884 2835/2835
f 2884/2884 2836/2836 2835/2835
f 2884/2884 2885/2885 2836/2836
f 2885/2885 2837/2837 2836/2836
f 2885/2885 2886/2886 2837/2837
f 2886/2886 2838/2838 2837/2837
f 2886/2886 2887/2887 2838/2838
f 2887/2887 2839/2839 2838/2838
f 2887/2887 2888/2888 2839/2839
f 2888/2888 2840/2840 2839/2839
f 2888/2888 2889/2889 2840/2840
f 2889/2889 2841/2841 2840/2840
f 2889/2889 2890/2890 2841/2841
f 2890/2890 2842/2842 2841/2841
f 2890/2890 2891/2891 2842/2842
f 2892/2892 2844/2844 2843/2843
f 2892/2892 2893/2893 2844/2844
f 2893/2893 2845/2845 2844/2844
f 2893/2893 2894/2894 2845/2845
f 2894/2894 2846/2846 2845/2845
f 2894/2894 2895/2895 2846/2846
f 2895/2895 2847/2847 2846/2846
f 2895/2895 2896/2896 2847/2847
f 2896/2896 2848/2848 2847/2847
f 2896/2896 2897/2897 2848/2848
f 2897/2897 2849/2849 2848/2848
f 2897/2897 2898/2898 2849/2849
f 2898/2898 2850/2850 2849/2849
f 2898/2898 2899/2899 2850/2850
f 2899/2899 2851/2851 2850/2850
f 2899/2899 2900/2900 2851/2851
f 2900/2900 2852/2852 2851/2851
f 2900/2900 2901/2901 2852/2852
f 2901/2901 2853/2853 2852/2852
f 2901/2901 2902/2902 2853/2853
f 2902/2902 2854/2854 2853/2853
f 2902/2902 2903/2903 2854/2854
f 2903/2903 2855/2855 2854/2854
f 2903/2903 2904/2904 2855/2855
f 2904/2904 2856/2856 2855/2855
f 2904/2904 2905/2905 2856/2856
f 2905/2905 2857/2857 2856/2856
f 2905/2905 2906/2906 2857/2857
f 2906/2906 2858/2858 2857/2857
f 2906/2906 2907/2907 2858/2858
f 2907/2907 2859/2859 2858/2858
f 2907/2907 2908/2908 2859/2859
f 2908/2908 2860/2860 2859/2859
f 2908/2908 2909/2909 2860/2860
f 2909/2909 2861/2861 2860/2860
f 2909/2909 2910/2910 2861/2861
f 2910/2910 2862/2862 2861/2861
f 2910/2910 2911/2911 2862/2862
f 2911/2911 2863/2863 2862/2862
f 2911/2911 2912/2912 2863/2863
f 2912/2912 2864/2864 2863/2863
f 2912/2912 2913/2913 2864/2864
f 2913/2913 2865/2865 2864/2864
f 2913/2913 2914/2914 2865/2865
f 2914/2914 2866/2866 2865/2865
f 2914/2914 2915/2915 2866/2866
f 2915/2915 2867/2867 2866/2866
f 2915/2915 2916/2916 2867/2867
f 2916/2916 2868/2868 2867/2867
f 2916/2916 2917/2917 2868/2868
f 2917/2917 2869/2869 2868/2868
f 2917/2917 2918/2918 2869/2869
f 2918/2918 2870/2870 2869/2869
f 2918/2918 2919/2919 2870/2870
f 2919/2919 2871/2871 2870/2870
f 2919/2919 2920/2920 2871/2871
f 2920/2920 2872/2872 2871/2871
f 2920/2920 2921/2921 2872/2872
f 2921/2921 2873/2873 2872/2872
f 2921/2921 2922/2922 2873/2873
f 2922/2922 2874/2874 2873/2873
f 2922/2922 2923/2923 2874/2874
f 2923/2923 2875/2875 2874/2874
f 2923/2923 2924/2924 2875/2875
f 2924/2924 2876/2876 2875/2875
f 2924/2924 2925/2925 2876/2876
f 2925/2925 2877/2877 2876/2876
f 2925/2925 2926/2926 2877/2877
f 2926/2926 2878/2878 2877/2877
f 2926/2926 2927/2927 2878/2878
f 2927/2927 2879/2879 2878/2878
f 2927/2927 2928/2928 2879/2879
f 2928/2928 2880/2880 2879/2879
f 2928/2928 2929/2929 2880/2880
f 2929/2929 2881/2881 2880/2880
f 2929/2929 2930/2930 2881/2881
f 2930/2930 2882/2882 2881/2881
f 2930/2930 2931/2931 2882/2882
f 2931/2931 2883/2883 2882/2882
f 2931/2931 2932/2932 2883/2883
f 2932/2932 2884/2884 2883/2883
f 2932/2932 2933/2933 2884/2884
f 2933/2933 2885/2885 2884/2884
f 2933/2933 2934/2934 2885/2885
f 2934/2934 2886/2886 2885/2885
f 2934/2934 2935/2935 2886/2886
f 2935/2935 2887/2887 2886/2886
f 2935/2935 2936/2936 2887/2887
f 2936/2936 2888/2888 2887/2887
f 2936/2936 2937/2937 2888/2888
f 2937/2937 2889/2889 2888/2888
f 2937/2937 2938/2938 2889/2889
f 2938/2938 2890/2890 2889/2889
f 2938/2938 2939/2939 2890/2890
f 2939/2939 2891/2891 2890/2890
f 2939/2939 2940/2940 2891/2891
f 2941/2941 2893/2893 2892/2892
f 2941/2941 2942/2942 2893/2893
f 2942/2942 2894/2894 2893/2893
f 2942/2942 2943/2943 2894/2894
f 2943/2943 2895/2895 2894/2894
f 2943/2943 2944/2944 2895/2895
f 2944/2944 2896/2896 2895/2895
f 2944/2944 2945/2945 2896/2896
f 2945/2945 2897/2897 2896/2896
f 2945/2945 2946/2946 2897/2897
f 2946/2946 2898/2898 2897/2897
f 2946/2946 2947/2947 2898/2898
f 2947/2947 2899/2899 2898/2898
f 2947/2947 2948/2948 2899/2899
f 2948/2948 2900/2900 2899/2899
f 2948/2948 2949/2949 2900/2900
f 2949/2949 2901/2901 2900/2900
f 2949/2949 2950/2950 2901/2901
f 2950/2950 2902/2902 2901/2901
f 2950/2950 2951/2951 2902/2902
f 2951/2951 2903/2903 2902/2902
f 2951/2951 2952/2952 2903/2903
f 2952/2952 2904/2904 2903/2903
f 2952/2952 2953/2953 2904/2904
f 2953/2953 2905/2905 2904/2904
f 2953/2953 2954/2954 2905/2905
f 2954/2954 2906/2906 2905/2905
f 2954/2954 2955/2955 2906/2906
f 2955/2955 2907/2907 2906/2906
f 2955/2955 2956/2956 2907/2907
f 2956/2956 2908/2908 2907/2907
f 2956/2956 2957/2957 2908/2908
f 2957/2957 2909/2909 2908/2908
f 2957/2957 2958/2958 2909/2909
f 2958/2958 2910/2910 2909/2909
f 2958/2958 2959/2959 2910/2910
f 2959/2959 2911/2911 2910/2910
f 2959/2959 2960/2960 2911/2911
f 2960/2960 2912/2912 2911/2911
f 2960/2960 2961/2961 2912/2912
f 2961/2961 2913/2913 2912/2912
f 2961/2961 2962/2962 2913/2913
f 2962/2962 2914/2914 2913/2913
f 2962/2962 2963/2963 2914/2914
f 2963/2963 2915/2915 2914/2914
f 2963/2963 2964/2964 2915/2915
f 2964/2964 2916/2916 2915/2915
f 2964/2964 2965/2965 2916/2916
f 2965/2965 2917/2917 2916/2916
f 2965/2965 2966/2966 2917/2917
f 2966/2966 2918/2918 2917/2917
f 2966/2966 2967/2967 2918/2918
f 2967/2967 2919/2919 2918/2918
f 2967/2967 2968/2968 2919/2919
f 2968/2968 2920/2920 2919/2919
f 2968/2968 2969/2969 2920/2920
f 2969/2969 2921/2921 2920/2920
f 2969/2969 2970/2970 2921/2921
f 2970/2970 2922/2922 2921/2921
f 2970/2970 2971/2971 2922/2922
f 2971/2971 2923/2923 2922/2922
f 2971/2971 2972/2972 2923/2923
f 2972/2972 2924/2924 2923/2923
f 2972/2972 2973/2973 2924/2924
f 2973/2973 2925/2925 2924/2924
f 2973/2973 2974/2974 2925/2925
f 2974/2974 2926/2926 2925/2925
f 2974/2974 2975/2975 2926/2926
f 2975/2975 2927/2927 2926/2926
f 2975/2975 2976/2976 2927/2927
f 2976/2976 2928/2928 2927/2927
f 2976/2976 2977/2977 2928/2928
f 2977/2977 2929/2929 2928/2928
f 2977/2977 2978/2978 2929/2929
f 2978/2978 2930/2930 2929/2929
f 2978/2978 2979/2979 2930/2930
f 2979/2979 2931/2931 2930/2930
f 2979/2979 2980/2980 2931/2931
f 2980/2980 2932/2932 2931/2931
f 2980/2980 2981/2981 2932/2932
f 2981/2981 2933/2933 2932/2932
f 2981/2981 2982/2982 2933/2933
f 2982/2982 2934/2934 2933/2933
f 2982/2982 2983/2983 2934/2934
f 2983/2983 2935/2935 2934/2934
f 2983/2983 2984/2984 2935/2935
f 2984/2984 2936/2936 2935/2935
f 2984/2984 2985/2985 2936/2936
f 2985/2985 2937/2937 2936/2936
f 2985/2985 2986/2986 2937/2937
f 2986/2986 2938/2938 2937/2937
f 2986/2986 2987/2987 2938/2938
f 2987/2987 2939/2939 2938/2938
f 2987/2987 2988/2988 2939/2939
f 2988/2988 2940/2940 2939/2939
f 2988/2988 2989/2989 2940/2940
f 2990/2990 2942/2942 2941/2941
f 2990/2990 2991/2991 2942/2942
f 2991/2991 2943/2943 2942/2942
f 2991/2991 2992/2992 2943/2943
f 2992/2992 2944/2944 2943/2943
f 2992/2992 2993/2993 2944/2944
f 2993/2993 2945/2945 2944/2944
f 2993/2993 2994/2994 2945/2945
f 2994/2994 2946/2946 2945/2945
f 2994/2994 2995/2995 2946/2946
f 2995/2995 2947/2947 2946/2946
f 2995/2995 2996/2996 2947/2947
f 2996/2996 2948/2948 2947/2947
f 2996/2996 2997/2997 2948/2948
f 2997/2997 2949/2949 2948/2948
f 2997/2997 2998/2998 2949/2949
f 2998/2998 2950/2950 2949/2949
f 2998/2998 2999/2999 2950/2950
f 2999/2999 2951/2951 2950/2950
f 2999/2999 3000/3000 2951/2951
f 3000/3000 2952/2952 2951/2951
f 3000/3000 3001/3001 2952/2952
f 3001/3001 2953/2953 2952/2952
f 3001/3001 3002/3002 2953/2953
f 3002/3002 2954/2954 2953/2953
f 3002/3002 3003/3003 2954/2954
f 3003/3003 2955/2955 2954/2954
f 3003/3003 3004/3004 2955/2955
f 3004/3004 2956/2956 2955/2955
f 3004/3004 3005/3005 2956/2956
f 3005/3005 2957/2957 2956/2956
f 3005/3005 3006/3006 2957/2957
f 3006/3006 2958/2958 2957/2957
f 3006/3006 3007/3007 2958/2958
f 3007/3007 2959/2959 2958/2958
f 3007/3007 3008/3008 2959/2959
f 3008/3008 2960/2960 2959/2959
f 3008/3008 3009/3009 2960/2960
f 3009/3009 2961/2961 2960/2960
f 3009/3009 3010/3010 2961/2961
f 3010/3010 2962/2962 2961/2961
f 3010/3010 3011/3011 2962/2962
f 3011/3011 2963/2963 2962/2962
f 3011/3011 3012/3012 2963/2963
f 3012/3012 2964/2964 2963/2963
f 3012/3012 3013/3013 2964/2964
f 3013/3013 2965/2965 2964/2964
f 3013/3013 3014/3014 2965/2965
f 3014/3014 2966/2966 2965/2965
f 3014/3014 3015/3015 2966/2966
f 3015/3015 2967/2967 2966/2966
f 3015/3015 3016/3016 2967/2967
f 3016/3016 2968/2968 2967/2967
f 3016/3016 3017/3017 2968/2968
f 3017/3017 2969/2969 2968/2968
f 3017/3017 3018/3018 2969/2969
f 3018/3018 2970/2970 2969/2969
f 3018/3018 3019/3019 2970/2970
f 3019/3019 2971/2971 2970/2970
f 3019/3019 3020/3020 2971/2971
f 3020/3020 2972/2972 2971/2971
f 3020/3020 3021/3021 2972/2972
f 3021/3021 2973/2973 2972/2972
f 3021/3021 3022/3022 2973/2973
f 3022/3022 2974/2974 2973/2973
f 3022/3022 3023/3023 2974/2974
f 3023/3023 2975/2975 2974/2974
f 3023/3023 3024/3024 2975/2975
f 3024/3024 2976/2976 2975/2975
f 3024/3024 3025/3025 2976/2976
f 3025/3025 2977/2977 2976/2976
f 3025/3025 3026/3026 2977/2977
f 3026/3026 2978/2978 2977/2977
f 3026/3026 3027/3027 2978/2978
f 3027/3027 2979/2979 2978/2978
f 3027/3027 3028/3028 2979/2979
f 3028/3028 2980/2980 2979/2979
f 3028/3028 3029/3029 2980/2980
f 3029/3029 2981/2981 2980/2980
f 3029/3029 3030/3030 2981/2981
f 3030/3030 2982/2982 2981/2981
f 3030/3030 3031/3031 2982/2982
f 3031/3031 2983/2983 2982/2982
f 3031/3031 3032/3032 2983/2983
f 3032/3032 2984/2984 2983/2983
f 3032/3032 3033/3033 2984/2984
f 3033/3033 2985/2985 2984/2984
f 3033/3033 3034/3034 2985/2985
f 3034/3034 2986/2986 2985/2985
f 3034/3034 3035/3035 2986/2986
f 3035/3035 2987/2987 2986/2986
f 3035/3035 3036/3036 2987/2987
f 3036/3036 2988/2988 2987/2987
f 3036/3036 3037/3037 2988/2988
f 3037/3037 2989/2989 2988/2988
f 3037/3037 3038/3038 2989/2989
f 3039/3039 2991/2991 2990/2990
f 3039/3039 3040/3040 2991/2991
f 3040/3040 2992/2992 2991/2991
f 3040/3040 3041/3041 2992/2992
f 3041/3041 2993/2993 2992/2992
f 3041/3041 3042/3042 2993/2993
f 3042/3042 2994/2994 2993/2993
f 3042/3042 3043/3043 2994/2994
f 3043/3043 2995/2995 2994/2994
f 3043/3043 3044/3044 2995/2995
f 3044/3044 2996/2996 2995/2995
f 3044/3044 3045/3045 2996/2996
f 3045/3045 2997/2997 2996/2996
f 3045/3045 3046/3046 2997/2997
f 3046/3046 2998/2998 2997/2997
f 3046/3046 3047/3047 2998/2998
f 3047/3047 2999/2999 2998/2998
f 3047/3047 3048/3048 2999/2999
f 3048/3048 3000/3000 2999/2999
f 3048/3048 3049/3049 3000/3000
f 3049/3049 3001/3001 3000/3000
f 3049/3049 3050/3050 3001/3001
f 3050/3050 3002/3002 3001/3001
f 3050/3050 3051/3051 3002/3002
f 3051/3051 3003/3003 3002/3002
f 3051/3051 3052/3052 3003/3003
f 3052/3052 3004/3004 3003/3003
f 3052/3052 3053/3053 3004/3004
f 3053/3053 3005/3005 3004/3004
f 3053/3053 3054/3054 3005/3005
f 3054/3054 3006/3006 3005/3005
f 3054/3054 3055/3055 3006/3006
f 3055/3055 3007/3007 3006/3006
f 3055/3055 3056/3056 3007/3007
f 3056/3056 3008/3008 3007/3007
f 3056/3056 3057/3057 3008/3008
f 3057/3057 3009/3009 3008/3008
f 3057/3057 3058/3058 3009/3009
f 3058/3058 3010/3010 3009/3009
f 3058/3058 3059/3059 3010/3010
f 3059/3059 3011/3011 3010/3010
f 3059/3059 3060/3060 3011/3011
f 3060/3060 3012/3012 3011/3011
f 3060/3060 3061/3061 3012/3012
f 3061/3061 3013/3013 3012/3012
f 3061/3061 3062/3062 3013/3013
f 3062/3062 3014/3014 3013/3013
f 3062/3062 3063/3063 3014/3014
f 3063/3063 3015/3015 3014/3014
f 3063/3063 3064/3064 3015/3015
f 3064/3064 3016/3016 3015/3015
f 3064/3064 3065/3065 3016/3016
f 3065/3065 3017/3017 3016/3016
f 3065/3065 3066/3066 3017/3017
f 3066/3066 3018/3018 3017/3017
f 3066/3066 3067/3067 3018/3018
f 3067/3067 3019/3019 3018/3018
f 3067/3067 3068/3068 3019/3019
f 3068/3068 3020/3020 3019/3019
f 3068/3068 3069/3069 3020/3020
f 3069/3069 3021/3021 3020/3020
f 3069/3069 3070/3070 3021/3021
f 3070/3070 3022/3022 3021/3021
f 3070/3070 3071/3071 3022/3022
f 3071/3071 3023/3023 3022/3022
f 3071/3071 3072/3072 3023/3023
f 3072/3072 3024/3024 3023/3023
f 3072/3072 3073/3073 3024/3024
f 3073/3073 3025/3025 3024/3024
f 3073/3073 3074/3074 3025/3025
f 3074/3074 3026/3026 3025/3025
f 3074/3074 3075/3075 3026/3026
f 3075/3075 3027/3027 3026/3026
f 3075/3075 3076/3076 3027/3027
f 3076/3076 3028/3028 3027/3027
f 3076/3076 3077/3077 3028/3028
f 3077/3077 3029/3029 3028/3028
f 3077/3077 3078/3078 3029/3029
f 3078/3078 3030/3030 3029/3029
f 3078/3078 3079/3079 3030/3030
f 3079/3079 3031/3031 3030/3030
f 3079/3079 3080/3080 3031/3031
f 3080/3080 3032/3032 3031/3031
f 3080/3080 3081/3081 3032/3032
f 3081/3081 3033/3033 3032/3032
f 3081/3081 3082/3082 3033/3033
f 3082/3082 3034/3034 3033/3033
f 3082/3082 3083/3083 3034/3034
f 3083/3083 3035/3035 3034/3034
f 3083/3083 3084/3084 3035/3035
f 3084/3084 3036/3036 3035/3035
f 3084/3084 3085/3085 3036/3036
f 3085/3085 3037/3037 3036/3036
f 3085/3085 3086/3086 3037/3037
f 3086/3086 3038/3038 3037/3037
f 3086/3086 3087/3087 3038/3038
f 3088/3088 3040/3040 3039/3039
f 3088/3088 3089/3089 3040/3040
f 3089/3089 3041/3041 3040/3040
f 3089/3089 3090/3090 3041/3041
f 3090/3090 3042/3042 3041/3041
f 3090/3090 3091/3091 3042/3042
f 3091/3091 3043/3043 3042/3042
f 3091/3091 3092/3092 3043/3043
f 3092/3092 3044/3044 3043/3043
f 3092/3092 3093/3093 3044/3044
f 3093/3093 3045/3045 3044/3044
f 3093/3093 3094/3094 3045/3045
f 3094/3094 3046/3046 3045/3045
f 3094/3094 3095/3095 3046/3046
f 3095/3095 3047/3047 3046/3046
f 3095/3095 3096/3096 3047/3047
f 3096/3096 3048/3048 3047/3047
f 3096/3096 3097/3097 3048/3048
f 3097/3097 3049/3049 3048/3048
f 3097/3097 3098/3098 3049/3049
f 3098/3098 3050/3050 3049/3049
f 3098/3098 3099/3099 3050/3050
f 3099/3099 3051/3051 3050/3050
f 3099/3099 3100/3100 3051/3051
f 3100/3100 3052/3052 3051/3051
f 3100/3100 3101/3101 3052/3052
f 3101/3101 3053/3053 3052/3052
f 3101/3101 3102/3102 3053/3053
f 3102/3102 3054/3054 3053/3053
f 3102/3102 3103/3103 3054/3054
f 3103/3103 3055/3055 3054/3054
f 3103/3103 3104/3104 3055/3055
f 3104/3104 3056/3056 3055/3055
f 3104/3104 3105/3105 3056/3056
f 3105/3105 3057/3057 3056/3056
f 3105/3105 3106/3106 3057/3057
f 3106/3106 3058/3058 3057/3057
f 3106/3106 3107/3107 3058/3058
f 3107/3107 3059/3059 3058/3058
f 3107/3107 3108/3108 3059/3059
f 3108/3108 3060/3060 3059/3059
f 3108/3108 3109/3109 3060/3060
f 3109/3109 3061/3061 3060/3060
f 3109/3109 3110/3110 3061/3061
f 3110/3110 3062/3062 3061/3061
f 3110/3110 3111/3111 3062/3062
f 3111/3111 3063/3063 3062/3062
f 3111/3111 3112/3112 3063/3063
f 3112/3112 3064/3064 3063/3063
f 3112/3112 3113/3113 3064/3064
f 3113/3113 3065/3065 3064/3064
f 3113/3113 3114/3114 3065/3065
f 3114/3114 3066/3066 3065/3065
f 3114/3114 3115/3115 3066/3066
f 3115/3115 3067/3067 3066/3066
f 3115/3115 3116/3116 3067/3067
f 3116/3116 3068/3068 3067/3067
f 3116/3116 3117/3117 3068/3068
f 3117/3117 3069/3069 3068/3068
f 3117/3117 3118/3118 3069/3069
f 3118/3118 3070/3070 3069/3069
f 3118/3118 3119/3119 3070/3070
f 3119/3119 3071/3071 3070/3070
f 3119/3119 3120/3120 3071/3071
f 3120/3120 3072/3072 3071/3071
f 3120/3120 3121/3121 3072/3072
f 3121/3121 3073/3073 3072/3072
f 3121/3121 3122/3122 3073/3073
f 3122/3122 3074/3074 3073/3073
f 3122/3122 3123/3123 3074/3074
f 3123/3123 3075/3075 3074/3074
f 3123/3123 3124/3124 3075/3075
f 3124/3124 3076/3076 3075/3075
f 3124/3124 3125/3125 3076/3076
f 3125/3125 3077/3077 3076/3076
f 3125/3125 3126/3126 3077/3077
f 3126/3126 3078/3078 3077/3077
f 3126/3126 3127/3127 3078/3078
f 3127/3127 3079/3079 3078/3078
f 3127/3127 3128/3128 3079/3079
f 3128/3128 3080/3080 3079/3079
f 3128/3128 3129/3129 3080/3080
f 3129/3129 3081/3081 3080/3080
f 3129/3129 3130/3130 3081/3081
f 3130/3130 3082/3082 3081/3081
f 3130/3130 3131/3131 3082/3082
f 3131/3131 3083/3083 3082/3082
f 3131/3131 3132/3132 3083/3083
f 3132/3132 3084/3084 3083/3083
f 3132/3132 3133/3133 3084/3084
f 3133/3133 3085/3085 3084/3084
f 3133/3133 3134/3134 3085/3085
f 3134/3134 3086/3086 3085/3085
f 3134/3134 3135/3135 3086/3086
f 3135/3135 3087/3087 3086/3086
f 3135/3135 3136/3136 3087/3087
f 3137/3137 3089/3089 3088/3088
f 3137/3137 3138/3138 3089/3089
f 3138/3138 3090/3090 3089/3089
f 3138/3138 3139/3139 3090/3090
f 3139/3139 3091/3091 3090/3090
f 3139/3139 3140/3140 3091/3091
f 3140/3140 3092/3092 3091/3091
f 3140/3140 3141/3141 3092/3092
f 3141/3141 3093/3093 3092/3092
f 3141/3141 3142/3142 3093/3093
f 3142/3142 3094/3094 3093/3093
f 3142/3142 3143/3143 3094/3094
f 3143/3143 3095/3095 3094/3094
f 3143/3143 3144/3144 3095/3095
f 3144/3144 3096/3096 3095/3095
f 3144/3144 3145/3145 3096/3096
f 3145/3145 3097/3097 3096/3096
f 3145/3145 3146/3146 3097/3097
f 3146/3146 3098/3098 3097/3097
f 3146/3146 3147/3147 3098/3098
f 3147/3147 3099/3099 3098/3098
f 3147/3147 3148/3148 3099/3099
f 3148/3148 3100/3100 3099/3099
f 3148/3148 3149/3149 3100/3100
f 3149/3149 3101/3101 3100/3100
f 3149/3149 3150/3150 3101/3101
f 3150/3150 3102/3102 3101/3101
f 3150/3150 3151/3151 3102/3102
f 3151/3151 3103/3103 3102/3102
f 3151/3151 3152/3152 3103/3103
f 3152/3152 3104/3104 3103/3103
f 3152/3152 3153/3153 3104/3104
f 3153/3153 3105/3105 3104/3104
f 3153/3153 3154/3154 3105/3105
f 3154/3154 3106/3106 3105/3105
f 3154/3154 3155/3155 3106/3106
f 3155/3155 3107/3107 3106/3106
f 3155/3155 3156/3156 3107/3107
f 3156/3156 3108/3108 3107/3107
f 3156/3156 3157/3157 3108/3108
f 3157/3157 3109/3109 3108/3108
f 3157/3157 3158/3158 3109/3109
f 3158/3158 3110/3110 3109/3109
f 3158/3158 3159/3159 3110/3110
f 3159/3159 3111/3111 3110/3110
f 3159/3159 3160/3160 3111/3111
f 3160/3160 3112/3112 3111/3111
f 3160/3160 3161/3161 3112/3112
f 3161/3161 3113/3113 3112/3112
f 3161/3161 3162/3162 3113/3113
f 3162/3162 3114/3114 3113/3113
f 3162/3162 3163/3163 3114/3114
f 3163/3163 3115/3115 3114/3114
f 3163/3163 3164/3164 3115/3115
f 3164/3164 3116/3116 3115/3115
f 3164/3164 3165/3165 3116/3116
f 3165/3165 3117/3117 3116/3116
f 3165/3165 3166/3166 3117/3117
f 3166/3166 3118/3118 3117/3117
f 3166/3166 3167/3167 3118/3118
f 3167/3167 3119/3119 3118/3118
f 3167/3167 3168/3168 3119/3119
f 3168/3168 3120/3120 3119/3119
f 3168/3168 3169/3169 3120/3120
f 3169/3169 3121/3121 3120/3120
f 3169/3169 3170/3170 3121/3121
f 3170/3170 3122/3122 3121/3121
f 3170/3170 3171/3171 3122/3122
f 3171/3171 3123/3123 3122/3122
f 3171/3171 3172/3172 3123/3123
f 3172/3172 3124/3124 3123/3123
f 3172/3172 3173/3173 3124/3124
f 3173/3173 3125/3125 3124/3124
f 3173/3173 3174/3174 3125/3125
f 3174/3174 3126/3126 3125/3125
f 3174/3174 3175/3175 3126/3126
f 3175/3175 3127/3127 3126/3126
f 3175/3175 3176/3176 3127/3127
f 3176/3176 3128/3128 3127/3127
f 3176/3176 3177/3177 3128/3128
f 3177/3177 3129/3129 3128/3128
f 3177/3177 3178/3178 3129/3129
f 3178/3178 3130/3130 3129/3129
f 3178/3178 3179/3179 3130/3130
f 3179/3179 3131/3131 3130/3130
f 3179/3179 3180/3180 3131/3131
f 3180/3180 3132/3132 3131/3131
f 3180/3180 3181/3181 3132/3132
f 3181/3181 3133/3133 3132/3132
f 3181/3181 3182/3182 3133/3133
f 3182/3182 3134/3134 3133/3133
f 3182/3182 3183/3183 3134/3134
f 3183/3183 3135/3135 3134/3134
f 3183/3183 3184/3184 3135/3135
f 3184/3184 3136/3136 3135/3135
f 3184/3184 3185/3185 3136/3136
f 3186/3186 3138/3138 3137/3137
f 3186/3186 3187/3187 3138/3138
f 3187/3187 3139/3139 3138/3138
f 3187/3187 3188/3188 3139/3139
f 3188/3188 3140/3140 3139/3139
f 3188/3188 3189/3189 3140/3140
f 3189/3189 3141/3141 3140/3140
f 3189/3189 3190/3190 3141/3141
f 3190/3190 3142/3142 3141/3141
f 3190/3190 3191/3191 3142/3142
f 3191/3191 3143/3143 3142/3142
f 3191/3191 3192/3192 3143/3143
f 3192/3192 3144/3144 3143/3143
f 3192/3192 3193/3193 3144/3144
f 3193/3193 3145/3145 3144/3144
f 3193/3193 3194/3194 3145/3145
f 3194/3194 3146/3146 3145/3145
f 3194/3194 3195/3195 3146/3146
f 3195/3195 3147/3147 3146/3146
f 3195/3195 3196/3196 3147/3147
f 3196/3196 3148/3148 3147/3147
f 3196/3196 3197/3197 3148/3148
f 3197/3197 3149/3149 3148/3148
f 3197/3197 3198/3198 3149/3149
f 3198/3198 3150/3150 3149/3149
f 3198/3198 3199/3199 3150/3150
f 3199/3199 3151/3151 3150/3150
f 3199/3199 3200/3200 3151/3151
f 3200/3200 3152/3152 3151/3151
f 3200/3200 3201/3201 3152/3152
f 3201/3201 3153/3153 3152/3152
f 3201/3201 3202/3202 3153/3153
f 3202/3202 3154/3154 3153/3153
f 3202/3202 3203/3203 3154/3154
f 3203/3203 3155/3155 3154/3154
f 3203/3203 3204/3204 3155/3155
f 3204/3204 3156/3156 3155/3155
f 3204/3204 3205/3205 3156/3156
f 3205/3205 3157/3157 3156/3156
f 3205/3205 3206/3206 3157/3157
f 3206/3206 3158/3158 3157/3157
f 3206/3206 3207/3207 3158/3158
f 3207/3207 3159/3159 3158/3158
f 3207/3207 3208/3208 3159/3159
f 3208/3208 3160/3160 3159/3159
f 3208/3208 3209/3209 3160/3160
f 3209/3209 3161/3161 3160/3160
f 3209/3209 3210/3210 3161/3161
f 3210/3210 3162/3162 3161/3161
f 3210/3210 3211/3211 3162/3162
f 3211/3211 3163/3163 3162/3162
f 3211/3211 3212/3212 3163/3163
f 3212/3212 3164/3164 3163/3163
f 3212/3212 3213/3213 3164/3164
f 3213/3213 3165/3165 3164/3164
f 3213/3213 3214/3214 3165/3165
f 3214/3214 3166/3166 3165/3165
f 3214/3214 3215/3215 3166/3166
f 3215/3215 3167/3167 3166/3166
f 3215/3215 3216/3216 3167/3167
f 3216/3216 3168/3168 3167/3167
f 3216/3216 3217/3217 3168/3168
f 3217/3217 3169/3169 3168/3168
f 3217/3217 3218/3218 3169/3169
f 3218/3218 3170/3170 3169/3169
f 3218/3218 3219/3219 3170/3170
f 3219/3219 3171/3171 3170/3170
f 3219/3219 3220/3220 3171/3171
f 3220/3220 3172/3172 3171/3171
f 3220/3220 3221/3221 3172/3172
f 3221/3221 3173/3173 3172/3172
f 3221/3221 3222/3222 3173/3173
f 3222/3222 3174/3174 3173/3173
f 3222/3222 3223/3223 3174/3174
f 3223/3223 3175/3175 3174/3174
f 3223/3223 3224/3224 3175/3175
f 3224/3224 3176/3176 3175/3175
f 3224/3224 3225/3225 3176/3176
f 3225/3225 3177/3177 3176/3176
f 3225/3225 3226/3226 3177/3177
f 3226/3226 3178/3178 3177/3177
f 3226/3226 3227/3227 3178/3178
f 3227/3227 3179/3179 3178/3178
f 3227/3227 3228/3228 3179/3179
f 3228/3228 3180/3180 3179/3179
f 3228/3228 3229/3229 3180/3180
f 3229/3229 3181/3181 3180/3180
f 3229/3229 3230/3230 3181/3181
f 3230/3230 3182/3182 3181/3181
f 3230/3230 3231/3231 3182/3182
f 3231/3231 3183/3183 3182/3182
f 3231/3231 3232/3232 3183/3183
f 3232/3232 3184/3184 3183/3183
f 3232/3232 3233/3233 3184/3184
f 3233/3233 3185/3185 3184/3184
f 3233/3233 3234/3234 3185/3185
f 3235/3235 3187/3187 3186/3186
f 3235/3235 3236/3236 3187/3187
f 3236/3236 3188/3188 3187/3187
f 3236/3236 3237/3237 3188/3188
f 3237/3237 3189/3189 3188/3188
f 3237/3237 3238/3238 3189/3189
f 3238/3238 3190/3190 3189/3189
f 3238/3238 3239/3239 3190/3190
f 3239/3239 3191/3191 3190/3190
f 3239/3239 3240/3240 3191/3191
f 3240/3240 3192/3192 3191/3191
f 3240/3240 3241/3241 3192/3192
f 3241/3241 3193/3193 3192/3192
f 3241/3241 3242/3242 3193/3193
f 3242/3242 3194/3194 3193/3193
f 3242/3242 3243/3243 3194/3194
f 3243/3243 3195/3195 3194/3194
f 3243/3243 3244/3244 3195/3195
f 3244/3244 3196/3196 3195/3195
f 3244/3244 3245/3245 3196/3196
f 3245/3245 3197/3197 3196/3196
f 3245/3245 3246/3246 3197/3197
f 3246/3246 3198/3198 3197/3197
f 3246/3246 3247/3247 3198/3198
f 3247/3247 3199/3199 3198/3198
f 3247/3247 3248/3248 3199/3199
f 3248/3248 3200/3200 3199/3199
f 3248/3248 3249/3249 3200/3200
f 3249/3249 3201/3201 3200/3200
f 3249/3249 3250/3250 3201/3201
f 3250/3250 3202/3202 3201/3201
f 3250/3250 3251/3251 3202/3202
f 3251/3251 3203/3203 3202/3202
f 3251/3251 3252/3252 3203/3203
f 3252/3252 3204/3204 3203/3203
f 3252/3252 3253/3253 3204/3204
f 3253/3253 3205/3205 3204/3204
f 3253/3253 3254/3254 3205/3205
f 3254/3254 3206/3206 3205/3205
f 3254/3254 3255/3255 3206/3206
f 3255/3255 3207/3207 3206/3206
f 3255/3255 3256/3256 3207/3207
f 3256/3256 3208/3208 3207/3207
f 3256/3256 3257/3257 3208/3208
f 3257/3257 3209/3209 3208/3208
f 3257/3257 3258/3258 3209/3209
f 3258/3258 3210/3210 3209/3209
f 3258/3258 3259/3259 3210/3210
f 3259/3259 3211/3211 3210/3210
f 3259/3259 3260/3260 3211/3211
f 3260/3260 3212/3212 3211/3211
f 3260/3260 3261/3261 3212/3212
f 3261/3261 3213/3213 3212/3212
f 3261/3261 3262/3262 3213/3213
f 3262/3262 3214/3214 3213/3213
f 3262/3262 3263/3263 3214/3214
f 3263/3263 3215/3215 3214/3214
f 3263/3263 3264/3264 3215/3215
f 3264/3264 3216/3216 3215/3215
f 3264/3264 3265/3265 3216/3216
f 3265/3265 3217/3217 3216/3216
f 3265/3265 3266/3266 3217/3217
f 3266/3266 3218/3218 3217/3217
f 3266/3266 3267/3267 3218/3218
f 3267/3267 3219/3219 3218/3218
f 3267/3267 3268/3268 3219/3219
f 3268/3268 3220/3220 3219/3219
f 3268/3268 3269/3269 3220/3220
f 3269/3269 3221/3221 3220/3220
f 3269/3269 3270/3270 3221/3221
f 3270/3270 3222/3222 3221/3221
f 3270/3270 3271/3271 3222/3222
f 3271/3271 3223/3223 3222/3222
f 3271/3271 3272/3272 3223/3223
f 3272/3272 3224/3224 3223/3223
f 3272/3272 3273/3273 3224/3224
f 3273/3273 3225/3225 3224/3224
f 3273/3273 3274/3274 3225/3225
f 3274/3274 3226/3226 3225/3225
f 3274/3274 3275/3275 3226/3226
f 3275/3275 3227/3227 3226/3226
f 3275/3275 3276/3276 3227/3227
f 3276/3276 3228/3228 3227/3227
f 3276/3276 3277/3277 3228/3228
f 3277/3277 3229/3229 3228/3228
f 3277/3277 3278/3278 3229/3229
f 3278/3278 3230/3230 3229/3229
f 3278/3278 3279/3279 3230/3230
f 3279/3279 3231/3231 3230/3230
f 3279/3279 3280/3280 3231/3231
f 3280/3280 3232/3232 3231/3231
f 3280/3280 3281/3281 3232/3232
f 3281/3281 3233/3233 3232/3232
f 3281/3281 3282/3282 3233/3233
f 3282/3282 3234/3234 3233/3233
f 3282/3282 3283/3283 3234/3234
f 3284/3284 3236/3236 3235/3235
f 3284/3284 3285/3285 3236/3236
f 3285/3285 3237/3237 3236/3236
f 3285/3285 3286/3286 3237/3237
f 3286/3286 3238/3238 3237/3237
f 3286/3286 3287/3287 3238/3238
f 3287/3287 3239/3239 3238/3238
f 3287/3287 3288/3288 3239/3239
f 3288/3288 3240/3240 3239/3239
f 3288/3288 3289/3289 3240/3240
f 3289/3289 3241/3241 3240/3240
f 3289/3289 3290/3290 3241/3241
f 3290/3290 3242/3242 3241/3241
f 3290/3290 3291/3291 3242/3242
f 3291/3291 3243/3243 3242/3242
f 3291/3291 3292/3292 3243/3243
f 3292/3292 3244/3244 3243/3243
f 3292/3292 3293/3293 3244/3244
f 3293/3293 3245/3245 3244/3244
f 3293/3293 3294/3294 3245/3245
f 3294/3294 3246/3246 3245/3245
f 3294/3294 3295/3295 3246/3246
f 3295/3295 3247/3247 3246/3246
f 3295/3295 3296/3296 3247/3247
f 3296/3296 3248/3248 3247/3247
f 3296/3296 3297/3297 3248/3248
f 3297/3297 3249/3249 3248/3248
f 3297/3297 3298/3298 3249/3249
f 3298/3298 3250/3250 3249/3249
f 3298/3298 3299/3299 3250/3250
f 3299/3299 3251/3251 3250/3250
f 3299/3299 3300/3300 3251/3251
f 3300/3300 3252/3252 3251/3251
f 3300/3300 3301/3301 3252/3252
f 3301/3301 3253/3253 3252/3252
f 3301/3301 3302/3302 3253/3253
f 3302/3302 3254/3254 3253/3253
f 3302/3302 3303/3303 3254/3254
f 3303/3303 3255/3255 3254/3254
f 3303/3303 3304/3304 3255/3255
f 3304/3304 3256/3256 3255/3255
f 3304/3304 3305/3305 3256/3256
f 3305/3305 3257/3257 3256/3256
f 3305/3305 3306/3306 3257/3257
f 3306/3306 3258/3258 3257/3257
f 3306/3306 3307/3307 3258/3258
f 3307/3307 3259/3259 3258/3258
f 3307/3307 3308/3308 3259/3259
f 3308/3308 3260/3260 3259/3259
f 3308/3308 3309/3309 3260/3260
f 3309/3309 3261/3261 3260/3260
f 3309/3309 3310/3310 3261/3261
f 3310/3310 3262/3262 3261/3261
f 3310/3310 3311/3311 3262/3262
f 3311/3311 3263/3263 3262/3262
f 3311/3311 3312/3312 3263/3263
f 3312/3312 3264/3264 3263/3263
f 3312/3312 3313/3313 3264/3264
f 3313/3313 3265/3265 3264/3264
f 3313/3313 3314/3314 3265/3265
f 3314/3314 3266/3266 3265/3265
f 3314/3314 3315/3315 3266/3266
f 3315/3315 3267/3267 3266/3266
f 3315/3315 3316/3316 3267/3267
f 3316/3316 3268/3268 3267/3267
f 3316/3316 3317/3317 3268/3268
f 3317/3317 3269/3269 3268/3268
f 3317/3317 3318/3318 3269/3269
f 3318/3318 3270/3270 3269/3269
f 3318/3318 3319/3319 3270/3270
f 3319/3319 3271/3271 3270/3270
f 3319/3319 3320/3320 3271/3271
f 3320/3320 3272/3272 3271/3271
f 3320/3320 3321/3321 3272/3272
f 3321/3321 3273/3273 3272/3272
f 3321/3321 3322/3322 3273/3273
f 3322/3322 3274/3274 3273/3273
f 3322/3322 3323/3323 3274/3274
f 3323/3323 3275/3275 3274/3274
f 3323/3323 3324/3324 3275/3275
f 3324/3324 3276/3276 3275/3275
f 3324/3324 3325/3325 3276/3276
f 3325/3325 3277/3277 3276/3276
f 3325/3325 3326/3326 3277/3277
f 3326/3326 3278/3278 3277/3277
f 3326/3326 3327/3327 3278/3278
f 3327/3327 3279/3279 3278/3278
f 3327/3327 3328/3328 3279/3279
f 3328/3328 3280/3280 3279/3279
f 3328/3328 3329/3329 3280/3280
f 3329/3329 3281/3281 3280/3280
f 3329/3329 3330/3330 3281/3281
f 3330/3330 3282/3282 3281/3281
f 3330/3330 3331/3331 3282/3282
f 3331/3331 3283/3283 3282/3282
f 3331/3331 3332/3332 3283/3283
f 3333/3333 3285/3285 3284/3284
f 3333/3333 3334/3334 3285/3285
f 3334/3334 3286/3286 3285/3285
f 3334/3334 3335/3335 3286/3286
f 3335/3335 3287/3287 3286/3286
f 3335/3335 3336/3336 3287/3287
f 3336/3336 3288/3288 3287/3287
f 3336/3336 3337/3337 3288/3288
f 3337/3337 3289/3289 3288/3288
f 3337/3337 3338/3338 3289/3289
f 3338/3338 3290/3290 3289/3289
f 3338/3338 3339/3339 3290/3290
f 3339/3339 3291/3291 3290/3290
f 3339/3339 3340/3340 3291/3291
f 3340/3340 3292/3292 3291/3291
f 3340/3340 3341/3341 3292/3292
f 3341/3341 3293/3293 3292/3292
f 3341/3341 3342/3342 3293/3293
f 3342/3342 3294/3294 3293/3293
f 3342/3342 3343/3343 3294/3294
f 3343/3343 3295/3295 3294/3294
f 3343/3343 3344/3344 3295/3295
f 3344/3344 3296/3296 3295/3295
f 3344/3344 3345/3345 3296/3296
f 3345/3345 3297/3297 3296/3296
f 3345/3345 3346/3346 3297/3297
f 3346/3346 3298/3298 3297/3297
f 3346/3346 3347/3347 3298/3298
f 3347/3347 3299/3299 3298/3298
f 3347/3347 3348/3348 3299/3299
f 3348/3348 3300/3300 3299/3299
f 3348/3348 3349/3349 3300/3300
f 3349/3349 3301/3301 3300/3300
f 3349/3349 3350/3350 3301/3301
f 3350/3350 3302/3302 3301/3301
f 3350/3350 3351/3351 3302/3302
f 3351/3351 3303/3303 3302/3302
f 3351/3351 3352/3352 3303/3303
f 3352/3352 3304/3304 3303/3303
f 3352/3352 3353/3353 3304/3304
f 3353/3353 3305/3305 3304/3304
f 3353/3353 3354/3354 3305/3305
f 3354/3354 3306/3306 3305/3305
f 3354/3354 3355/3355 3306/3306
f 3355/3355 3307/3307 3306/3306
f 3355/3355 3356/3356 3307/3307
f 3356/3356 3308/3308 3307/3307
f 3356/3356 3357/3357 3308/3308
f 3357/3357 3309/3309 3308/3308
f 3357/3357 3358/3358 3309/3309
f 3358/3358 3310/3310 3309/3309
f 3358/3358 3359/3359 3310/3310
f 3359/3359 3311/3311 3310/3310
f 3359/3359 3360/3360 3311/3311
f 3360/3360 3312/3312 3311/3311
f 3360/3360 3361/3361 3312/3312
f 3361/3361 3313/3313 3312/3312
f 3361/3361 3362/3362 3313/3313
f 3362/3362 3314/3314 3313/3313
f 3362/3362 3363/3363 3314/3314
f 3363/3363 3315/3315 3314/3314
f 3363/3363 3364/3364 3315/3315
f 3364/3364 3316/3316 3315/3315
f 3364/3364 3365/3365 3316/3316
f 3365/3365 3317/3317 3316/3316
f 3365/3365 3366/3366 3317/3317
f 3366/3366 3318/3318 3317/3317
f 3366/3366 3367/3367 3318/3318
f 3367/3367 3319/3319 3318/3318
f 3367/3367 3368/3368 3319/3319
f 3368/3368 3320/3320 3319/3319
f 3368/3368 3369/3369 3320/3320
f 3369/3369 3321/3321 3320/3320
f 3369/3369 3370/3370 3321/3321
f 3370/3370 3322/3322 3321/3321
f 3370/3370 3371/3371 3322/3322
f 3371/3371 3323/3323 3322/3322
f 3371/3371 3372/3372 3323/3323
f 3372/3372 3324/3324 3323/3323
f 3372/3372 3373/3373 3324/3324
f 3373/3373 3325/3325 3324/3324
f 3373/3373 3374/3374 3325/3325
f 3374/3374 3326/3326 3325/3325
f 3374/3374 3375/3375 3326/3326
f 3375/3375 3327/3327 3326/3326
f 3375/3375 3376/3376 3327/3327
f 3376/3376 3328/3328 3327/3327
f 3376/3376 3377/3377 3328/3328
f 3377/3377 3329/3329 3328/3328
f 3377/3377 3378/3378 3329/3329
f 3378/3378 3330/3330 3329/3329
f 3378/3378 3379/3379 3330/3330
f 3379/3379 3331/3331 3330/3330
f 3379/3379 3380/3380 3331/3331
f 3380/3380 3332/3332 3331/3331
f 3380/3380 3381/3381 3332/3332
f 3382/3382 3334/3334 3333/3333
f 3382/3382 3383/3383 3334/3334
f 3383/3383 3335/3335 3334/3334
f 3383/3383 3384/3384 3335/3335
f 3384/3384 3336/3336 3335/3335
f 3384/3384 3385/3385 3336/3336
f 3385/3385 3337/3337 3336/3336
f 3385/3385 3386/3386 3337/3337
f 3386/3386 3338/3338 3337/3337
f 3386/3386 3387/3387 3338/3338
f 3387/3387 3339/3339 3338/3338
f 3387/3387 3388/3388 3339/3339
f 3388/3388 3340/3340 3339/3339
f 3388/3388 3389/3389 3340/3340
f 3389/3389 3341/3341 3340/3340
f 3389/3389 3390/3390 3341/3341
f 3390/3390 3342/3342 3341/3341
f 3390/3390 3391/3391 3342/3342
f 3391/3391 3343/3343 3342/3342
f 3391/3391 3392/3392 3343/3343
f 3392/3392 3344/3344 3343/3343
f 3392/3392 3393/3393 3344/3344
f 3393/3393 3345/3345 3344/3344
f 3393/3393 3394/3394 3345/3345
f 3394/3394 3346/3346 3345/3345
f 3394/3394 3395/3395 3346/3346
f 3395/3395 3347/3347 3346/3346
f 3395/3395 3396/3396 3347/3347
f 3396/3396 3348/3348 3347/3347
f 3396/3396 3397/3397 3348/3348
f 3397/3397 3349/3349 3348/3348
f 3397/3397 3398/3398 3349/3349
f 3398/3398 3350/3350 3349/3349
f 3398/3398 3399/3399 3350/3350
f 3399/3399 3351/3351 3350/3350
f 3399/3399 3400/3400 3351/3351
f 3400/3400 3352/3352 3351/3351
f 3400/3400 3401/3401 3352/3352
f 3401/3401 3353/3353 3352/3352
f 3401/3401 3402/3402 3353/3353
f 3402/3402 3354/3354 3353/3353
f 3402/3402 3403/3403 3354/3354
f 3403/3403 3355/3355 3354/3354
f 3403/3403 3404/3404 3355/3355
f 3404/3404 3356/3356 3355/3355
f 3404/3404 3405/3405 3356/3356
f 3405/3405 3357/3357 3356/3356
f 3405/3405 3406/3406 3357/3357
f 3406/3406 3358/3358 3357/3357
f 3406/3406 3407/3407 3358/3358
f 3407/3407 3359/3359 3358/3358
f 3407/3407 3408/3408 3359/3359
f 3408/3408 3360/3360 3359/3359
f 3408/3408 3409/3409 3360/3360
f 3409/3409 3361/3361 3360/3360
f 3409/3409 3410/3410 3361/3361
f 3410/3410 3362/3362 3361/3361
f 3410/3410 3411/3411 3362/3362
f 3411/3411 3363/3363 3362/3362
f 3411/3411 3412/3412 3363/3363
f 3412/3412 3364/3364 3363/3363
f 3412/3412 3413/3413 3364/3364
f 3413/3413 3365/3365 3364/3364
f 3413/3413 3414/3414 3365/3365
f 3414/3414 3366/3366 3365/3365
f 3414/3414 3415/3415 3366/3366
f 3415/3415 3367/3367 3366/3366
f 3415/3415 3416/3416 3367/3367
f 3416/3416 3368/3368 3367/3367
f 3416/3416 3417/3417 3368/3368
f 3417/3417 3369/3369 3368/3368
f 3417/3417 3418/3418 3369/3369
f 3418/3418 3370/3370 3369/3369
f 3418/3418 3419/3419 3370/3370
f 3419/3419 3371/3371 3370/3370
f 3419/3419 3420/3420 3371/3371
f 3420/3420 3372/3372 3371/3371
f 3420/3420 3421/3421 3372/3372
f 3421/3421 3373/3373 3372/3372
f 3421/3421 3422/3422 3373/3373
f 3422/3422 3374/3374 3373/3373
f 3422/3422 3423/3423 3374/3374
f 3423/3423 3375/3375 3374/3374
f 3423/3423 3424/3424 3375/3375
f 3424/3424 3376/3376 3375/3375
f 3424/3424 3425/3425 3376/3376
f 3425/3425 3377/3377 3376/3376
f 3425/3425 3426/3426 3377/3377
f 3426/3426 3378/3378 3377/3377
f 3426/3426 3427/3427 3378/3378
f 3427/3427 3379/3379 3378/3378
f 3427/3427 3428/3428 3379/3379
f 3428/3428 3380/3380 3379/3379
f 3428/3428 3429/3429 3380/3380
f 3429/3429 3381/3381 3380/3380
f 3429/3429 3430/3430 3381/3381
f 3431/3431 3383/3383 3382/3382
f 3431/3431 3432/3432 3383/3383
f 3432/3432 3384/3384 3383/3383
f 3432/3432 3433/3433 3384/3384
f 3433/3433 3385/3385 3384/3384
f 3433/3433 3434/3434 3385/3385
f 3434/3434 3386/3386 3385/3385
f 3434/3434 3435/3435 3386/3386
f 3435/3435 3387/3387 3386/3386
f 3435/3435 3436/3436 3387/3387
f 3436/3436 3388/3388 3387/3387
f 3436/3436 3437/3437 3388/3388
f 3437/3437 3389/3389 3388/3388
f 3437/3437 3438/3438 3389/3389
f 3438/3438 3390/3390 3389/3389
f 3438/3438 3439/3439 3390/3390
f 3439/3439 3391/3391 3390/3390
f 3439/3439 3440/3440 3391/3391
f 3440/3440 3392/3392 3391/3391
f 3440/3440 3441/3441 3392/3392
f 3441/3441 3393/3393 3392/3392
f 3441/3441 3442/3442 3393/3393
f 3442/3442 3394/3394 3393/3393
f 3442/3442 3443/3443 3394/3394
f 3443/3443 3395/3395 3394/3394
f 3443/3443 3444/3444 3395/3395
f 3444/3444 3396/3396 3395/3395
f 3444/3444 3445/3445 3396/3396
f 3445/3445 3397/3397 3396/3396
f 3445/3445 3446/3446 3397/3397
f 3446/3446 3398/3398 3397/3397
f 3446/3446 3447/3447 3398/3398
f 3447/3447 3399/3399 3398/3398
f 3447/3447 3448/3448 3399/3399
f 3448/3448 3400/3400 3399/3399
f 3448/3448 3449/3449 3400/3400
f 3449/3449 3401/3401 3400/3400
f 3449/3449 3450/3450 3401/3401
f 3450/3450 3402/3402 3401/3401
f 3450/3450 3451/3451 3402/3402
f 3451/3451 3403/3403 3402/3402
f 3451/3451 3452/3452 3403/3403
f 3452/3452 3404/3404 3403/3403
f 3452/3452 3453/3453 3404/3404
f 3453/3453 3405/3405 3404/3404
f 3453/3453 3454/3454 3405/3405
f 3454/3454 3406/3406 3405/3405
f 3454/3454 3455/3455 3406/3406
f 3455/3455 3407/3407 3406/3406
f 3455/3455 3456/3456 3407/3407
f 3456/3456 3408/3408 3407/3407
f 3456/3456 3457/3457 3408/3408
f 3457/3457 3409/3409 3408/3408
f 3457/3457 3458/3458 3409/3409
f 3458/3458 3410/3410 3409/3409
f 3458/3458 3459/3459 3410/3410
f 3459/3459 3411/3411 3410/3410
f 3459/3459 3460/3460 3411/3411
f 3460/3460 3412/3412 3411/3411
f 3460/3460 3461/3461 3412/3412
f 3461/3461 3413/3413 3412/3412
f 3461/3461 3462/3462 3413/3413
f 3462/3462 3414/3414 3413/3413
f 3462/3462 3463/3463 3414/3414
f 3463/3463 3415/3415 3414/3414
f 3463/3463 3464/3464 3415/3415
f 3464/3464 3416/3416 3415/3415
f 3464/3464 3465/3465 3416/3416
f 3465/3465 3417/3417 3416/3416
f 3465/3465 3466/3466 3417/3417
f 3466/3466 3418/3418 3417/3417
f 3466/3466 3467/3467 3418/3418
f 3467/3467 3419/3419 3418/3418
f 3467/3467 3468/3468 3419/3419
f 3468/3468 3420/3420 3419/3419
f 3468/3468 3469/3469 3420/3420
f 3469/3469 3421/3421 3420/3420
f 3469/3469 3470/3470 3421/3421
f 3470/3470 3422/3422 3421/3421
f 3470/3470 3471/3471 3422/3422
f 3471/3471 3423/3423 3422/3422
f 3471/3471 3472/3472 3423/3423
f 3472/3472 3424/3424 3423/3423
f 3472/3472 3473/3473 3424/3424
f 3473/3473 3425/3425 3424/3424
f 3473/3473 3474/3474 3425/3425
f 3474/3474 3426/3426 3425/3425
f 3474/3474 3475/3475 3426/3426
f 3475/3475 3427/3427 3426/3426
f 3475/3475 3476/3476 3427/3427
f 3476/3476 3428/3428 3427/3427
f 3476/3476 3477/3477 3428/3428
f 3477/3477 3429/3429 3428/3428
f 3477/3477 3478/3478 3429/3429
f 3478/3478 3430/3430 3429/3429
f 3478/3478 3479/3479 3430/3430
f 3480/3480 3432/3432 3431/3431
f 3480/3480 3481/3481 3432/3432
f 3481/3481 3433/3433 3432/3432
f 3481/3481 3482/3482 3433/3433
f 3482/3482 3434/3434 3433/3433
f 3482/3482 3483/3483 3434/3434
f 3483/3483 3435/3435 3434/3434
f 3483/3483 3484/3484 3435/3435
f 3484/3484 3436/3436 3435/3435
f 3484/3484 3485/3485 3436/3436
f 3485/3485 3437/3437 3436/3436
f 3485/3485 3486/3486 3437/3437
f 3486/3486 3438/3438 3437/3437
f 3486/3486 3487/3487 3438/3438
f 3487/3487 3439/3439 3438/3438
f 3487/3487 3488/3488 3439/3439
f 3488/3488 3440/3440 3439/3439
f 3488/3488 3489/3489 3440/3440
f 3489/3489 3441/3441 3440/3440
f 3489/3489 3490/3490 3441/3441
f 3490/3490 3442/3442 3441/3441
f 3490/3490 3491/3491 3442/3442
f 3491/3491 3443/3443 3442/3442
f 3491/3491 3492/3492 3443/3443
f 3492/3492 3444/3444 3443/3443
f 3492/3492 3493/3493 3444/3444
f 3493/3493 3445/3445 3444/3444
f 3493/3493 3494/3494 3445/3445
f 3494/3494 3446/3446 3445/3445
f 3494/3494 3495/3495 3446/3446
f 3495/3495 3447/3447 3446/3446
f 3495/3495 3496/3496 3447/3447
f 3496/3496 3448/3448 3447/3447
f 3496/3496 3497/3497 3448/3448
f 3497/3497 3449/3449 3448/3448
f 3497/3497 3498/3498 3449/3449
f 3498/3498 3450/3450 3449/3449
f 3498/3498 3499/3499 3450/3450
f 3499/3499 3451/3451 3450/3450
f 3499/3499 3500/3500 3451/3451
f 3500/3500 3452/3452 3451/3451
f 3500/3500 3501/3501 3452/3452
f 3501/3501 3453/3453 3452/3452
f 3501/3501 3502/3502 3453/3453
f 3502/3502 3454/3454 3453/3453
f 3502/3502 3503/3503 3454/3454
f 3503/3503 3455/3455 3454/3454
f 3503/3503 3504/3504 3455/3455
f 3504/3504 3456/3456 3455/3455
f 3504/3504 3505/3505 3456/3456
f 3505/3505 3457/3457 3456/3456
f 3505/3505 3506/3506 3457/3457
f 3506/3506 3458/3458 3457/3457
f 3506/3506 3507/3507 3458/3458
f 3507/3507 3459/3459 3458/3458
f 3507/3507 3508/3508 3459/3459
f 3508/3508 3460/3460 3459/3459
f 3508/3508 3509/3509 3460/3460
f 3509/3509 3461/3461 3460/3460
f 3509/3509 3510/3510 3461/3461
f 3510/3510 3462/3462 3461/3461
f 3510/3510 3511/3511 3462/3462
f 3511/3511 3463/3463 3462/3462
f 3511/3511 3512/3512 3463/3463
f 3512/3512 3464/3464 3463/3463
f 3512/3512 3513/3513 3464/3464
f 3513/3513 3465/3465 3464/3464
f 3513/3513 3514/3514 3465/3465
f 3514/3514 3466/3466 3465/3465
f 3514/3514 3515/3515 3466/3466
f 3515/3515 3467/3467 3466/3466
f 3515/3515 3516/3516 3467/3467
f 3516/3516 3468/3468 3467/3467
f 3516/3516 3517/3517 3468/3468
f 3517/3517 3469/3469 3468/3468
f 3517/3517 3518/3518 3469/3469
f 3518/3518 3470/3470 3469/3469
f 3518/3518 3519/3519 3470/3470
f 3519/3519 3471/3471 3470/3470
f 3519/3519 3520/3520 3471/3471
f 3520/3520 3472/3472 3471/3471
f 3520/3520 3521/3521 3472/3472
f 3521/3521 3473/3473 3472/3472
f 3521/3521 3522/3522 3473/3473
f 3522/3522 3474/3474 3473/3473
f 3522/3522 3523/3523 3474/3474
f 3523/3523 3475/3475 3474/3474
f 3523/3523 3524/3524 3475/3475
f 3524/3524 3476/3476 3475/3475
f 3524/3524 3525/3525 3476/3476
f 3525/3525 3477/3477 3476/3476
f 3525/3525 3526/3526 3477/3477
f 3526/3526 3478/3478 3477/3477
f 3526/3526 3527/3527 3478/3478
f 3527/3527 3479/3479 3478/3478
f 3527/3527 3528/3528 3479/3479
f 3529/3529 3481/3481 3480/3480
f 3529/3529 3530/3530 3481/3481
f 3530/3530 3482/3482 3481/3481
f 3530/3530 3531/3531 3482/3482
f 3531/3531 3483/3483 3482/3482
f 3531/3531 3532/3532 3483/3483
f 3532/3532 3484/3484 3483/3483
f 3532/3532 3533/3533 3484/3484
f 3533/3533 3485/3485 3484/3484
f 3533/3533 3534/3534 3485/3485
f 3534/3534 3486/3486 3485/3485
f 3534/3534 3535/3535 3486/3486
f 3535/3535 3487/3487 3486/3486
f 3535/3535 3536/3536 3487/3487
f 3536/3536 3488/3488 3487/3487
f 3536/3536 3537/3537 3488/3488
f 3537/3537 3489/3489 3488/3488
f 3537/3537 3538/3538 3489/3489
f 3538/3538 3490/3490 3489/3489
f 3538/3538 3539/3539 3490/3490
f 3539/3539 3491/3491 3490/3490
f 3539/3539 3540/3540 3491/3491
f 3540/3540 3492/3492 3491/3491
f 3540/3540 3541/3541 3492/3492
f 3541/3541 3493/3493 3492/3492
f 3541/3541 3542/3542 3493/3493
f 3542/3542 3494/3494 3493/3493
f 3542/3542 3543/3543 3494/3494
f 3543/3543 3495/3495 3494/3494
f 3543/3543 3544/3544 3495/3495
f 3544/3544 3496/3496 3495/3495
f 3544/3544 3545/3545 3496/3496
f 3545/3545 3497/3497 3496/3496
f 3545/3545 3546/3546 3497/3497
f 3546/3546 3498/3498 3497/3497
f 3546/3546 3547/3547 3498/3498
f 3547/3547 3499/3499 3498/3498
f 3547/3547 3548/3548 3499/3499
f 3548/3548 3500/3500 3499/3499
f 3548/3548 3549/3549 3500/3500
f 3549/3549 3501/3501 3500/3500
f 3549/3549 3550/3550 3501/3501
f 3550/3550 3502/3502 3501/3501
f 3550/3550 3551/3551 3502/3502
f 3551/3551 3503/3503 3502/3502
f 3551/3551 3552/3552 3503/3503
f 3552/3552 3504/3504 3503/3503
f 3552/3552 3553/3553 3504/3504
f 3553/3553 3505/3505 3504/3504
f 3553/3553 3554/3554 3505/3505
f 3554/3554 3506/3506 3505/3505
f 3554/3554 3555/3555 3506/3506
f 3555/3555 3507/3507 3506/3506
f 3555/3555 3556/3556 3507/3507
f 3556/3556 3508/3508 3507/3507
f 3556/3556 3557/3557 3508/3508
f 3557/3557 3509/3509 3508/3508
f 3557/3557 3558/3558 3509/3509
f 3558/3558 3510/3510 3509/3509
f 3558/3558 3559/3559 3510/3510
f 3559/3559 3511/3511 3510/3510
f 3559/3559 3560/3560 3511/3511
f 3560/3560 3512/3512 3511/3511
f 3560/3560 3561/3561 3512/3512
f 3561/3561 3513/3513 3512/3512
f 3561/3561 3562/3562 3513/3513
f 3562/3562 3514/3514 3513/3513
f 3562/3562 3563/3563 3514/3514
f 3563/3563 3515/3515 3514/3514
f 3563/3563 3564/3564 3515/3515
f 3564/3564 3516/3516 3515/3515
f 3564/3564 3565/3565 3516/3516
f 3565/3565 3517/3517 3516/3516
f 3565/3565 3566/3566 3517/3517
f 3566/3566 3518/3518 3517/3517
f 3566/3566 3567/3567 3518/3518
f 3567/3567 3519/3519 3518/3518
f 3567/3567 3568/3568 3519/3519
f 3568/3568 3520/3520 3519/3519
f 3568/3568 3569/3569 3520/3520
f 3569/3569 3521/3521 3520/3520
f 3569/3569 3570/3570 3521/3521
f 3570/3570 3522/3522 3521/3521
f 3570/3570 3571/3571 3522/3522
f 3571/3571 3523/3523 3522/3522
f 3571/3571 3572/3572 3523/3523
f 3572/3572 3524/3524 3523/3523
f 3572/3572 3573/3573 3524/3524
f 3573/3573 3525/3525 3524/3524
f 3573/3573 3574/3574 3525/3525
f 3574/3574 3526/3526 3525/3525
f 3574/3574 3575/3575 3526/3526
f 3575/3575 3527/3527 3526/3526
f 3575/3575 3576/3576 3527/3527
f 3576/3576 3528/3528 3527/3527
f 3576/3576 3577/3577 3528/3528
f 3578/3578 3530/3530 3529/3529
f 3578/3578 3579/3579 3530/3530
f 3579/3579 3531/3531 3530/3530
f 3579/3579 3580/3580 3531/3531
f 3580/3580 3532/3532 3531/3531
f 3580/3580 3581/3581 3532/3532
f 3581/3581 3533/3533 3532/3532
f 3581/3581 3582/3582 3533/3533
f 3582/3582 3534/3534 3533/3533
f 3582/3582 3583/3583 3534/3534
f 3583/3583 3535/3535 3534/3534
f 3583/3583 3584/3584 3535/3535
f 3584/3584 3536/3536 3535/3535
f 3584/3584 3585/3585 3536/3536
f 3585/3585 3537/3537 3536/3536
f 3585/3585 3586/3586 3537/3537
f 3586/3586 3538/3538 3537/3537
f 3586/3586 3587/3587 3538/3538
f 3587/3587 3539/3539 3538/3538
f 3587/3587 3588/3588 3539/3539
f 3588/3588 3540/3540 3539/3539
f 3588/3588 3589/3589 3540/3540
f 3589/3589 3541/3541 3540/3540
f 3589/3589 3590/3590 3541/3541
f 3590/3590 3542/3542 3541/3541
f 3590/3590 3591/3591 3542/3542
f 3591/3591 3543/3543 3542/3542
f 3591/3591 3592/3592 3543/3543
f 3592/3592 3544/3544 3543/3543
f 3592/3592 3593/3593 3544/3544
f 3593/3593 3545/3545 3544/3544
f 3593/3593 3594/3594 3545/3545
f 3594/3594 3546/3546 3545/3545
f 3594/3594 3595/3595 3546/3546
f 3595/3595 3547/3547 3546/3546
f 3595/3595 3596/3596 3547/3547
f 3596/3596 3548/3548 3547/3547
f 3596/3596 3597/3597 3548/3548
f 3597/3597 3549/3549 3548/3548
f 3597/3597 3598/3598 3549/3549
f 3598/3598 3550/3550 3549/3549
f 3598/3598 3599/3599 3550/3550
f 3599/3599 3551/3551 3550/3550
f 3599/3599 3600/3600 3551/3551
f 3600/3600 3552/3552 3551/3551
f 3600/3600 3601/3601 3552/3552
f 3601/3601 3553/3553 3552/3552
f 3601/3601 3602/3602 3553/3553
f 3602/3602 3554/3554 3553/3553
f 3602/3602 3603/3603 3554/3554
f 3603/3603 3555/3555 3554/3554
f 3603/3603 3604/3604 3555/3555
f 3604/3604 3556/3556 3555/3555
f 3604/3604 3605/3605 3556/3556
f 3605/3605 3557/3557 3556/3556
f 3605/3605 3606/3606 3557/3557
f 3606/3606 3558/3558 3557/3557
f 3606/3606 3607/3607 3558/3558
f 3607/3607 3559/3559 3558/3558
f 3607/3607 3608/3608 3559/3559
f 3608/3608 3560/3560 3559/3559
f 3608/3608 3609/3609 3560/3560
f 3609/3609 3561/3561 3560/3560
f 3609/3609 3610/3610 3561/3561
f 3610/3610 3562/3562 3561/3561
f 3610/3610 3611/3611 3562/3562
f 3611/3611 3563/3563 3562/3562
f 3611/3611 3612/3612 3563/3563
f 3612/3612 3564/3564 3563/3563
f 3612/3612 3613/3613 3564/3564
f 3613/3613 3565/3565 3564/3564
f 3613/3613 3614/3614 3565/3565
f 3614/3614 3566/3566 3565/3565
f 3614/3614 3615/3615 3566/3566
f 3615/3615 3567/3567 3566/3566
f 3615/3615 3616/3616 3567/3567
f 3616/3616 3568/3568 3567/3567
f 3616/3616 3617/3617 3568/3568
f 3617/3617 3569/3569 3568/3568
f 3617/3617 3618/3618 3569/3569
f 3618/3618 3570/3570 3569/3569
f 3618/3618 3619/3619 3570/3570
f 3619/3619 3571/3571 3570/3570
f 3619/3619 3620/3620 3571/3571
f 3620/3620 3572/3572 3571/3571
f 3620/3620 3621/3621 3572/3572
f 3621/3621 3573/3573 3572/3572
f 3621/3621 3622/3622 3573/3573
f 3622/3622 3574/3574 3573/3573
f 3622/3622 3623/3623 3574/3574
f 3623/3623 3575/3575 3574/3574
f 3623/3623 3624/3624 3575/3575
f 3624/3624 3576/3576 3575/3575
f 3624/3624 3625/3625 3576/3576
f 3625/3625 3577/3577 3576/3576
f 3625/3625 3626/3626 3577/3577
f 3627/3627 3579/3579 3578/3578
f 3627/3627 3628/3628 3579/3579
f 3628/3628 3580/3580 3579/3579
f 3628/3628 3629/3629 3580/3580
f 3629/3629 3581/3581 3580/3580
f 3629/3629 3630/3630 3581/3581
f 3630/3630 3582/3582 3581/3581
f 3630/3630 3631/3631 3582/3582
f 3631/3631 3583/3583 3582/3582
f 3631/3631 3632/3632 3583/3583
f 3632/3632 3584/3584 3583/3583
f 3632/3632 3633/3633 3584/3584
f 3633/3633 3585/3585 3584/3584
f 3633/3633 3634/3634 3585/3585
f 3634/3634 3586/3586 3585/3585
f 3634/3634 3635/3635 3586/3586
f 3635/3635 3587/3587 3586/3586
f 3635/3635 3636/3636 3587/3587
f 3636/3636 3588/3588 3587/3587
f 3636/3636 3637/3637 3588/3588
f 3637/3637 3589/3589 3588/3588
f 3637/3637 3638/3638 3589/3589
f 3638/3638 3590/3590 3589/3589
f 3638/3638 3639/3639 3590/3590
f 3639/3639 3591/3591 3590/3590
f 3639/3639 3640/3640 3591/3591
f 3640/3640 3592/3592 3591/3591
f 3640/3640 3641/3641 3592/3592
f 3641/3641 3593/3593 3592/3592
f 3641/3641 3642/3642 3593/3593
f 3642/3642 3594/3594 3593/3593
f 3642/3642 3643/3643 3594/3594
f 3643/3643 3595/3595 3594/3594
f 3643/3643 3644/3644 3595/3595
f 3644/3644 3596/3596 3595/3595
f 3644/3644 3645/3645 3596/3596
f 3645/3645 3597/3597 3596/3596
f 3645/3645 3646/3646 3597/3597
f 3646/3646 3598/3598 3597/3597
f 3646/3646 3647/3647 3598/3598
f 3647/3647 3599/3599 3598/3598
f 3647/3647 3648/3648 3599/3599
f 3648/3648 3600/3600 3599/3599
f 3648/3648 3649/3649 3600/3600
f 3649/3649 3601/3601 3600/3600
f 3649/3649 3650/3650 3601/3601
f 3650/3650 3602/3602 3601/3601
f 3650/3650 3651/3651 3602/3602
f 3651/3651 3603/3603 3602/3602
f 3651/3651 3652/3652 3603/3603
f 3652/3652 3604/3604 3603/3603
f 3652/3652 3653/3653 3604/3604
f 3653/3653 3605/3605 3604/3604
f 3653/3653 3654/3654 3605/3605
f 3654/3654 3606/3606 3605/3605
f 3654/3654 3655/3655 3606/3606
f 3655/3655 3607/3607 3606/3606
f 3655/3655 3656/3656 3607/3607
f 3656/3656 3608/3608 3607/3607
f 3656/3656 3657/3657 3608/3608
f 3657/3657 3609/3609 3608/3608
f 3657/3657 3658/3658 3609/3609
f 3658/3658 3610/3610 3609/3609
f 3658/3658 3659/3659 3610/3610
f 3659/3659 3611/3611 3610/3610
f 3659/3659 3660/3660 3611/3611
f 3660/3660 3612/3612 3611/3611
f 3660/3660 3661/3661 3612/3612
f 3661/3661 3613/3613 3612/3612
f 3661/3661 3662/3662 3613/3613
f 3662/3662 3614/3614 3613/3613
f 3662/3662 3663/3663 3614/3614
f 3663/3663 3615/3615 3614/3614
f 3663/3663 3664/3664 3615/3615
f 3664/3664 3616/3616 3615/3615
f 3664/3664 3665/3665 3616/3616
f 3665/3665 3617/3617 3616/3616
f 3665/3665 3666/3666 3617/3617
f 3666/3666 3618/3618 3617/3617
f 3666/3666 3667/3667 3618/3618
f 3667/3667 3619/3619 3618/3618
f 3667/3667 3668/3668 3619/3619
f 3668/3668 3620/3620 3619/3619
f 3668/3668 3669/3669 3620/3620
f 3669/3669 3621/3621 3620/3620
f 3669/3669 3670/3670 3621/3621
f 3670/3670 3622/3622 3621/3621
f 3670/3670 3671/3671 3622/3622
f 3671/3671 3623/3623 3622/3622
f 3671/3671 3672/3672 3623/3623
f 3672/3672 3624/3624 3623/3623
f 3672/3672 3673/3673 3624/3624
f 3673/3673 3625/3625 3624/3624
f 3673/3673 3674/3674 3625/3625
f 3674/3674 3626/3626 3625/3625
f 3674/3674 3675/3675 3626/3626
f 3676/3676 3628/3628 3627/3627
f 3676/3676 3677/3677 3628/3628
f 3677/3677 3629/3629 3628/3628
f 3677/3677 3678/3678 3629/3629
f 3678/3678 3630/3630 3629/3629
f 3678/3678 3679/3679 3630/3630
f 3679/3679 3631/3631 3630/3630
f 3679/3679 3680/3680 3631/3631
f 3680/3680 3632/3632 3631/3631
f 3680/3680 3681/3681 3632/3632
f 3681/3681 3633/3633 3632/3632
f 3681/3681 3682/3682 3633/3633
f 3682/3682 3634/3634 3633/3633
f 3682/3682 3683/3683 3634/3634
f 3683/3683 3635/3635 3634/3634
f 3683/3683 3684/3684 3635/3635
f 3684/3684 3636/3636 3635/3635
f 3684/3684 3685/3685 3636/3636
f 3685/3685 3637/3637 3636/3636
f 3685/3685 3686/3686 3637/3637
f 3686/3686 3638/3638 3637/3637
f 3686/3686 3687/3687 3638/3638
f 3687/3687 3639/3639 3638/3638
f 3687/3687 3688/3688 3639/3639
f 3688/3688 3640/3640 3639/3639
f 3688/3688 3689/3689 3640/3640
f 3689/3689 3641/3641 3640/3640
f 3689/3689 3690/3690 3641/3641
f 3690/3690 3642/3642 3641/3641
f 3690/3690 3691/3691 3642/3642
f 3691/3691 3643/3643 3642/3642
f 3691/3691 3692/3692 3643/3643
f 3692/3692 3644/3644 3643/3643
f 3692/3692 3693/3693 3644/3644
f 3693/3693 3645/3645 3644/3644
f 3693/3693 3694/3694 3645/3645
f 3694/3694 3646/3646 3645/3645
f 3694/3694 3695/3695 3646/3646
f 3695/3695 3647/3647 3646/3646
f 3695/3695 3696/3696 3647/3647
f 3696/3696 3648/3648 3647/3647
f 3696/3696 3697/3697 3648/3648
f 3697/3697 3649/3649 3648/3648
f 3697/3697 3698/3698 3649/3649
f 3698/3698 3650/3650 3649/3649
f 3698/3698 3699/3699 3650/3650
f 3699/3699 3651/3651 3650/3650
f 3699/3699 3700/3700 3651/3651
f 3700/3700 3652/3652 3651/3651
f 3700/3700 3701/3701 3652/3652
f 3701/3701 3653/3653 3652/3652
f 3701/3701 3702/3702 3653/3653
f 3702/3702 3654/3654 3653/3653
f 3702/3702 3703/3703 3654/3654
f 3703/3703 3655/3655 3654/3654
f 3703/3703 3704/3704 3655/3655
f 3704/3704 3656/3656 3655/3655
f 3704/3704 3705/3705 3656/3656
f 3705/3705 3657/3657 3656/3656
f 3705/3705 3706/3706 3657/3657
f 3706/3706 3658/3658 3657/3657
f 3706/3706 3707/3707 3658/3658
f 3707/3707 3659/3659 3658/3658
f 3707/3707 3708/3708 3659/3659
f 3708/3708 3660/3660 3659/3659
f 3708/3708 3709/3709 3660/3660
f 3709/3709 3661/3661 3660/3660
f 3709/3709 3710/3710 3661/3661
f 3710/3710 3662/3662 3661/3661
f 3710/3710 3711/3711 3662/3662
f 3711/3711 3663/3663 3662/3662
f 3711/3711 3712/3712 3663/3663
f 3712/3712 3664/3664 3663/3663
f 3712/3712 3713/3713 3664/3664
f 3713/3713 3665/3665 3664/3664
f 3713/3713 3714/3714 3665/3665
f 3714/3714 3666/3666 3665/3665
f 3714/3714 3715/3715 3666/3666
f 3715/3715 3667/3667 3666/3666
f 3715/3715 3716/3716 3667/3667
f 3716/3716 3668/3668 3667/3667
f 3716/3716 3717/3717 3668/3668
f 3717/3717 3669/3669 3668/3668
f 3717/3717 3718/3718 3669/3669
f 3718/3718 3670/3670 3669/3669
f 3718/3718 3719/3719 3670/3670
f 3719/3719 3671/3671 3670/3670
f 3719/3719 3720/3720 3671/3671
f 3720/3720 3672/3672 3671/3671
f 3720/3720 3721/3721 3672/3672
f 3721/3721 3673/3673 3672/3672
f 3721/3721 3722/3722 3673/3673
f 3722/3722 3674/3674 3673/3673
f 3722/3722 3723/3723 3674/3674
f 3723/3723 3675/3675 3674/3674
f 3723/3723 3724/3724 3675/3675
f 3725/3725 3677/3677 3676/3676
f 3725/3725 3726/3726 3677/3677
f 3726/3726 3678/3678 3677/3677
f 3726/3726 3727/3727 3678/3678
f 3727/3727 3679/3679 3678/3678
f 3727/3727 3728/3728 3679/3679
f 3728/3728 3680/3680 3679/3679
f 3728/3728 3729/3729 3680/3680
f 3729/3729 3681/3681 3680/3680
f 3729/3729 3730/3730 3681/3681
f 3730/3730 3682/3682 3681/3681
f 3730/3730 3731/3731 3682/3682
f 3731/3731 3683/3683 3682/3682
f 3731/3731 3732/3732 3683/3683
f 3732/3732 3684/3684 3683/3683
f 3732/3732 3733/3733 3684/3684
f 3733/3733 3685/3685 3684/3684
f 3733/3733 3734/3734 3685/3685
f 3734/3734 3686/3686 3685/3685
f 3734/3734 3735/3735 3686/3686
f 3735/3735 3687/3687 3686/3686
f 3735/3735 3736/3736 3687/3687
f 3736/3736 3688/3688 3687/3687
f 3736/3736 3737/3737 3688/3688
f 3737/3737 3689/3689 3688/3688
f 3737/3737 3738/3738 3689/3689
f 3738/3738 3690/3690 3689/3689
f 3738/3738 3739/3739 3690/3690
f 3739/3739 3691/3691 3690/3690
f 3739/3739 3740/3740 3691/3691
f 3740/3740 3692/3692 3691/3691
f 3740/3740 3741/3741 3692/3692
f 3741/3741 3693/3693 3692/3692
f 3741/3741 3742/3742 3693/3693
f 3742/3742 3694/3694 3693/3693
f 3742/3742 3743/3743 3694/3694
f 3743/3743 3695/3695 3694/3694
f 3743/3743 3744/3744 3695/3695
f 3744/3744 3696/3696 3695/3695
f 3744/3744 3745/3745 3696/3696
f 3745/3745 3697/3697 3696/3696
f 3745/3745 3746/3746 3697/3697
f 3746/3746 3698/3698 3697/3697
f 3746/3746 3747/3747 3698/3698
f 3747/3747 3699/3699 3698/3698
f 3747/3747 3748/3748 3699/3699
f 3748/3748 3700/3700 3699/3699
f 3748/3748 3749/3749 3700/3700
f 3749/3749 3701/3701 3700/3700
f 3749/3749 3750/3750 3701/3701
f 3750/3750 3702/3702 3701/3701
f 3750/3750 3751/3751 3702/3702
f 3751/3751 3703/3703 3702/3702
f 3751/3751 3752/3752 3703/3703
f 3752/3752 3704/3704 3703/3703
f 3752/3752 3753/3753 3704/3704
f 3753/3753 3705/3705 3704/3704
f 3753/3753 3754/3754 3705/3705
f 3754/3754 3706/3706 3705/3705
f 3754/3754 3755/3755 3706/3706
f 3755/3755 3707/3707 3706/3706
f 3755/3755 3756/3756 3707/3707
f 3756/3756 3708/3708 3707/3707
f 3756/3756 3757/3757 3708/3708
f 3757/3757 3709/3709 3708/3708
f 3757/3757 3758/3758 3709/3709
f 3758/3758 3710/3710 3709/3709
f 3758/3758 3759/3759 3710/3710
f 3759/3759 3711/3711 3710/3710
f 3759/3759 3760/3760 3711/3711
f 3760/3760 3712/3712 3711/3711
f 3760/3760 3761/3761 3712/3712
f 3761/3761 3713/3713 3712/3712
f 3761/3761 3762/3762 3713/3713
f 3762/3762 3714/3714 3713/3713
f 3762/3762 3763/3763 3714/3714
f 3763/3763 3715/3715 3714/3714
f 3763/3763 3764/3764 3715/3715
f 3764/3764 3716/3716 3715/3715
f 3764/3764 3765/3765 3716/3716
f 3765/3765 3717/3717 3716/3716
f 3765/3765 3766/3766 3717/3717
f 3766/3766 3718/3718 3717/3717
f 3766/3766 3767/3767 3718/3718
f 3767/3767 3719/3719 3718/3718
f 3767/3767 3768/3768 3719/3719
f 3768/3768 3720/3720 3719/3719
f 3768/3768 3769/3769 3720/3720
f 3769/3769 3721/3721 3720/3720
f 3769/3769 3770/3770 3721/3721
f 3770/3770 3722/3722 3721/3721
f 3770/3770 3771/3771 3722/3722
f 3771/3771 3723/3723 3722/3722
f 3771/3771 3772/3772 3723/3723
f 3772/3772 3724/3724 3723/3723
f 3772/3772 3773/3773 3724/3724
f 3774/3774 3726/3726 3725/3725
f 3774/3774 3775/3775 3726/3726
f 3775/3775 3727/3727 3726/3726
f 3775/3775 3776/3776 3727/3727
f 3776/3776 3728/3728 3727/3727
f 3776/3776 3777/3777 3728/3728
f 3777/3777 3729/3729 3728/3728
f 3777/3777 3778/3778 3729/3729
f 3778/3778 3730/3730 3729/3729
f 3778/3778 3779/3779 3730/3730
f 3779/3779 3731/3731 3730/3730
f 3779/3779 3780/3780 3731/3731
f 3780/3780 3732/3732 3731/3731
f 3780/3780 3781/3781 3732/3732
f 3781/3781 3733/3733 3732/3732
f 3781/3781 3782/3782 3733/3733
f 3782/3782 3734/3734 3733/3733
f 3782/3782 3783/3783 3734/3734
f 3783/3783 3735/3735 3734/3734
f 3783/3783 3784/3784 3735/3735
f 3784/3784 3736/3736 3735/3735
f 3784/3784 3785/3785 3736/3736
f 3785/3785 3737/3737 3736/3736
f 3785/3785 3786/3786 3737/3737
f 3786/3786 3738/3738 3737/3737
f 3786/3786 3787/3787 3738/3738
f 3787/3787 3739/3739 3738/3738
f 3787/3787 3788/3788 3739/3739
f 3788/3788 3740/3740 3739/3739
f 3788/3788 3789/3789 3740/3740
f 3789/3789 3741/3741 3740/3740
f 3789/3789 3790/3790 3741/3741
f 3790/3790 3742/3742 3741/3741
f 3790/3790 3791/3791 3742/3742
f 3791/3791 3743/3743 3742/3742
f 3791/3791 3792/3792 3743/3743
f 3792/3792 3744/3744 3743/3743
f 3792/3792 3793/3793 3744/3744
f 3793/3793 3745/3745 3744/3744
f 3793/3793 3794/3794 3745/3745
f 3794/3794 3746/3746 3745/3745
f 3794/3794 3795/3795 3746/3746
f 3795/3795 3747/3747 3746/3746
f 3795/3795 3796/3796 3747/3747
f 3796/3796 3748/3748 3747/3747
f 3796/3796 3797/3797 3748/3748
f 3797/3797 3749/3749 3748/3748
f 3797/3797 3798/3798 3749/3749
f 3798/3798 3750/3750 3749/3749
f 3798/3798 3799/3799 3750/3750
f 3799/3799 3751/3751 3750/3750
f 3799/3799 3800/3800 3751/3751
f 3800/3800 3752/3752 3751/3751
f 3800/3800 3801/3801 3752/3752
f 3801/3801 3753/3753 3752/3752
f 3801/3801 3802/3802 3753/3753
f 3802/3802 3754/3754 3753/3753
f 3802/3802 3803/3803 3754/3754
f 3803/3803 3755/3755 3754/3754
f 3803/3803 3804/3804 3755/3755
f 3804/3804 3756/3756 3755/3755
f 3804/3804 3805/3805 3756/3756
f 3805/3805 3757/3757 3756/3756
f 3805/3805 3806/3806 3757/3757
f 3806/3806 3758/3758 3757/3757
f 3806/3806 3807/3807 3758/3758
f 3807/3807 3759/3759 3758/3758
f 3807/3807 3808/3808 3759/3759
f 3808/3808 3760/3760 3759/3759
f 3808/3808 3809/3809 3760/3760
f 3809/3809 3761/3761 3760/3760
f 3809/3809 3810/3810 3761/3761
f 3810/3810 3762/3762 3761/3761
f 3810/3810 3811/3811 3762/3762
f 3811/3811 3763/3763 3762/3762
f 3811/3811 3812/3812 3763/3763
f 3812/3812 3764/3764 3763/3763
f 3812/3812 3813/3813 3764/3764
f 3813/3813 3765/3765 3764/3764
f 3813/3813 3814/3814 3765/3765
f 3814/3814 3766/3766 3765/3765
f 3814/3814 3815/3815 3766/3766
f 3815/3815 3767/3767 3766/3766
f 3815/3815 3816/3816 3767/3767
f 3816/3816 3768/3768 3767/3767
f 3816/3816 3817/3817 3768/3768
f 3817/3817 3769/3769 3768/3768
f 3817/3817 3818/3818 3769/3769
f 3818/3818 3770/3770 3769/3769
f 3818/3818 3819/3819 3770/3770
f 3819/3819 3771/3771 3770/3770
f 3819/3819 3820/3820 3771/3771
f 3820/3820 3772/3772 3771/3771
f 3820/3820 3821/3821 3772/3772
f 3821/3821 3773/3773 3772/3772
f 3821/3821 3822/3822 3773/3773
f 3823/3823 3775/3775 3774/3774
f 3823/3823 3824/3824 3775/3775
f 3824/3824 3776/3776 3775/3775
f 3824/3824 3825/3825 3776/3776
f 3825/3825 3777/3777 3776/3776
f 3825/3825 3826/3826 3777/3777
f 3826/3826 3778/3778 3777/3777
f 3826/3826 3827/3827 3778/3778
f 3827/3827 3779/3779 3778/3778
f 3827/3827 3828/3828 3779/3779
f 3828/3828 3780/3780 3779/3779
f 3828/3828 3829/3829 3780/3780
f 3829/3829 3781/3781 3780/3780
f 3829/3829 3830/3830 3781/3781
f 3830/3830 3782/3782 3781/3781
f 3830/3830 3831/3831 3782/3782
f 3831/3831 3783/3783 3782/3782
f 3831/3831 3832/3832 3783/3783
f 3832/3832 3784/3784 3783/3783
f 3832/3832 3833/3833 3784/3784
f 3833/3833 3785/3785 3784/3784
f 3833/3833 3834/3834 3785/3785
f 3834/3834 3786/3786 3785/3785
f 3834/3834 3835/3835 3786/3786
f 3835/3835 3787/3787 3786/3786
f 3835/3835 3836/3836 3787/3787
f 3836/3836 3788/3788 3787/3787
f 3836/3836 3837/3837 3788/3788
f 3837/3837 3789/3789 3788/3788
f 3837/3837 3838/3838 3789/3789
f 3838/3838 3790/3790 3789/3789
f 3838/3838 3839/3839 3790/3790
f 3839/3839 3791/3791 3790/3790
f 3839/3839 3840/3840 3791/3791
f 3840/3840 3792/3792 3791/3791
f 3840/3840 3841/3841 3792/3792
f 3841/3841 3793/3793 3792/3792
f 3841/3841 3842/3842 3793/3793
f 3842/3842 3794/3794 3793/3793
f 3842/3842 3843/3843 3794/3794
f 3843/3843 3795/3795 3794/3794
f 3843/3843 3844/3844 3795/3795
f 3844/3844 3796/3796 3795/3795
f 3844/3844 3845/3845 3796/3796
f 3845/3845 3797/3797 3796/3796
f 3845/3845 3846/3846 3797/3797
f 3846/3846 3798/3798 3797/3797
f 3846/3846 3847/3847 3798/3798
f 3847/3847 3799/3799 3798/3798
f 3847/3847 3848/3848 3799/3799
f 3848/3848 3800/3800 3799/3799
f 3848/3848 3849/3849 3800/3800
f 3849/3849 3801/3801 3800/3800
f 3849/3849 3850/3850 3801/3801
f 3850/3850 3802/3802 3801/3801
f 3850/3850 3851/3851 3802/3802
f 3851/3851 3803/3803 3802/3802
f 3851/3851 3852/3852 3803/3803
f 3852/3852 3804/3804 3803/3803
f 3852/3852 3853/3853 3804/3804
f 3853/3853 3805/3805 3804/3804
f 3853/3853 3854/3854 3805/3805
f 3854/3854 3806/3806 3805/3805
f 3854/3854 3855/3855 3806/3806
f 3855/3855 3807/3807 3806/3806
f 3855/3855 3856/3856 3807/3807
f 3856/3856 3808/3808 3807/3807
f 3856/3856 3857/3857 3808/3808
f 3857/3857 3809/3809 3808/3808
f 3857/3857 3858/3858 3809/3809
f 3858/3858 3810/3810 3809/3809
f 3858/3858 3859/3859 3810/3810
f 3859/3859 3811/3811 3810/3810
f 3859/3859 3860/3860 3811/3811
f 3860/3860 3812/3812 3811/3811
f 3860/3860 3861/3861 3812/3812
f 3861/3861 3813/3813 3812/3812
f 3861/3861 3862/3862 3813/3813
f 3862/3862 3814/3814 3813/3813
f 3862/3862 3863/3863 3814/3814
f 3863/3863 3815/3815 3814/3814
f 3863/3863 3864/3864 3815/3815
f 3864/3864 3816/3816 3815/3815
f 3864/3864 3865/3865 3816/3816
f 3865/3865 3817/3817 3816/3816
f 3865/3865 3866/3866 3817/3817
f 3866/3866 3818/3818 3817/3817
f 3866/3866 3867/3867 3818/3818
f 3867/3867 3819/3819 3818/3818
f 3867/3867 3868/3868 3819/3819
f 3868/3868 3820/3820 3819/3819
f 3868/3868 3869/3869 3820/3820
f 3869/3869 3821/3821 3820/3820
f 3869/3869 3870/3870 3821/3821
f 3870/3870 3822/3822 3821/3821
f 3870/3870 3871/3871 3822/3822
f 3872/3872 3824/3824 3823/3823
f 3872/3872 3873/3873 3824/3824
f 3873/3873 3825/3825 3824/3824
f 3873/3873 3874/3874 3825/3825
f 3874/3874 3826/3826 3825/3825
f 3874/3874 3875/3875 3826/3826
f 3875/3875 3827/3827 3826/3826
f 3875/3875 3876/3876 3827/3827
f 3876/3876 3828/3828 3827/3827
f 3876/3876 3877/3877 3828/3828
f 3877/3877 3829/3829 3828/3828
f 3877/3877 3878/3878 3829/3829
f 3878/3878 3830/3830 3829/3829
f 3878/3878 3879/3879 3830/3830
f 3879/3879 3831/3831 3830/3830
f 3879/3879 3880/3880 3831/3831
f 3880/3880 3832/3832 3831/3831
f 3880/3880 3881/3881 3832/3832
f 3881/3881 3833/3833 3832/3832
f 3881/3881 3882/3882 3833/3833
f 3882/3882 3834/3834 3833/3833
f 3882/3882 3883/3883 3834/3834
f 3883/3883 3835/3835 3834/3834
f 3883/3883 3884/3884 3835/3835
f 3884/3884 3836/3836 3835/3835
f 3884/3884 3885/3885 3836/3836
f 3885/3885 3837/3837 3836/3836
f 3885/3885 3886/3886 3837/3837
f 3886/3886 3838/3838 3837/3837
f 3886/3886 3887/3887 3838/3838
f 3887/3887 3839/3839 3838/3838
f 3887/3887 3888/3888 3839/3839
f 3888/3888 3840/3840 3839/3839
f 3888/3888 3889/3889 3840/3840
f 3889/3889 3841/3841 3840/3840
f 3889/3889 3890/3890 3841/3841
f 3890/3890 3842/3842 3841/3841
f 3890/3890 3891/3891 3842/3842
f 3891/3891 3843/3843 3842/3842
f 3891/3891 3892/3892 3843/3843
f 3892/3892 3844/3844 3843/3843
f 3892/3892 3893/3893 3844/3844
f 3893/3893 3845/3845 3844/3844
f 3893/3893 3894/3894 3845/3845
f 3894/3894 3846/3846 3845/3845
f 3894/3894 3895/3895 3846/3846
f 3895/3895 3847/3847 3846/3846
f 3895/3895 3896/3896 3847/3847
f 3896/3896 3848/3848 3847/3847
f 3896/3896 3897/3897 3848/3848
f 3897/3897 3849/3849 3848/3848
f 3897/3897 3898/3898 3849/3849
f 3898/3898 3850/3850 3849/3849
f 3898/3898 3899/3899 3850/3850
f 3899/3899 3851/3851 3850/3850
f 3899/3899 3900/3900 3851/3851
f 3900/3900 3852/3852 3851/3851
f 3900/3900 3901/3901 3852/3852
f 3901/3901 3853/3853 3852/3852
f 3901/3901 3902/3902 3853/3853
f 3902/3902 3854/3854 3853/3853
f 3902/3902 3903/3903 3854/3854
f 3903/3903 3855/3855 3854/3854
f 3903/3903 3904/3904 3855/3855
f 3904/3904 3856/3856 3855/3855
f 3904/3904 3905/3905 3856/3856
f 3905/3905 3857/3857 3856/3856
f 3905/3905 3906/3906 3857/3857
f 3906/3906 3858/3858 3857/3857
f 3906/3906 3907/3907 3858/3858
f 3907/3907 3859/3859 3858/3858
f 3907/3907 3908/3908 3859/3859
f 3908/3908 3860/3860 3859/3859
f 3908/3908 3909/3909 3860/3860
f 3909/3909 3861/3861 3860/3860
f 3909/3909 3910/3910 3861/3861
f 3910/3910 3862/3862 3861/3861
f 3910/3910 3911/3911 3862/3862
f 3911/3911 3863/3863 3862/3862
f 3911/3911 3912/3912 3863/3863
f 3912/3912 3864/3864 3863/3863
f 3912/3912 3913/3913 3864/3864
f 3913/3913 3865/3865 3864/3864
f 3913/3913 3914/3914 3865/3865
f 3914/3914 3866/3866 3865/3865
f 3914/3914 3915/3915 3866/3866
f 3915/3915 3867/3867 3866/3866
f 3915/3915 3916/3916 3867/3867
f 3916/3916 3868/3868 3867/3867
f 3916/3916 3917/3917 3868/3868
f 3917/3917 3869/3869 3868/3868
f 3917/3917 3918/3918 3869/3869
f 3918/3918 3870/3870 3869/3869
f 3918/3918 3919/3919 3870/3870
f 3919/3919 3871/3871 3870/3870
f 3919/3919 3920/3920 3871/3871
f 3921/3921 3873/3873 3872/3872
f 3921/3921 3922/3922 3873/3873
f 3922/3922 3874/3874 3873/3873
f 3922/3922 3923/3923 3874/3874
f 3923/3923 3875/3875 3874/3874
f 3923/3923 3924/3924 3875/3875
f 3924/3924 3876/3876 3875/3875
f 3924/3924 3925/3925 3876/3876
f 3925/3925 3877/3877 3876/3876
f 3925/3925 3926/3926 3877/3877
f 3926/3926 3878/3878 3877/3877
f 3926/3926 3927/3927 3878/3878
f 3927/3927 3879/3879 3878/3878
f 3927/3927 3928/3928 3879/3879
f 3928/3928 3880/3880 3879/3879
f 3928/3928 3929/3929 3880/3880
f 3929/3929 3881/3881 3880/3880
f 3929/3929 3930/3930 3881/3881
f 3930/3930 3882/3882 3881/3881
f 3930/3930 3931/3931 3882/3882
f 3931/3931 3883/3883 3882/3882
f 3931/3931 3932/3932 3883/3883
f 3932/3932 3884/3884 3883/3883
f 3932/3932 3933/3933 3884/3884
f 3933/3933 3885/3885 3884/3884
f 3933/3933 3934/3934 3885/3885
f 3934/3934 3886/3886 3885/3885
f 3934/3934 3935/3935 3886/3886
f 3935/3935 3887/3887 3886/3886
f 3935/3935 3936/3936 3887/3887
f 3936/3936 3888/3888 3887/3887
f 3936/3936 3937/3937 3888/3888
f 3937/3937 3889/3889 3888/3888
f 3937/3937 3938/3938 3889/3889
f 3938/3938 3890/3890 3889/3889
f 3938/3938 3939/3939 3890/3890
f 3939/3939 3891/3891 3890/3890
f 3939/3939 3940/3940 3891/3891
f 3940/3940 3892/3892 3891/3891
f 3940/3940 3941/3941 3892/3892
f 3941/3941 3893/3893 3892/3892
f 3941/3941 3942/3942 3893/3893
f 3942/3942 3894/3894 3893/3893
f 3942/3942 3943/3943 3894/3894
f 3943/3943 3895/3895 3894/3894
f 3943/3943 3944/3944 3895/3895
f 3944/3944 3896/3896 3895/3895
f 3944/3944 3945/3945 3896/3896
f 3945/3945 3897/3897 3896/3896
f 3945/3945 3946/3946 3897/3897
f 3946/3946 3898/3898 3897/3897
f 3946/3946 3947/3947 3898/3898
f 3947/3947 3899/3899 3898/3898
f 3947/3947 3948/3948 3899/3899
f 3948/3948 3900/3900 3899/3899
f 3948/3948 3949/3949 3900/3900
f 3949/3949 3901/3901 3900/3900
f 3949/3949 3950/3950 3901/3901
f 3950/3950 3902/3902 3901/3901
f 3950/3950 3951/3951 3902/3902
f 3951/3951 3903/3903 3902/3902
f 3951/3951 3952/3952 3903/3903
f 3952/3952 3904/3904 3903/3903
f 3952/3952 3953/3953 3904/3904
f 3953/3953 3905/3905 3904/3904
f 3953/3953 3954/3954 3905/3905
f 3954/3954 3906/3906 3905/3905
f 3954/3954 3955/3955 3906/3906
f 3955/3955 3907/3907 3906/3906
f 3955/3955 3956/3956 3907/3907
f 3956/3956 3908/3908 3907/3907
f 3956/3956 3957/3957 3908/3908
f 3957/3957 3909/3909 3908/3908
f 3957/3957 3958/3958 3909/3909
f 3958/3958 3910/3910 3909/3909
f 3958/3958 3959/3959 3910/3910
f 3959/3959 3911/3911 3910/3910
f 3959/3959 3960/3960 3911/3911
f 3960/3960 3912/3912 3911/3911
f 3960/3960 3961/3961 3912/3912
f 3961/3961 3913/3913 3912/3912
f 3961/3961 3962/3962 3913/3913
f 3962/3962 3914/3914 3913/3913
f 3962/3962 3963/3963 3914/3914
f 3963/3963 3915/3915 3914/3914
f 3963/3963 3964/3964 3915/3915
f 3964/3964 3916/3916 3915/3915
f 3964/3964 3965/3965 3916/3916
f 3965/3965 3917/3917 3916/3916
f 3965/3965 3966/3966 3917/3917
f 3966/3966 3918/3918 3917/3917
f 3966/3966 3967/3967 3918/3918
f 3967/3967 3919/3919 3918/3918
f 3967/3967 3968/3968 3919/3919
f 3968/3968 3920/3920 3919/3919
f 3968/3968 3969/3969 3920/3920
f 3970/3970 3922/3922 3921/3921
f 3970/3970 3971/3971 3922/3922
f 3971/3971 3923/3923 3922/3922
f 3971/3971 3972/3972 3923/3923
f 3972/3972 3924/3924 3923/3923
f 3972/3972 3973/3973 3924/3924
f 3973/3973 3925/3925 3924/3924
f 3973/3973 3974/3974 3925/3925
f 3974/3974 3926/3926 3925/3925
f 3974/3974 3975/3975 3926/3926
f 3975/3975 3927/3927 3926/3926
f 3975/3975 3976/3976 3927/3927
f 3976/3976 3928/3928 3927/3927
f 3976/3976 3977/3977 3928/3928
f 3977/3977 3929/3929 3928/3928
f 3977/3977 3978/3978 3929/3929
f 3978/3978 3930/3930 3929/3929
f 3978/3978 3979/3979 3930/3930
f 3979/3979 3931/3931 3930/3930
f 3979/3979 3980/3980 3931/3931
f 3980/3980 3932/3932 3931/3931
f 3980/3980 3981/3981 3932/3932
f 3981/3981 3933/3933 3932/3932
f 3981/3981 3982/3982 3933/3933
f 3982/3982 3934/3934 3933/3933
f 3982/3982 3983/3983 3934/3934
f 3983/3983 3935/3935 3934/3934
f 3983/3983 3984/3984 3935/3935
f 3984/3984 3936/3936 3935/3935
f 3984/3984 3985/3985 3936/3936
f 3985/3985 3937/3937 3936/3936
f 3985/3985 3986/3986 3937/3937
f 3986/3986 3938/3938 3937/3937
f 3986/3986 3987/3987 3938/3938
f 3987/3987 3939/3939 3938/3938
f 3987/3987 3988/3988 3939/3939
f 3988/3988 3940/3940 3939/3939
f 3988/3988 3989/3989 3940/3940
f 3989/3989 3941/3941 3940/3940
f 3989/3989 3990/3990 3941/3941
f 3990/3990 3942/3942 3941/3941
f 3990/3990 3991/3991 3942/3942
f 3991/3991 3943/3943 3942/3942
f 3991/3991 3992/3992 3943/3943
f 3992/3992 3944/3944 3943/3943
f 3992/3992 3993/3993 3944/3944
f 3993/3993 3945/3945 3944/3944
f 3993/3993 3994/3994 3945/3945
f 3994/3994 3946/3946 3945/3945
f 3994/3994 3995/3995 3946/3946
f 3995/3995 3947/3947 3946/3946
f 3995/3995 3996/3996 3947/3947
f 3996/3996 3948/3948 3947/3947
f 3996/3996 3997/3997 3948/3948
f 3997/3997 3949/3949 3948/3948
f 3997/3997 3998/3998 3949/3949
f 3998/3998 3950/3950 3949/3949
f 3998/3998 3999/3999 3950/3950
f 3999/3999 3951/3951 3950/3950
f 3999/3999 4000/4000 3951/3951
f 4000/4000 3952/3952 3951/3951
f 4000/4000 4001/4001 3952/3952
f 4001/4001 3953/3953 3952/3952
f 4001/4001 4002/4002 3953/3953
f 4002/4002 3954/3954 3953/3953
f 4002/4002 4003/4003 3954/3954
f 4003/4003 3955/3955 3954/3954
f 4003/4003 4004/4004 3955/3955
f 4004/4004 3956/3956 3955/3955
f 4004/4004 4005/4005 3956/3956
f 4005/4005 3957/3957 3956/3956
f 4005/4005 4006/4006 3957/3957
f 4006/4006 3958/3958 3957/3957
f 4006/4006 4007/4007 3958/3958
f 4007/4007 3959/3959 3958/3958
f 4007/4007 4008/4008 3959/3959
f 4008/4008 3960/3960 3959/3959
f 4008/4008 4009/4009 3960/3960
f 4009/4009 3961/3961 3960/3960
f 4009/4009 4010/4010 3961/3961
f 4010/4010 3962/3962 3961/3961
f 4010/4010 4011/4011 3962/3962
f 4011/4011 3963/3963 3962/3962
f 4011/4011 4012/4012 3963/3963
f 4012/4012 3964/3964 3963/3963
f 4012/4012 4013/4013 3964/3964
f 4013/4013 3965/3965 3964/3964
f 4013/4013 4014/4014 3965/3965
f 4014/4014 3966/3966 3965/3965
f 4014/4014 4015/4015 3966/3966
f 4015/4015 3967/3967 3966/3966
f 4015/4015 4016/4016 3967/3967
f 4016/4016 3968/3968 3967/3967
f 4016/4016 4017/4017 3968/3968
f 4017/4017 3969/3969 3968/3968
f 4017/4017 4018/4018 3969/3969
f 4019/4019 3971/3971 3970/3970
f 4019/4019 4020/4020 3971/3971
f 4020/4020 3972/3972 3971/3971
f 4020/4020 4021/4021 3972/3972
f 4021/4021 3973/3973 3972/3972
f 4021/4021 4022/4022 3973/3973
f 4022/4022 3974/3974 3973/3973
f 4022/4022 4023/4023 3974/3974
f 4023/4023 3975/3975 3974/3974
f 4023/4023 4024/4024 3975/3975
f 4024/4024 3976/3976 3975/3975
f 4024/4024 4025/4025 3976/3976
f 4025/4025 3977/3977 3976/3976
f 4025/4025 4026/4026 3977/3977
f 4026/4026 3978/3978 3977/3977
f 4026/4026 4027/4027 3978/3978
f 4027/4027 3979/3979 3978/3978
f 4027/4027 4028/4028 3979/3979
f 4028/4028 3980/3980 3979/3979
f 4028/4028 4029/4029 3980/3980
f 4029/4029 3981/3981 3980/3980
f 4029/4029 4030/4030 3981/3981
f 4030/4030 3982/3982 3981/3981
f 4030/4030 4031/4031 3982/3982
f 4031/4031 3983/3983 3982/3982
f 4031/4031 4032/4032 3983/3983
f 4032/4032 3984/3984 3983/3983
f 4032/4032 4033/4033 3984/3984
f 4033/4033 3985/3985 3984/3984
f 4033/4033 4034/4034 3985/3985
f 4034/4034 3986/3986 3985/3985
f 4034/4034 4035/4035 3986/3986
f 4035/4035 3987/3987 3986/3986
f 4035/4035 4036/4036 3987/3987
f 4036/4036 3988/3988 3987/3987
f 4036/4036 4037/4037 3988/3988
f 4037/4037 3989/3989 3988/3988
f 4037/4037 4038/4038 3989/3989
f 4038/4038 3990/3990 3989/3989
f 4038/4038 4039/4039 3990/3990
f 4039/4039 3991/3991 3990/3990
f 4039/4039 4040/4040 3991/3991
f 4040/4040 3992/3992 3991/3991
f 4040/4040 4041/4041 3992/3992
f 4041/4041 3993/3993 3992/3992
f 4041/4041 4042/4042 3993/3993
f 4042/4042 3994/3994 3993/3993
f 4042/4042 4043/4043 3994/3994
f 4043/4043 3995/3995 3994/3994
f 4043/4043 4044/4044 3995/3995
f 4044/4044 3996/3996 3995/3995
f 4044/4044 4045/4045 3996/3996
f 4045/4045 3997/3997 3996/3996
f 4045/4045 4046/4046 3997/3997
f 4046/4046 3998/3998 3997/3997
f 4046/4046 4047/4047 3998/3998
f 4047/4047 3999/3999 3998/3998
f 4047/4047 4048/4048 3999/3999
f 4048/4048 4000/4000 3999/3999
f 4048/4048 4049/4049 4000/4000
f 4049/4049 4001/4001 4000/4000
f 4049/4049 4050/4050 4001/4001
f 4050/4050 4002/4002 4001/4001
f 4050/4050 4051/4051 4002/4002
f 4051/4051 4003/4003 4002/4002
f 4051/4051 4052/4052 4003/4003
f 4052/4052 4004/4004 4003/4003
f 4052/4052 4053/4053 4004/4004
f 4053/4053 4005/4005 4004/4004
f 4053/4053 4054/4054 4005/4005
f 4054/4054 4006/4006 4005/4005
f 4054/4054 4055/4055 4006/4006
f 4055/4055 4007/4007 4006/4006
f 4055/4055 4056/4056 4007/4007
f 4056/4056 4008/4008 4007/4007
f 4056/4056 4057/4057 4008/4008
f 4057/4057 4009/4009 4008/4008
f 4057/4057 4058/4058 4009/4009
f 4058/4058 4010/4010 4009/4009
f 4058/4058 4059/4059 4010/4010
f 4059/4059 4011/4011 4010/4010
f 4059/4059 4060/4060 4011/4011
f 4060/4060 4012/4012 4011/4011
f 4060/4060 4061/4061 4012/4012
f 4061/4061 4013/4013 4012/4012
f 4061/4061 4062/4062 4013/4013
f 4062/4062 4014/4014 4013/4013
f 4062/4062 4063/4063 4014/4014
f 4063/4063 4015/4015 4014/4014
f 4063/4063 4064/4064 4015/4015
f 4064/4064 4016/4016 4015/4015
f 4064/4064 4065/4065 4016/4016
f 4065/4065 4017/4017 4016/4016
f 4065/4065 4066/4066 4017/4017
f 4066/4066 4018/4018 4017/4017
f 4066/4066 4067/4067 4018/4018
f 4068/4068 4020/4020 4019/4019
f 4068/4068 4069/4069 4020/4020
f 4069/4069 4021/4021 4020/4020
f 4069/4069 4070/4070 4021/4021
f 4070/4070 4022/4022 4021/4021
f 4070/4070 4071/4071 4022/4022
f 4071/4071 4023/4023 4022/4022
f 4071/4071 4072/4072 4023/4023
f 4072/4072 4024/4024 4023/4023
f 4072/4072 4073/4073 4024/4024
f 4073/4073 4025/4025 4024/4024
f 4073/4073 4074/4074 4025/4025
f 4074/4074 4026/4026 4025/4025
f 4074/4074 4075/4075 4026/4026
f 4075/4075 4027/4027 4026/4026
f 4075/4075 4076/4076 4027/4027
f 4076/4076 4028/4028 4027/4027
f 4076/4076 4077/4077 4028/4028
f 4077/4077 4029/4029 4028/4028
f 4077/4077 4078/4078 4029/4029
f 4078/4078 4030/4030 4029/4029
f 4078/4078 4079/4079 4030/4030
f 4079/4079 4031/4031 4030/4030
f 4079/4079 4080/4080 4031/4031
f 4080/4080 4032/4032 4031/4031
f 4080/4080 4081/4081 4032/4032
f 4081/4081 4033/4033 4032/4032
f 4081/4081 4082/4082 4033/4033
f 4082/4082 4034/4034 4033/4033
f 4082/4082 4083/4083 4034/4034
f 4083/4083 4035/4035 4034/4034
f 4083/4083 4084/4084 4035/4035
f 4084/4084 4036/4036 4035/4035
f 4084/4084 4085/4085 4036/4036
f 4085/4085 4037/4037 4036/4036
f 4085/4085 4086/4086 4037/4037
f 4086/4086 4038/4038 4037/4037
f 4086/4086 4087/4087 4038/4038
f 4087/4087 4039/4039 4038/4038
f 4087/4087 4088/4088 4039/4039
f 4088/4088 4040/4040 4039/4039
f 4088/4088 4089/4089 4040/4040
f 4089/4089 4041/4041 4040/4040
f 4089/4089 4090/4090 4041/4041
f 4090/4090 4042/4042 4041/4041
f 4090/4090 4091/4091 4042/4042
f 4091/4091 4043/4043 4042/4042
f 4091/4091 4092/4092 4043/4043
f 4092/4092 4044/4044 4043/4043
f 4092/4092 4093/4093 4044/4044
f 4093/4093 4045/4045 4044/4044
f 4093/4093 4094/4094 4045/4045
f 4094/4094 4046/4046 4045/4045
f 4094/4094 4095/4095 4046/4046
f 4095/4095 4047/4047 4046/4046
f 4095/4095 4096/4096 4047/4047
f 4096/4096 4048/4048 4047/4047
f 4096/4096 4097/4097 4048/4048
f 4097/4097 4049/4049 4048/4048
f 4097/4097 4098/4098 4049/4049
f 4098/4098 4050/4050 4049/4049
f 4098/4098 4099/4099 4050/4050
f 4099/4099 4051/4051 4050/4050
f 4099/4099 4100/4100 4051/4051
f 4100/4100 4052/4052 4051/4051
f 4100/4100 4101/4101 4052/4052
f 4101/4101 4053/4053 4052/4052
f 4101/4101 4102/4102 4053/4053
f 4102/4102 4054/4054 4053/4053
f 4102/4102 4103/4103 4054/4054
f 4103/4103 4055/4055 4054/4054
f 4103/4103 4104/4104 4055/4055
f 4104/4104 4056/4056 4055/4055
f 4104/4104 4105/4105 4056/4056
f 4105/4105 4057/4057 4056/4056
f 4105/4105 4106/4106 4057/4057
f 4106/4106 4058/4058 4057/4057
f 4106/4106 4107/4107 4058/4058
f 4107/4107 4059/4059 4058/4058
f 4107/4107 4108/4108 4059/4059
f 4108/4108 4060/4060 4059/4059
f 4108/4108 4109/4109 4060/4060
f 4109/4109 4061/4061 4060/4060
f 4109/4109 4110/4110 4061/4061
f 4110/4110 4062/4062 4061/4061
f 4110/4110 4111/4111 4062/4062
f 4111/4111 4063/4063 4062/4062
f 4111/4111 4112/4112 4063/4063
f 4112/4112 4064/4064 4063/4063
f 4112/4112 4113/4113 4064/4064
f 4113/4113 4065/4065 4064/4064
f 4113/4113 4114/4114 4065/4065
f 4114/4114 4066/4066 4065/4065
f 4114/4114 4115/4115 4066/4066
f 4115/4115 4067/4067 4066/4066
f 4115/4115 4116/4116 4067/4067
f 4117/4117 4069/4069 4068/4068
f 4117/4117 4118/4118 4069/4069
f 4118/4118 4070/4070 4069/4069
f 4118/4118 4119/4119 4070/4070
f 4119/4119 4071/4071 4070/4070
f 4119/4119 4120/4120 4071/4071
f 4120/4120 4072/4072 4071/4071
f 4120/4120 4121/4121 4072/4072
f 4121/4121 4073/4073 4072/4072
f 4121/4121 4122/4122 4073/4073
f 4122/4122 4074/4074 4073/4073
f 4122/4122 4123/4123 4074/4074
f 4123/4123 4075/4075 4074/4074
f 4123/4123 4124/4124 4075/4075
f 4124/4124 4076/4076 4075/4075
f 4124/4124 4125/4125 4076/4076
f 4125/4125 4077/4077 4076/4076
f 4125/4125 4126/4126 4077/4077
f 4126/4126 4078/4078 4077/4077
f 4126/4126 4127/4127 4078/4078
f 4127/4127 4079/4079 4078/4078
f 4127/4127 4128/4128 4079/4079
f 4128/4128 4080/4080 4079/4079
f 4128/4128 4129/4129 4080/4080
f 4129/4129 4081/4081 4080/4080
f 4129/4129 4130/4130 4081/4081
f 4130/4130 4082/4082 4081/4081
f 4130/4130 4131/4131 4082/4082
f 4131/4131 4083/4083 4082/4082
f 4131/4131 4132/4132 4083/4083
f 4132/4132 4084/4084 4083/4083
f 4132/4132 4133/4133 4084/4084
f 4133/4133 4085/4085 4084/4084
f 4133/4133 4134/4134 4085/4085
f 4134/4134 4086/4086 4085/4085
f 4134/4134 4135/4135 4086/4086
f 4135/4135 4087/4087 4086/4086
f 4135/4135 4136/4136 4087/4087
f 4136/4136 4088/4088 4087/4087
f 4136/4136 4137/4137 4088/4088
f 4137/4137 4089/4089 4088/4088
f 4137/4137 4138/4138 4089/4089
f 4138/4138 4090/4090 4089/4089
f 4138/4138 4139/4139 4090/4090
f 4139/4139 4091/4091 4090/4090
f 4139/4139 4140/4140 4091/4091
f 4140/4140 4092/4092 4091/4091
f 4140/4140 4141/4141 4092/4092
f 4141/4141 4093/4093 4092/4092
f 4141/4141 4142/4142 4093/4093
f 4142/4142 4094/4094 4093/4093
f 4142/4142 4143/4143 4094/4094
f 4143/4143 4095/4095 4094/4094
f 4143/4143 4144/4144 4095/4095
f 4144/4144 4096/4096 4095/4095
f 4144/4144 4145/4145 4096/4096
f 4145/4145 4097/4097 4096/4096
f 4145/4145 4146/4146 4097/4097
f 4146/4146 4098/4098 4097/4097
f 4146/4146 4147/4147 4098/4098
f 4147/4147 4099/4099 4098/4098
f 4147/4147 4148/4148 4099/4099
f 4148/4148 4100/4100 4099/4099
f 4148/4148 4149/4149 4100/4100
f 4149/4149 4101/4101 4100/4100
f 4149/4149 4150/4150 4101/4101
f 4150/4150 4102/4102 4101/4101
f 4150/4150 4151/4151 4102/4102
f 4151/4151 4103/4103 4102/4102
f 4151/4151 4152/4152 4103/4103
f 4152/4152 4104/4104 4103/4103
f 4152/4152 4153/4153 4104/4104
f 4153/4153 4105/4105 4104/4104
f 4153/4153 4154/4154 4105/4105
f 4154/4154 4106/4106 4105/4105
f 4154/4154 4155/4155 4106/4106
f 4155/4155 4107/4107 4106/4106
f 4155/4155 4156/4156 4107/4107
f 4156/4156 4108/4108 4107/4107
f 4156/4156 4157/4157 4108/4108
f 4157/4157 4109/4109 4108/4108
f 4157/4157 4158/4158 4109/4109
f 4158/4158 4110/4110 4109/4109
f 4158/4158 4159/4159 4110/4110
f 4159/4159 4111/4111 4110/4110
f 4159/4159 4160/4160 4111/4111
f 4160/4160 4112/4112 4111/4111
f 4160/4160 4161/4161 4112/4112
f 4161/4161 4113/4113 4112/4112
f 4161/4161 4162/4162 4113/4113
f 4162/4162 4114/4114 4113/4113
f 4162/4162 4163/4163 4114/4114
f 4163/4163 4115/4115 4114/4114
f 4163/4163 4164/4164 4115/4115
f 4164/4164 4116/4116 4115/4115
f 4164/4164 4165/4165 4116/4116
f 4166/4166 4118/4118 4117/4117
f 4166/4166 4167/4167 4118/4118
f 4167/4167 4119/4119 4118/4118
f 4167/4167 4168/4168 4119/4119
f 4168/4168 4120/4120 4119/4119
f 4168/4168 4169/4169 4120/4120
f 4169/4169 4121/4121 4120/4120
f 4169/4169 4170/4170 4121/4121
f 4170/4170 4122/4122 4121/4121
f 4170/4170 4171/4171 4122/4122
f 4171/4171 4123/4123 4122/4122
f 4171/4171 4172/4172 4123/4123
f 4172/4172 4124/4124 4123/4123
f 4172/4172 4173/4173 4124/4124
f 4173/4173 4125/4125 4124/4124
f 4173/4173 4174/4174 4125/4125
f 4174/4174 4126/4126 4125/4125
f 4174/4174 4175/4175 4126/4126
f 4175/4175 4127/4127 4126/4126
f 4175/4175 4176/4176 4127/4127
f 4176/4176 4128/4128 4127/4127
f 4176/4176 4177/4177 4128/4128
f 4177/4177 4129/4129 4128/4128
f 4177/4177 4178/4178 4129/4129
f 4178/4178 4130/4130 4129/4129
f 4178/4178 4179/4179 4130/4130
f 4179/4179 4131/4131 4130/4130
f 4179/4179 4180/4180 4131/4131
f 4180/4180 4132/4132 4131/4131
f 4180/4180 4181/4181 4132/4132
f 4181/4181 4133/4133 4132/4132
f 4181/4181 4182/4182 4133/4133
f 4182/4182 4134/4134 4133/4133
f 4182/4182 4183/4183 4134/4134
f 4183/4183 4135/4135 4134/4134
f 4183/4183 4184/4184 4135/4135
f 4184/4184 4136/4136 4135/4135
f 4184/4184 4185/4185 4136/4136
f 4185/4185 4137/4137 4136/4136
f 4185/4185 4186/4186 4137/4137
f 4186/4186 4138/4138 4137/4137
f 4186/4186 4187/4187 4138/4138
f 4187/4187 4139/4139 4138/4138
f 4187/4187 4188/4188 4139/4139
f 4188/4188 4140/4140 4139/4139
f 4188/4188 4189/4189 4140/4140
f 4189/4189 4141/4141 4140/4140
f 4189/4189 4190/4190 4141/4141
f 4190/4190 4142/4142 4141/4141
f 4190/4190 4191/4191 4142/4142
f 4191/4191 4143/4143 4142/4142
f 4191/4191 4192/4192 4143/4143
f 4192/4192 4144/4144 4143/4143
f 4192/4192 4193/4193 4144/4144
f 4193/4193 4145/4145 4144/4144
f 4193/4193 4194/4194 4145/4145
f 4194/4194 4146/4146 4145/4145
f 4194/4194 4195/4195 4146/4146
f 4195/4195 4147/4147 4146/4146
f 4195/4195 4196/4196 4147/4147
f 4196/4196 4148/4148 4147/4147
f 4196/4196 4197/4197 4148/4148
f 4197/4197 4149/4149 4148/4148
f 4197/4197 4198/4198 4149/4149
f 4198/4198 4150/4150 4149/4149
f 4198/4198 4199/4199 4150/4150
f 4199/4199 4151/4151 4150/4150
f 4199/4199 4200/4200 4151/4151
f 4200/4200 4152/4152 4151/4151
f 4200/4200 4201/4201 4152/4152
f 4201/4201 4153/4153 4152/4152
f 4201/4201 4202/4202 4153/4153
f 4202/4202 4154/4154 4153/4153
f 4202/4202 4203/4203 4154/4154
f 4203/4203 4155/4155 4154/4154
f 4203/4203 4204/4204 4155/4155
f 4204/4204 4156/4156 4155/4155
f 4204/4204 4205/4205 4156/4156
f 4205/4205 4157/4157 4156/4156
f 4205/4205 4206/4206 4157/4157
f 4206/4206 4158/4158 4157/4157
f 4206/4206 4207/4207 4158/4158
f 4207/4207 4159/4159 4158/4158
f 4207/4207 4208/4208 4159/4159
f 4208/4208 4160/4160 4159/4159
f 4208/4208 4209/4209 4160/4160
f 4209/4209 4161/4161 4160/4160
f 4209/4209 4210/4210 4161/4161
f 4210/4210 4162/4162 4161/4161
f 4210/4210 4211/4211 4162/4162
f 4211/4211 4163/4163 4162/4162
f 4211/4211 4212/4212 4163/4163
f 4212/4212 4164/4164 4163/4163
f 4212/4212 4213/4213 4164/4164
f 4213/4213 4165/4165 4164/4164
f 4213/4213 4214/4214 4165/4165
f 4215/4215 4167/4167 4166/4166
f 4215/4215 4216/4216 4167/4167
f 4216/4216 4168/4168 4167/4167
f 4216/4216 4217/4217 4168/4168
f 4217/4217 4169/4169 4168/4168
f 4217/4217 4218/4218 4169/4169
f 4218/4218 4170/4170 4169/4169
f 4218/4218 4219/4219 4170/4170
f 4219/4219 4171/4171 4170/4170
f 4219/4219 4220/4220 4171/4171
f 4220/4220 4172/4172 4171/4171
f 4220/4220 4221/4221 4172/4172
f 4221/4221 4173/4173 4172/4172
f 4221/4221 4222/4222 4173/4173
f 4222/4222 4174/4174 4173/4173
f 4222/4222 4223/4223 4174/4174
f 4223/4223 4175/4175 4174/4174
f 4223/4223 4224/4224 4175/4175
f 4224/4224 4176/4176 4175/4175
f 4224/4224 4225/4225 4176/4176
f 4225/4225 4177/4177 4176/4176
f 4225/4225 4226/4226 4177/4177
f 4226/4226 4178/4178 4177/4177
f 4226/4226 4227/4227 4178/4178
f 4227/4227 4179/4179 4178/4178
f 4227/4227 4228/4228 4179/4179
f 4228/4228 4180/4180 4179/4179
f 4228/4228 4229/4229 4180/4180
f 4229/4229 4181/4181 4180/4180
f 4229/4229 4230/4230 4181/4181
f 4230/4230 4182/4182 4181/4181
f 4230/4230 4231/4231 4182/4182
f 4231/4231 4183/4183 4182/4182
f 4231/4231 4232/4232 4183/4183
f 4232/4232 4184/4184 4183/4183
f 4232/4232 4233/4233 4184/4184
f 4233/4233 4185/4185 4184/4184
f 4233/4233 4234/4234 4185/4185
f 4234/4234 4186/4186 4185/4185
f 4234/4234 4235/4235 4186/4186
f 4235/4235 4187/4187 4186/4186
f 4235/4235 4236/4236 4187/4187
f 4236/4236 4188/4188 4187/4187
f 4236/4236 4237/4237 4188/4188
f 4237/4237 4189/4189 4188/4188
f 4237/4237 4238/4238 4189/4189
f 4238/4238 4190/4190 4189/4189
f 4238/4238 4239/4239 4190/4190
f 4239/4239 4191/4191 4190/4190
f 4239/4239 4240/4240 4191/4191
f 4240/4240 4192/4192 4191/4191
f 4240/4240 4241/4241 4192/4192
f 4241/4241 4193/4193 4192/4192
f 4241/4241 4242/4242 4193/4193
f 4242/4242 4194/4194 4193/4193
f 4242/4242 4243/4243 4194/4194
f 4243/4243 4195/4195 4194/4194
f 4243/4243 4244/4244 4195/4195
f 4244/4244 4196/4196 4195/4195
f 4244/4244 4245/4245 4196/4196
f 4245/4245 4197/4197 4196/4196
f 4245/4245 4246/4246 4197/4197
f 4246/4246 4198/4198 4197/4197
f 4246/4246 4247/4247 4198/4198
f 4247/4247 4199/4199 4198/4198
f 4247/4247 4248/4248 4199/4199
f 4248/4248 4200/4200 4199/4199
f 4248/4248 4249/4249 4200/4200
f 4249/4249 4201/4201 4200/4200
f 4249/4249 4250/4250 4201/4201
f 4250/4250 4202/4202 4201/4201
f 4250/4250 4251/4251 4202/4202
f 4251/4251 4203/4203 4202/4202
f 4251/4251 4252/4252 4203/4203
f 4252/4252 4204/4204 4203/4203
f 4252/4252 4253/4253 4204/4204
f 4253/4253 4205/4205 4204/4204
f 4253/4253 4254/4254 4205/4205
f 4254/4254 4206/4206 4205/4205
f 4254/4254 4255/4255 4206/4206
f 4255/4255 4207/4207 4206/4206
f 4255/4255 4256/4256 4207/4207
f 4256/4256 4208/4208 4207/4207
f 4256/4256 4257/4257 4208/4208
f 4257/4257 4209/4209 4208/4208
f 4257/4257 4258/4258 4209/4209
f 4258/4258 4210/4210 4209/4209
f 4258/4258 4259/4259 4210/4210
f 4259/4259 4211/4211 4210/4210
f 4259/4259 4260/4260 4211/4211
f 4260/4260 4212/4212 4211/4211
f 4260/4260 4261/4261 4212/4212
f 4261/4261 4213/4213 4212/4212
f 4261/4261 4262/4262 4213/4213
f 4262/4262 4214/4214 4213/4213
f 4262/4262 4263/4263 4214/4214
f 4264/4264 4216/4216 4215/4215
f 4264/4264 4265/4265 4216/4216
f 4265/4265 4217/4217 4216/4216
f 4265/4265 4266/4266 4217/4217
f 4266/4266 4218/4218 4217/4217
f 4266/4266 4267/4267 4218/4218
f 4267/4267 4219/4219 4218/4218
f 4267/4267 4268/4268 4219/4219
f 4268/4268 4220/4220 4219/4219
f 4268/4268 4269/4269 4220/4220
f 4269/4269 4221/4221 4220/4220
f 4269/4269 4270/4270 4221/4221
f 4270/4270 4222/4222 4221/4221
f 4270/4270 4271/4271 4222/4222
f 4271/4271 4223/4223 4222/4222
f 4271/4271 4272/4272 4223/4223
f 4272/4272 4224/4224 4223/4223
f 4272/4272 4273/4273 4224/4224
f 4273/4273 4225/4225 4224/4224
f 4273/4273 4274/4274 4225/4225
f 4274/4274 4226/4226 4225/4225
f 4274/4274 4275/4275 4226/4226
f 4275/4275 4227/4227 4226/4226
f 4275/4275 4276/4276 4227/4227
f 4276/4276 4228/4228 4227/4227
f 4276/4276 4277/4277 4228/4228
f 4277/4277 4229/4229 4228/4228
f 4277/4277 4278/4278 4229/4229
f 4278/4278 4230/4230 4229/4229
f 4278/4278 4279/4279 4230/4230
f 4279/4279 4231/4231 4230/4230
f 4279/4279 4280/4280 4231/4231
f 4280/4280 4232/4232 4231/4231
f 4280/4280 4281/4281 4232/4232
f 4281/4281 4233/4233 4232/4232
f 4281/4281 4282/4282 4233/4233
f 4282/4282 4234/4234 4233/4233
f 4282/4282 4283/4283 4234/4234
f 4283/4283 4235/4235 4234/4234
f 4283/4283 4284/4284 4235/4235
f 4284/4284 4236/4236 4235/4235
f 4284/4284 4285/4285 4236/4236
f 4285/4285 4237/4237 4236/4236
f 4285/4285 4286/4286 4237/4237
f 4286/4286 4238/4238 4237/4237
f 4286/4286 4287/4287 4238/4238
f 4287/4287 4239/4239 4238/4238
f 4287/4287 4288/4288 4239/4239
f 4288/4288 4240/4240 4239/4239
f 4288/4288 4289/4289 4240/4240
f 4289/4289 4241/4241 4240/4240
f 4289/4289 4290/4290 4241/4241
f 4290/4290 4242/4242 4241/4241
f 4290/4290 4291/4291 4242/4242
f 4291/4291 4243/4243 4242/4242
f 4291/4291 4292/4292 4243/4243
f 4292/4292 4244/4244 4243/4243
f 4292/4292 4293/4293 4244/4244
f 4293/4293 4245/4245 4244/4244
f 4293/4293 4294/4294 4245/4245
f 4294/4294 4246/4246 4245/4245
f 4294/4294 4295/4295 4246/4246
f 4295/4295 4247/4247 4246/4246
f 4295/4295 4296/4296 4247/4247
f 4296/4296 4248/4248 4247/4247
f 4296/4296 4297/4297 4248/4248
f 4297/4297 4249/4249 4248/4248
f 4297/4297 4298/4298 4249/4249
f 4298/4298 4250/4250 4249/4249
f 4298/4298 4299/4299 4250/4250
f 4299/4299 4251/4251 4250/4250
f 4299/4299 4300/4300 4251/4251
f 4300/4300 4252/4252 4251/4251
f 4300/4300 4301/4301 4252/4252
f 4301/4301 4253/4253 4252/4252
f 4301/4301 4302/4302 4253/4253
f 4302/4302 4254/4254 4253/4253
f 4302/4302 4303/4303 4254/4254
f 4303/4303 4255/4255 4254/4254
f 4303/4303 4304/4304 4255/4255
f 4304/4304 4256/4256 4255/4255
f 4304/4304 4305/4305 4256/4256
f 4305/4305 4257/4257 4256/4256
f 4305/4305 4306/4306 4257/4257
f 4306/4306 4258/4258 4257/4257
f 4306/4306 4307/4307 4258/4258
f 4307/4307 4259/4259 4258/4258
f 4307/4307 4308/4308 4259/4259
f 4308/4308 4260/4260 4259/4259
f 4308/4308 4309/4309 4260/4260
f 4309/4309 4261/4261 4260/4260
f 4309/4309 4310/4310 4261/4261
f 4310/4310 4262/4262 4261/4261
f 4310/4310 4311/4311 4262/4262
f 4311/4311 4263/4263 4262/4262
f 4311/4311 4312/4312 4263/4263
f 4313/4313 4265/4265 4264/4264
f 4313/4313 4314/4314 4265/4265
f 4314/4314 4266/4266 4265/4265
f 4314/4314 4315/4315 4266/4266
f 4315/4315 4267/4267 4266/4266
f 4315/4315 4316/4316 4267/4267
f 4316/4316 4268/4268 4267/4267
f 4316/4316 4317/4317 4268/4268
f 4317/4317 4269/4269 4268/4268
f 4317/4317 4318/4318 4269/4269
f 4318/4318 4270/4270 4269/4269
f 4318/4318 4319/4319 4270/4270
f 4319/4319 4271/4271 4270/4270
f 4319/4319 4320/4320 4271/4271
f 4320/4320 4272/4272 4271/4271
f 4320/4320 4321/4321 4272/4272
f 4321/4321 4273/4273 4272/4272
f 4321/4321 4322/4322 4273/4273
f 4322/4322 4274/4274 4273/4273
f 4322/4322 4323/4323 4274/4274
f 4323/4323 4275/4275 4274/4274
f 4323/4323 4324/4324 4275/4275
f 4324/4324 4276/4276 4275/4275
f 4324/4324 4325/4325 4276/4276
f 4325/4325 4277/4277 4276/4276
f 4325/4325 4326/4326 4277/4277
f 4326/4326 4278/4278 4277/4277
f 4326/4326 4327/4327 4278/4278
f 4327/4327 4279/4279 4278/4278
f 4327/4327 4328/4328 4279/4279
f 4328/4328 4280/4280 4279/4279
f 4328/4328 4329/4329 4280/4280
f 4329/4329 4281/4281 4280/4280
f 4329/4329 4330/4330 4281/4281
f 4330/4330 4282/4282 4281/4281
f 4330/4330 4331/4331 4282/4282
f 4331/4331 4283/4283 4282/4282
f 4331/4331 4332/4332 4283/4283
f 4332/4332 4284/4284 4283/4283
f 4332/4332 4333/4333 4284/4284
f 4333/4333 4285/4285 4284/4284
f 4333/4333 4334/4334 4285/4285
f 4334/4334 4286/4286 4285/4285
f 4334/4334 4335/4335 4286/4286
f 4335/4335 4287/4287 4286/4286
f 4335/4335 4336/4336 4287/4287
f 4336/4336 4288/4288 4287/4287
f 4336/4336 4337/4337 4288/4288
f 4337/4337 4289/4289 4288/4288
f 4337/4337 4338/4338 4289/4289
f 4338/4338 4290/4290 4289/4289
f 4338/4338 4339/4339 4290/4290
f 4339/4339 4291/4291 4290/4290
f 4339/4339 4340/4340 4291/4291
f 4340/4340 4292/4292 4291/4291
f 4340/4340 4341/4341 4292/4292
f 4341/4341 4293/4293 4292/4292
f 4341/4341 4342/4342 4293/4293
f 4342/4342 4294/4294 4293/4293
f 4342/4342 4343/4343 4294/4294
f 4343/4343 4295/4295 4294/4294
f 4343/4343 4344/4344 4295/4295
f 4344/4344 4296/4296 4295/4295
f 4344/4344 4345/4345 4296/4296
f 4345/4345 4297/4297 4296/4296
f 4345/4345 4346/4346 4297/4297
f 4346/4346 4298/4298 4297/4297
f 4346/4346 4347/4347 4298/4298
f 4347/4347 4299/4299 4298/4298
f 4347/4347 4348/4348 4299/4299
f 4348/4348 4300/4300 4299/4299
f 4348/4348 4349/4349 4300/4300
f 4349/4349 4301/4301 4300/4300
f 4349/4349 4350/4350 4301/4301
f 4350/4350 4302/4302 4301/4301
f 4350/4350 4351/4351 4302/4302
f 4351/4351 4303/4303 4302/4302
f 4351/4351 4352/4352 4303/4303
f 4352/4352 4304/4304 4303/4303
f 4352/4352 4353/4353 4304/4304
f 4353/4353 4305/4305 4304/4304
f 4353/4353 4354/4354 4305/4305
f 4354/4354 4306/4306 4305/4305
f 4354/4354 4355/4355 4306/4306
f 4355/4355 4307/4307 4306/4306
f 4355/4355 4356/4356 4307/4307
f 4356/4356 4308/4308 4307/4307
f 4356/4356 4357/4357 4308/4308
f 4357/4357 4309/4309 4308/4308
f 4357/4357 4358/4358 4309/4309
f 4358/4358 4310/4310 4309/4309
f 4358/4358 4359/4359 4310/4310
f 4359/4359 4311/4311 4310/4310
f 4359/4359 4360/4360 4311/4311
f 4360/4360 4312/4312 4311/4311
f 4360/4360 4361/4361 4312/4312
f 4362/4362 4314/4314 4313/4313
f 4362/4362 4363/4363 4314/4314
f 4363/4363 4315/4315 4314/4314
f 4363/4363 4364/4364 4315/4315
f 4364/4364 4316/4316 4315/4315
f 4364/4364 4365/4365 4316/4316
f 4365/4365 4317/4317 4316/4316
f 4365/4365 4366/4366 4317/4317
f 4366/4366 4318/4318 4317/4317
f 4366/4366 4367/4367 4318/4318
f 4367/4367 4319/4319 4318/4318
f 4367/4367 4368/4368 4319/4319
f 4368/4368 4320/4320 4319/4319
f 4368/4368 4369/4369 4320/4320
f 4369/4369 4321/4321 4320/4320
f 4369/4369 4370/4370 4321/4321
f 4370/4370 4322/4322 4321/4321
f 4370/4370 4371/4371 4322/4322
f 4371/4371 4323/4323 4322/4322
f 4371/4371 4372/4372 4323/4323
f 4372/4372 4324/4324 4323/4323
f 4372/4372 4373/4373 4324/4324
f 4373/4373 4325/4325 4324/4324
f 4373/4373 4374/4374 4325/4325
f 4374/4374 4326/4326 4325/4325
f 4374/4374 4375/4375 4326/4326
f 4375/4375 4327/4327 4326/4326
f 4375/4375 4376/4376 4327/4327
f 4376/4376 4328/4328 4327/4327
f 4376/4376 4377/4377 4328/4328
f 4377/4377 4329/4329 4328/4328
f 4377/4377 4378/4378 4329/4329
f 4378/4378 4330/4330 4329/4329
f 4378/4378 4379/4379 4330/4330
f 4379/4379 4331/4331 4330/4330
f 4379/4379 4380/4380 4331/4331
f 4380/4380 4332/4332 4331/4331
f 4380/4380 4381/4381 4332/4332
f 4381/4381 4333/4333 4332/4332
f 4381/4381 4382/4382 4333/4333
f 4382/4382 4334/4334 4333/4333
f 4382/4382 4383/4383 4334/4334
f 4383/4383 4335/4335 4334/4334
f 4383/4383 4384/4384 4335/4335
f 4384/4384 4336/4336 4335/4335
f 4384/4384 4385/4385 4336/4336
f 4385/4385 4337/4337 4336/4336
f 4385/4385 4386/4386 4337/4337
f 4386/4386 4338/4338 4337/4337
f 4386/4386 4387/4387 4338/4338
f 4387/4387 4339/4339 4338/4338
f 4387/4387 4388/4388 4339/4339
f 4388/4388 4340/4340 4339/4339
f 4388/4388 4389/4389 4340/4340
f 4389/4389 4341/4341 4340/4340
f 4389/4389 4390/4390 4341/4341
f 4390/4390 4342/4342 4341/4341
f 4390/4390 4391/4391 4342/4342
f 4391/4391 4343/4343 4342/4342
f 4391/4391 4392/4392 4343/4343
f 4392/4392 4344/4344 4343/4343
f 4392/4392 4393/4393 4344/4344
f 4393/4393 4345/4345 4344/4344
f 4393/4393 4394/4394 4345/4345
f 4394/4394 4346/4346 4345/4345
f 4394/4394 4395/4395 4346/4346
f 4395/4395 4347/4347 4346/4346
f 4395/4395 4396/4396 4347/4347
f 4396/4396 4348/4348 4347/4347
f 4396/4396 4397/4397 4348/4348
f 4397/4397 4349/4349 4348/4348
f 4397/4397 4398/4398 4349/4349
f 4398/4398 4350/4350 4349/4349
f 4398/4398 4399/4399 4350/4350
f 4399/4399 4351/4351 4350/4350
f 4399/4399 4400/4400 4351/4351
f 4400/4400 4352/4352 4351/4351
f 4400/4400 4401/4401 4352/4352
f 4401/4401 4353/4353 4352/4352
f 4401/4401 4402/4402 4353/4353
f 4402/4402 4354/4354 4353/4353
f 4402/4402 4403/4403 4354/4354
f 4403/4403 4355/4355 4354/4354
f 4403/4403 4404/4404 4355/4355
f 4404/4404 4356/4356 4355/4355
f 4404/4404 4405/4405 4356/4356
f 4405/4405 4357/4357 4356/4356
f 4405/4405 4406/4406 4357/4357
f 4406/4406 4358/4358 4357/4357
f 4406/4406 4407/4407 4358/4358
f 4407/4407 4359/4359 4358/4358
f 4407/4407 4408/4408 4359/4359
f 4408/4408 4360/4360 4359/4359
f 4408/4408 4409/4409 4360/4360
f 4409/4409 4361/4361 4360/4360
f 4409/4409 4410/4410 4361/4361
f 4411/4411 4363/4363 4362/4362
f 4411/4411 4412/4412 4363/4363
f 4412/4412 4364/4364 4363/4363
f 4412/4412 4413/4413 4364/4364
f 4413/4413 4365/4365 4364/4364
f 4413/4413 4414/4414 4365/4365
f 4414/4414 4366/4366 4365/4365
f 4414/4414 4415/4415 4366/4366
f 4415/4415 4367/4367 4366/4366
f 4415/4415 4416/4416 4367/4367
f 4416/4416 4368/4368 4367/4367
f 4416/4416 4417/4417 4368/4368
f 4417/4417 4369/4369 4368/4368
f 4417/4417 4418/4418 4369/4369
f 4418/4418 4370/4370 4369/4369
f 4418/4418 4419/4419 4370/4370
f 4419/4419 4371/4371 4370/4370
f 4419/4419 4420/4420 4371/4371
f 4420/4420 4372/4372 4371/4371
f 4420/4420 4421/4421 4372/4372
f 4421/4421 4373/4373 4372/4372
f 4421/4421 4422/4422 4373/4373
f 4422/4422 4374/4374 4373/4373
f 4422/4422 4423/4423 4374/4374
f 4423/4423 4375/4375 4374/4374
f 4423/4423 4424/4424 4375/4375
f 4424/4424 4376/4376 4375/4375
f 4424/4424 4425/4425 4376/4376
f 4425/4425 4377/4377 4376/4376
f 4425/4425 4426/4426 4377/4377
f 4426/4426 4378/4378 4377/4377
f 4426/4426 4427/4427 4378/4378
f 4427/4427 4379/4379 4378/4378
f 4427/4427 4428/4428 4379/4379
f 4428/4428 4380/4380 4379/4379
f 4428/4428 4429/4429 4380/4380
f 4429/4429 4381/4381 4380/4380
f 4429/4429 4430/4430 4381/4381
f 4430/4430 4382/4382 4381/4381
f 4430/4430 4431/4431 4382/4382
f 4431/4431 4383/4383 4382/4382
f 4431/4431 4432/4432 4383/4383
f 4432/4432 4384/4384 4383/4383
f 4432/4432 4433/4433 4384/4384
f 4433/4433 4385/4385 4384/4384
f 4433/4433 4434/4434 4385/4385
f 4434/4434 4386/4386 4385/4385
f 4434/4434 4435/4435 4386/4386
f 4435/4435 4387/4387 4386/4386
f 4435/4435 4436/4436 4387/4387
f 4436/4436 4388/4388 4387/4387
f 4436/4436 4437/4437 4388/4388
f 4437/4437 4389/4389 4388/4388
f 4437/4437 4438/4438 4389/4389
f 4438/4438 4390/4390 4389/4389
f 4438/4438 4439/4439 4390/4390
f 4439/4439 4391/4391 4390/4390
f 4439/4439 4440/4440 4391/4391
f 4440/4440 4392/4392 4391/4391
f 4440/4440 4441/4441 4392/4392
f 4441/4441 4393/4393 4392/4392
f 4441/4441 4442/4442 4393/4393
f 4442/4442 4394/4394 4393/4393
f 4442/4442 4443/4443 4394/4394
f 4443/4443 4395/4395 4394/4394
f 4443/4443 4444/4444 4395/4395
f 4444/4444 4396/4396 4395/4395
f 4444/4444 4445/4445 4396/4396
f 4445/4445 4397/4397 4396/4396
f 4445/4445 4446/4446 4397/4397
f 4446/4446 4398/4398 4397/4397
f 4446/4446 4447/4447 4398/4398
f 4447/4447 4399/4399 4398/4398
f 4447/4447 4448/4448 4399/4399
f 4448/4448 4400/4400 4399/4399
f 4448/4448 4449/4449 4400/4400
f 4449/4449 4401/4401 4400/4400
f 4449/4449 4450/4450 4401/4401
f 4450/4450 4402/4402 4401/4401
f 4450/4450 4451/4451 4402/4402
f 4451/4451 4403/4403 4402/4402
f 4451/4451 4452/4452 4403/4403
f 4452/4452 4404/4404 4403/4403
f 4452/4452 4453/4453 4404/4404
f 4453/4453 4405/4405 4404/4404
f 4453/4453 4454/4454 4405/4405
f 4454/4454 4406/4406 4405/4405
f 4454/4454 4455/4455 4406/4406
f 4455/4455 4407/4407 4406/4406
f 4455/4455 4456/4456 4407/4407
f 4456/4456 4408/4408 4407/4407
f 4456/4456 4457/4457 4408/4408
f 4457/4457 4409/4409 4408/4408
f 4457/4457 4458/4458 4409/4409
f 4458/4458 4410/4410 4409/4409
f 4458/4458 4459/4459 4410/4410
f 4460/4460 4412/4412 4411/4411
f 4460/4460 4461/4461 4412/4412
f 4461/4461 4413/4413 4412/4412
f 4461/4461 4462/4462 4413/4413
f 4462/4462 4414/4414 4413/4413
f 4462/4462 4463/4463 4414/4414
f 4463/4463 4415/4415 4414/4414
f 4463/4463 4464/4464 4415/4415
f 4464/4464 4416/4416 4415/4415
f 4464/4464 4465/4465 4416/4416
f 4465/4465 4417/4417 4416/4416
f 4465/4465 4466/4466 4417/4417
f 4466/4466 4418/4418 4417/4417
f 4466/4466 4467/4467 4418/4418
f 4467/4467 4419/4419 4418/4418
f 4467/4467 4468/4468 4419/4419
f 4468/4468 4420/4420 4419/4419
f 4468/4468 4469/4469 4420/4420
f 4469/4469 4421/4421 4420/4420
f 4469/4469 4470/4470 4421/4421
f 4470/4470 4422/4422 4421/4421
f 4470/4470 4471/4471 4422/4422
f 4471/4471 4423/4423 4422/4422
f 4471/4471 4472/4472 4423/4423
f 4472/4472 4424/4424 4423/4423
f 4472/4472 4473/4473 4424/4424
f 4473/4473 4425/4425 4424/4424
f 4473/4473 4474/4474 4425/4425
f 4474/4474 4426/4426 4425/4425
f 4474/4474 4475/4475 4426/4426
f 4475/4475 4427/4427 4426/4426
f 4475/4475 4476/4476 4427/4427
f 4476/4476 4428/4428 4427/4427
f 4476/4476 4477/4477 4428/4428
f 4477/4477 4429/4429 4428/4428
f 4477/4477 4478/4478 4429/4429
f 4478/4478 4430/4430 4429/4429
f 4478/4478 4479/4479 4430/4430
f 4479/4479 4431/4431 4430/4430
f 4479/4479 4480/4480 4431/4431
f 4480/4480 4432/4432 4431/4431
f 4480/4480 4481/4481 4432/4432
f 4481/4481 4433/4433 4432/4432
f 4481/4481 4482/4482 4433/4433
f 4482/4482 4434/4434 4433/4433
f 4482/4482 4483/4483 4434/4434
f 4483/4483 4435/4435 4434/4434
f 4483/4483 4484/4484 4435/4435
f 4484/4484 4436/4436 4435/4435
f 4484/4484 4485/4485 4436/4436
f 4485/4485 4437/4437 4436/4436
f 4485/4485 4486/4486 4437/4437
f 4486/4486 4438/4438 4437/4437
f 4486/4486 4487/4487 4438/4438
f 4487/4487 4439/4439 4438/4438
f 4487/4487 4488/4488 4439/4439
f 4488/4488 4440/4440 4439/4439
f 4488/4488 4489/4489 4440/4440
f 4489/4489 4441/4441 4440/4440
f 4489/4489 4490/4490 4441/4441
f 4490/4490 4442/4442 4441/4441
f 4490/4490 4491/4491 4442/4442
f 4491/4491 4443/4443 4442/4442
f 4491/4491 4492/4492 4443/4443
f 4492/4492 4444/4444 4443/4443
f 4492/4492 4493/4493 4444/4444
f 4493/4493 4445/4445 4444/4444
f 4493/4493 4494/4494 4445/4445
f 4494/4494 4446/4446 4445/4445
f 4494/4494 4495/4495 4446/4446
f 4495/4495 4447/4447 4446/4446
f 4495/4495 4496/4496 4447/4447
f 4496/4496 4448/4448 4447/4447
f 4496/4496 4497/4497 4448/4448
f 4497/4497 4449/4449 4448/4448
f 4497/4497 4498/4498 4449/4449
f 4498/4498 4450/4450 4449/4449
f 4498/4498 4499/4499 4450/4450
f 4499/4499 4451/4451 4450/4450
f 4499/4499 4500/4500 4451/4451
f 4500/4500 4452/4452 4451/4451
f 4500/4500 4501/4501 4452/4452
f 4501/4501 4453/4453 4452/4452
f 4501/4501 4502/4502 4453/4453
f 4502/4502 4454/4454 4453/4453
f 4502/4502 4503/4503 4454/4454
f 4503/4503 4455/4455 4454/4454
f 4503/4503 4504/4504 4455/4455
f 4504/4504 4456/4456 4455/4455
f 4504/4504 4505/4505 4456/4456
f 4505/4505 4457/4457 4456/4456
f 4505/4505 4506/4506 4457/4457
f 4506/4506 4458/4458 4457/4457
f 4506/4506 4507/4507 4458/4458
f 4507/4507 4459/4459 4458/4458
f 4507/4507 4508/4508 4459/4459
f 4509/4509 4461/4461 4460/4460
f 4509/4509 4510/4510 4461/4461
f 4510/4510 4462/4462 4461/4461
f 4510/4510 4511/4511 4462/4462
f 4511/4511 4463/4463 4462/4462
f 4511/4511 4512/4512 4463/4463
f 4512/4512 4464/4464 4463/4463
f 4512/4512 4513/4513 4464/4464
f 4513/4513 4465/4465 4464/4464
f 4513/4513 4514/4514 4465/4465
f 4514/4514 4466/4466 4465/4465
f 4514/4514 4515/4515 4466/4466
f 4515/4515 4467/4467 4466/4466
f 4515/4515 4516/4516 4467/4467
f 4516/4516 4468/4468 4467/4467
f 4516/4516 4517/4517 4468/4468
f 4517/4517 4469/4469 4468/4468
f 4517/4517 4518/4518 4469/4469
f 4518/4518 4470/4470 4469/4469
f 4518/4518 4519/4519 4470/4470
f 4519/4519 4471/4471 4470/4470
f 4519/4519 4520/4520 4471/4471
f 4520/4520 4472/4472 4471/4471
f 4520/4520 4521/4521 4472/4472
f 4521/4521 4473/4473 4472/4472
f 4521/4521 4522/4522 4473/4473
f 4522/4522 4474/4474 4473/4473
f 4522/4522 4523/4523 4474/4474
f 4523/4523 4475/4475 4474/4474
f 4523/4523 4524/4524 4475/4475
f 4524/4524 4476/4476 4475/4475
f 4524/4524 4525/4525 4476/4476
f 4525/4525 4477/4477 4476/4476
f 4525/4525 4526/4526 4477/4477
f 4526/4526 4478/4478 4477/4477
f 4526/4526 4527/4527 4478/4478
f 4527/4527 4479/4479 4478/4478
f 4527/4527 4528/4528 4479/4479
f 4528/4528 4480/4480 4479/4479
f 4528/4528 4529/4529 4480/4480
f 4529/4529 4481/4481 4480/4480
f 4529/4529 4530/4530 4481/4481
f 4530/4530 4482/4482 4481/4481
f 4530/4530 4531/4531 4482/4482
f 4531/4531 4483/4483 4482/4482
f 4531/4531 4532/4532 4483/4483
f 4532/4532 4484/4484 4483/4483
f 4532/4532 4533/4533 4484/4484
f 4533/4533 4485/4485 4484/4484
f 4533/4533 4534/4534 4485/4485
f 4534/4534 4486/4486 4485/4485
f 4534/4534 4535/4535 4486/4486
f 4535/4535 4487/4487 4486/4486
f 4535/4535 4536/4536 4487/4487
f 4536/4536 4488/4488 4487/4487
f 4536/4536 4537/4537 4488/4488
f 4537/4537 4489/4489 4488/4488
f 4537/4537 4538/4538 4489/4489
f 4538/4538 4490/4490 4489/4489
f 4538/4538 4539/4539 4490/4490
f 4539/4539 4491/4491 4490/4490
f 4539/4539 4540/4540 4491/4491
f 4540/4540 4492/4492 4491/4491
f 4540/4540 4541/4541 4492/4492
f 4541/4541 4493/4493 4492/4492
f 4541/4541 4542/4542 4493/4493
f 4542/4542 4494/4494 4493/4493
f 4542/4542 4543/4543 4494/4494
f 4543/4543 4495/4495 4494/4494
f 4543/4543 4544/4544 4495/4495
f 4544/4544 4496/4496 4495/4495
f 4544/4544 4545/4545 4496/4496
f 4545/4545 4497/4497 4496/4496
f 4545/4545 4546/4546 4497/4497
f 4546/4546 4498/4498 4497/4497
f 4546/4546 4547/4547 4498/4498
f 4547/4547 4499/4499 4498/4498
f 4547/4547 4548/4548 4499/4499
f 4548/4548 4500/4500 4499/4499
f 4548/4548 4549/4549 4500/4500
f 4549/4549 4501/4501 4500/4500
f 4549/4549 4550/4550 4501/4501
f 4550/4550 4502/4502 4501/4501
f 4550/4550 4551/4551 4502/4502
f 4551/4551 4503/4503 4502/4502
f 4551/4551 4552/4552 4503/4503
f 4552/4552 4504/4504 4503/4503
f 4552/4552 4553/4553 4504/4504
f 4553/4553 4505/4505 4504/4504
f 4553/4553 4554/4554 4505/4505
f 4554/4554 4506/4506 4505/4505
f 4554/4554 4555/4555 4506/4506
f 4555/4555 4507/4507 4506/4506
f 4555/4555 4556/4556 4507/4507
f 4556/4556 4508/4508 4507/4507
f 4556/4556 4557/4557 4508/4508
f 4558/4558 4510/4510 4509/4509
f 4558/4558 4559/4559 4510/4510
f 4559/4559 4511/4511 4510/4510
f 4559/4559 4560/4560 4511/4511
f 4560/4560 4512/4512 4511/4511
f 4560/4560 4561/4561 4512/4512
f 4561/4561 4513/4513 4512/4512
f 4561/4561 4562/4562 4513/4513
f 4562/4562 4514/4514 4513/4513
f 4562/4562 4563/4563 4514/4514
f 4563/4563 4515/4515 4514/4514
f 4563/4563 4564/4564 4515/4515
f 4564/4564 4516/4516 4515/4515
f 4564/4564 4565/4565 4516/4516
f 4565/4565 4517/4517 4516/4516
f 4565/4565 4566/4566 4517/4517
f 4566/4566 4518/4518 4517/4517
f 4566/4566 4567/4567 4518/4518
f 4567/4567 4519/4519 4518/4518
f 4567/4567 4568/4568 4519/4519
f 4568/4568 4520/4520 4519/4519
f 4568/4568 4569/4569 4520/4520
f 4569/4569 4521/4521 4520/4520
f 4569/4569 4570/4570 4521/4521
f 4570/4570 4522/4522 4521/4521
f 4570/4570 4571/4571 4522/4522
f 4571/4571 4523/4523 4522/4522
f 4571/4571 4572/4572 4523/4523
f 4572/4572 4524/4524 4523/4523
f 4572/4572 4573/4573 4524/4524
f 4573/4573 4525/4525 4524/4524
f 4573/4573 4574/4574 4525/4525
f 4574/4574 4526/4526 4525/4525
f 4574/4574 4575/4575 4526/4526
f 4575/4575 4527/4527 4526/4526
f 4575/4575 4576/4576 4527/4527
f 4576/4576 4528/4528 4527/4527
f 4576/4576 4577/4577 4528/4528
f 4577/4577 4529/4529 4528/4528
f 4577/4577 4578/4578 4529/4529
f 4578/4578 4530/4530 4529/4529
f 4578/4578 4579/4579 4530/4530
f 4579/4579 4531/4531 4530/4530
f 4579/4579 4580/4580 4531/4531
f 4580/4580 4532/4532 4531/4531
f 4580/4580 4581/4581 4532/4532
f 4581/4581 4533/4533 4532/4532
f 4581/4581 4582/4582 4533/4533
f 4582/4582 4534/4534 4533/4533
f 4582/4582 4583/4583 4534/4534
f 4583/4583 4535/4535 4534/4534
f 4583/4583 4584/4584 4535/4535
f 4584/4584 4536/4536 4535/4535
f 4584/4584 4585/4585 4536/4536
f 4585/4585 4537/4537 4536/4536
f 4585/4585 4586/4586 4537/4537
f 4586/4586 4538/4538 4537/4537
f 4586/4586 4587/4587 4538/4538
f 4587/4587 4539/4539 4538/4538
f 4587/4587 4588/4588 4539/4539
f 4588/4588 4540/4540 4539/4539
f 4588/4588 4589/4589 4540/4540
f 4589/4589 4541/4541 4540/4540
f 4589/4589 4590/4590 4541/4541
f 4590/4590 4542/4542 4541/4541
f 4590/4590 4591/4591 4542/4542
f 4591/4591 4543/4543 4542/4542
f 4591/4591 4592/4592 4543/4543
f 4592/4592 4544/4544 4543/4543
f 4592/4592 4593/4593 4544/4544
f 4593/4593 4545/4545 4544/4544
f 4593/4593 4594/4594 4545/4545
f 4594/4594 4546/4546 4545/4545
f 4594/4594 4595/4595 4546/4546
f 4595/4595 4547/4547 4546/4546
f 4595/4595 4596/4596 4547/4547
f 4596/4596 4548/4548 4547/4547
f 4596/4596 4597/4597 4548/4548
f 4597/4597 4549/4549 4548/4548
f 4597/4597 4598/4598 4549/4549
f 4598/4598 4550/4550 4549/4549
f 4598/4598 4599/4599 4550/4550
f 4599/4599 4551/4551 4550/4550
f 4599/4599 4600/4600 4551/4551
f 4600/4600 4552/4552 4551/4551
f 4600/4600 4601/4601 4552/4552
f 4601/4601 4553/4553 4552/4552
f 4601/4601 4602/4602 4553/4553
f 4602/4602 4554/4554 4553/4553
f 4602/4602 4603/4603 4554/4554
f 4603/4603 4555/4555 4554/4554
f 4603/4603 4604/4604 4555/4555
f 4604/4604 4556/4556 4555/4555
f 4604/4604 4605/4605 4556/4556
f 4605/4605 4557/4557 4556/4556
f 4605/4605 4606/4606 4557/4557
f 4607/4607 4559/4559 4558/4558
f 4607/4607 4608/4608 4559/4559
f 4608/4608 4560/4560 4559/4559
f 4608/4608 4609/4609 4560/4560
f 4609/4609 4561/4561 4560/4560
f 4609/4609 4610/4610 4561/4561
f 4610/4610 4562/4562 4561/4561
f 4610/4610 4611/4611 4562/4562
f 4611/4611 4563/4563 4562/4562
f 4611/4611 4612/4612 4563/4563
f 4612/4612 4564/4564 4563/4563
f 4612/4612 4613/4613 4564/4564
f 4613/4613 4565/4565 4564/4564
f 4613/4613 4614/4614 4565/4565
f 4614/4614 4566/4566 4565/4565
f 4614/4614 4615/4615 4566/4566
f 4615/4615 4567/4567 4566/4566
f 4615/4615 4616/4616 4567/4567
f 4616/4616 4568/4568 4567/4567
f 4616/4616 4617/4617 4568/4568
f 4617/4617 4569/4569 4568/4568
f 4617/4617 4618/4618 4569/4569
f 4618/4618 4570/4570 4569/4569
f 4618/4618 4619/4619 4570/4570
f 4619/4619 4571/4571 4570/4570
f 4619/4619 4620/4620 4571/4571
f 4620/4620 4572/4572 4571/4571
f 4620/4620 4621/4621 4572/4572
f 4621/4621 4573/4573 4572/4572
f 4621/4621 4622/4622 4573/4573
f 4622/4622 4574/4574 4573/4573
f 4622/4622 4623/4623 4574/4574
f 4623/4623 4575/4575 4574/4574
f 4623/4623 4624/4624 4575/4575
f 4624/4624 4576/4576 4575/4575
f 4624/4624 4625/4625 4576/4576
f 4625/4625 4577/4577 4576/4576
f 4625/4625 4626/4626 4577/4577
f 4626/4626 4578/4578 4577/4577
f 4626/4626 4627/4627 4578/4578
f 4627/4627 4579/4579 4578/4578
f 4627/4627 4628/4628 4579/4579
f 4628/4628 4580/4580 4579/4579
f 4628/4628 4629/4629 4580/4580
f 4629/4629 4581/4581 4580/4580
f 4629/4629 4630/4630 4581/4581
f 4630/4630 4582/4582 4581/4581
f 4630/4630 4631/4631 4582/4582
f 4631/4631 4583/4583 4582/4582
f 4631/4631 4632/4632 4583/4583
f 4632/4632 4584/4584 4583/4583
f 4632/4632 4633/4633 4584/4584
f 4633/4633 4585/4585 4584/4584
f 4633/4633 4634/4634 4585/4585
f 4634/4634 4586/4586 4585/4585
f 4634/4634 4635/4635 4586/4586
f 4635/4635 4587/4587 4586/4586
f 4635/4635 4636/4636 4587/4587
f 4636/4636 4588/4588 4587/4587
f 4636/4636 4637/4637 4588/4588
f 4637/4637 4589/4589 4588/4588
f 4637/4637 4638/4638 4589/4589
f 4638/4638 4590/4590 4589/4589
f 4638/4638 4639/4639 4590/4590
f 4639/4639 4591/4591 4590/4590
f 4639/4639 4640/4640 4591/4591
f 4640/4640 4592/4592 4591/4591
f 4640/4640 4641/4641 4592/4592
f 4641/4641 4593/4593 4592/4592
f 4641/4641 4642/4642 4593/4593
f 4642/4642 4594/4594 4593/4593
f 4642/4642 4643/4643 4594/4594
f 4643/4643 4595/4595 4594/4594
f 4643/4643 4644/4644 4595/4595
f 4644/4644 4596/4596 4595/4595
f 4644/4644 4645/4645 4596/4596
f 4645/4645 4597/4597 4596/4596
f 4645/4645 4646/4646 4597/4597
f 4646/4646 4598/4598 4597/4597
f 4646/4646 4647/4647 4598/4598
f 4647/4647 4599/4599 4598/4598
f 4647/4647 4648/4648 4599/4599
f 4648/4648 4600/4600 4599/4599
f 4648/4648 4649/4649 4600/4600
f 4649/4649 4601/4601 4600/4600
f 4649/4649 4650/4650 4601/4601
f 4650/4650 4602/4602 4601/4601
f 4650/4650 4651/4651 4602/4602
f 4651/4651 4603/4603 4602/4602
f 4651/4651 4652/4652 4603/4603
f 4652/4652 4604/4604 4603/4603
f 4652/4652 4653/4653 4604/4604
f 4653/4653 4605/4605 4604/4604
f 4653/4653 4654/4654 4605/4605
f 4654/4654 4606/4606 4605/4605
f 4654/4654 4655/4655 4606/4606
f 4656/4656 4608/4608 4607/4607
f 4656/4656 4657/4657 4608/4608
f 4657/4657 4609/4609 4608/4608
f 4657/4657 4658/4658 4609/4609
f 4658/4658 4610/4610 4609/4609
f 4658/4658 4659/4659 4610/4610
f 4659/4659 4611/4611 4610/4610
f 4659/4659 4660/4660 4611/4611
f 4660/4660 4612/4612 4611/4611
f 4660/4660 4661/4661 4612/4612
f 4661/4661 4613/4613 4612/4612
f 4661/4661 4662/4662 4613/4613
f 4662/4662 4614/4614 4613/4613
f 4662/4662 4663/4663 4614/4614
f 4663/4663 4615/4615 4614/4614
f 4663/4663 4664/4664 4615/4615
f 4664/4664 4616/4616 4615/4615
f 4664/4664 4665/4665 4616/4616
f 4665/4665 4617/4617 4616/4616
f 4665/4665 4666/4666 4617/4617
f 4666/4666 4618/4618 4617/4617
f 4666/4666 4667/4667 4618/4618
f 4667/4667 4619/4619 4618/4618
f 4667/4667 4668/4668 4619/4619
f 4668/4668 4620/4620 4619/4619
f 4668/4668 4669/4669 4620/4620
f 4669/4669 4621/4621 4620/4620
f 4669/4669 4670/4670 4621/4621
f 4670/4670 4622/4622 4621/4621
f 4670/4670 4671/4671 4622/4622
f 4671/4671 4623/4623 4622/4622
f 4671/4671 4672/4672 4623/4623
f 4672/4672 4624/4624 4623/4623
f 4672/4672 4673/4673 4624/4624
f 4673/4673 4625/4625 4624/4624
f 4673/4673 4674/4674 4625/4625
f 4674/4674 4626/4626 4625/4625
f 4674/4674 4675/4675 4626/4626
f 4675/4675 4627/4627 4626/4626
f 4675/4675 4676/4676 4627/4627
f 4676/4676 4628/4628 4627/4627
f 4676/4676 4677/4677 4628/4628
f 4677/4677 4629/4629 4628/4628
f 4677/4677 4678/4678 4629/4629
f 4678/4678 4630/4630 4629/4629
f 4678/4678 4679/4679 4630/4630
f 4679/4679 4631/4631 4630/4630
f 4679/4679 4680/4680 4631/4631
f 4680/4680 4632/4632 4631/4631
f 4680/4680 4681/4681 4632/4632
f 4681/4681 4633/4633 4632/4632
f 4681/4681 4682/4682 4633/4633
f 4682/4682 4634/4634 4633/4633
f 4682/4682 4683/4683 4634/4634
f 4683/4683 4635/4635 4634/4634
f 4683/4683 4684/4684 4635/4635
f 4684/4684 4636/4636 4635/4635
f 4684/4684 4685/4685 4636/4636
f 4685/4685 4637/4637 4636/4636
f 4685/4685 4686/4686 4637/4637
f 4686/4686 4638/4638 4637/4637
f 4686/4686 4687/4687 4638/4638
f 4687/4687 4639/4639 4638/4638
f 4687/4687 4688/4688 4639/4639
f 4688/4688 4640/4640 4639/4639
f 4688/4688 4689/4689 4640/4640
f 4689/4689 4641/4641 4640/4640
f 4689/4689 4690/4690 4641/4641
f 4690/4690 4642/4642 4641/4641
f 4690/4690 4691/4691 4642/4642
f 4691/4691 4643/4643 4642/4642
f 4691/4691 4692/4692 4643/4643
f 4692/4692 4644/4644 4643/4643
f 4692/4692 4693/4693 4644/4644
f 4693/4693 4645/4645 4644/4644
f 4693/4693 4694/4694 4645/4645
f 4694/4694 4646/4646 4645/4645
f 4694/4694 4695/4695 4646/4646
f 4695/4695 4647/4647 4646/4646
f 4695/4695 4696/4696 4647/4647
f 4696/4696 4648/4648 4647/4647
f 4696/4696 4697/4697 4648/4648
f 4697/4697 4649/4649 4648/4648
f 4697/4697 4698/4698 4649/4649
f 4698/4698 4650/4650 4649/4649
f 4698/4698 4699/4699 4650/4650
f 4699/4699 4651/4651 4650/4650
f 4699/4699 4700/4700 4651/4651
f 4700/4700 4652/4652 4651/4651
f 4700/4700 4701/4701 4652/4652
f 4701/4701 4653/4653 4652/4652
f 4701/4701 4702/4702 4653/4653
f 4702/4702 4654/4654 4653/4653
f 4702/4702 4703/4703 4654/4654
f 4703/4703 4655/4655 4654/4654
f 4703/4703 4704/4704 4655/4655
f 4705/4705 4657/4657 4656/4656
f 4705/4705 4706/4706 4657/4657
f 4706/4706 4658/4658 4657/4657
f 4706/4706 4707/4707 4658/4658
f 4707/4707 4659/4659 4658/4658
f 4707/4707 4708/4708 4659/4659
f 4708/4708 4660/4660 4659/4659
f 4708/4708 4709/4709 4660/4660
f 4709/4709 4661/4661 4660/4660
f 4709/4709 4710/4710 4661/4661
f 4710/4710 4662/4662 4661/4661
f 4710/4710 4711/4711 4662/4662
f 4711/4711 4663/4663 4662/4662
f 4711/4711 4712/4712 4663/4663
f 4712/4712 4664/4664 4663/4663
f 4712/4712 4713/4713 4664/4664
f 4713/4713 4665/4665 4664/4664
f 4713/4713 4714/4714 4665/4665
f 4714/4714 4666/4666 4665/4665
f 4714/4714 4715/4715 4666/4666
f 4715/4715 4667/4667 4666/4666
f 4715/4715 4716/4716 4667/4667
f 4716/4716 4668/4668 4667/4667
f 4716/4716 4717/4717 4668/4668
f 4717/4717 4669/4669 4668/4668
f 4717/4717 4718/4718 4669/4669
f 4718/4718 4670/4670 4669/4669
f 4718/4718 4719/4719 4670/4670
f 4719/4719 4671/4671 4670/4670
f 4719/4719 4720/4720 4671/4671
f 4720/4720 4672/4672 4671/4671
f 4720/4720 4721/4721 4672/4672
f 4721/4721 4673/4673 4672/4672
f 4721/4721 4722/4722 4673/4673
f 4722/4722 4674/4674 4673/4673
f 4722/4722 4723/4723 4674/4674
f 4723/4723 4675/4675 4674/4674
f 4723/4723 4724/4724 4675/4675
f 4724/4724 4676/4676 4675/4675
f 4724/4724 4725/4725 4676/4676
f 4725/4725 4677/4677 4676/4676
f 4725/4725 4726/4726 4677/4677
f 4726/4726 4678/4678 4677/4677
f 4726/4726 4727/4727 4678/4678
f 4727/4727 4679/4679 4678/4678
f 4727/4727 4728/4728 4679/4679
f 4728/4728 4680/4680 4679/4679
f 4728/4728 4729/4729 4680/4680
f 4729/4729 4681/4681 4680/4680
f 4729/4729 4730/4730 4681/4681
f 4730/4730 4682/4682 4681/4681
f 4730/4730 4731/4731 4682/4682
f 4731/4731 4683/4683 4682/4682
f 4731/4731 4732/4732 4683/4683
f 4732/4732 4684/4684 4683/4683
f 4732/4732 4733/4733 4684/4684
f 4733/4733 4685/4685 4684/4684
f 4733/4733 4734/4734 4685/4685
f 4734/4734 4686/4686 4685/4685
f 4734/4734 4735/4735 4686/4686
f 4735/4735 4687/4687 4686/4686
f 4735/4735 4736/4736 4687/4687
f 4736/4736 4688/4688 4687/4687
f 4736/4736 4737/4737 4688/4688
f 4737/4737 4689/4689 4688/4688
f 4737/4737 4738/4738 4689/4689
f 4738/4738 4690/4690 4689/4689
f 4738/4738 4739/4739 4690/4690
f 4739/4739 4691/4691 4690/4690
f 4739/4739 4740/4740 4691/4691
f 4740/4740 4692/4692 4691/4691
f 4740/4740 4741/4741 4692/4692
f 4741/4741 4693/4693 4692/4692
f 4741/4741 4742/4742 4693/4693
f 4742/4742 4694/4694 4693/4693
f 4742/4742 4743/4743 4694/4694
f 4743/4743 4695/4695 4694/4694
f 4743/4743 4744/4744 4695/4695
f 4744/4744 4696/4696 4695/4695
f 4744/4744 4745/4745 4696/4696
f 4745/4745 4697/4697 4696/4696
f 4745/4745 4746/4746 4697/4697
f 4746/4746 4698/4698 4697/4697
f 4746/4746 4747/4747 4698/4698
f 4747/4747 4699/4699 4698/4698
f 4747/4747 4748/4748 4699/4699
f 4748/4748 4700/4700 4699/4699
f 4748/4748 4749/4749 4700/4700
f 4749/4749 4701/4701 4700/4700
f 4749/4749 4750/4750 4701/4701
f 4750/4750 4702/4702 4701/4701
f 4750/4750 4751/4751 4702/4702
f 4751/4751 4703/4703 4702/4702
f 4751/4751 4752/4752 4703/4703
f 4752/4752 4704/4704 4703/4703
f 4752/4752 4753/4753 4704/4704
f 4754/4754 4706/4706 4705/4705
f 4754/4754 4755/4755 4706/4706
f 4755/4755 4707/4707 4706/4706
f 4755/4755 4756/4756 4707/4707
f 4756/4756 4708/4708 4707/4707
f 4756/4756 4757/4757 4708/4708
f 4757/4757 4709/4709 4708/4708
f 4757/4757 4758/4758 4709/4709
f 4758/4758 4710/4710 4709/4709
f 4758/4758 4759/4759 4710/4710
f 4759/4759 4711/4711 4710/4710
f 4759/4759 4760/4760 4711/4711
f 4760/4760 4712/4712 4711/4711
f 4760/4760 4761/4761 4712/4712
f 4761/4761 4713/4713 4712/4712
f 4761/4761 4762/4762 4713/4713
f 4762/4762 4714/4714 4713/4713
f 4762/4762 4763/4763 4714/4714
f 4763/4763 4715/4715 4714/4714
f 4763/4763 4764/4764 4715/4715
f 4764/4764 4716/4716 4715/4715
f 4764/4764 4765/4765 4716/4716
f 4765/4765 4717/4717 4716/4716
f 4765/4765 4766/4766 4717/4717
f 4766/4766 4718/4718 4717/4717
f 4766/4766 4767/4767 4718/4718
f 4767/4767 4719/4719 4718/4718
f 4767/4767 4768/4768 4719/4719
f 4768/4768 4720/4720 4719/4719
f 4768/4768 4769/4769 4720/4720
f 4769/4769 4721/4721 4720/4720
f 4769/4769 4770/4770 4721/4721
f 4770/4770 4722/4722 4721/4721
f 4770/4770 4771/4771 4722/4722
f 4771/4771 4723/4723 4722/4722
f 4771/4771 4772/4772 4723/4723
f 4772/4772 4724/4724 4723/4723
f 4772/4772 4773/4773 4724/4724
f 4773/4773 4725/4725 4724/4724
f 4773/4773 4774/4774 4725/4725
f 4774/4774 4726/4726 4725/4725
f 4774/4774 4775/4775 4726/4726
f 4775/4775 4727/4727 4726/4726
f 4775/4775 4776/4776 4727/4727
f 4776/4776 4728/4728 4727/4727
f 4776/4776 4777/4777 4728/4728
f 4777/4777 4729/4729 4728/4728
f 4777/4777 4778/4778 4729/4729
f 4778/4778 4730/4730 4729/4729
f 4778/4778 4779/4779 4730/4730
f 4779/4779 4731/4731 4730/4730
f 4779/4779 4780/4780 4731/4731
f 4780/4780 4732/4732 4731/4731
f 4780/4780 4781/4781 4732/4732
f 4781/4781 4733/4733 4732/4732
f 4781/4781 4782/4782 4733/4733
f 4782/4782 4734/4734 4733/4733
f 4782/4782 4783/4783 4734/4734
f 4783/4783 4735/4735 4734/4734
f 4783/4783 4784/4784 4735/4735
f 4784/4784 4736/4736 4735/4735
f 4784/4784 4785/4785 4736/4736
f 4785/4785 4737/4737 4736/4736
f 4785/4785 4786/4786 4737/4737
f 4786/4786 4738/4738 4737/4737
f 4786/4786 4787/4787 4738/4738
f 4787/4787 4739/4739 4738/4738
f 4787/4787 4788/4788 4739/4739
f 4788/4788 4740/4740 4739/4739
f 4788/4788 4789/4789 4740/4740
f 4789/4789 4741/4741 4740/4740
f 4789/4789 4790/4790 4741/4741
f 4790/4790 4742/4742 4741/4741
f 4790/4790 4791/4791 4742/4742
f 4791/4791 4743/4743 4742/4742
f 4791/4791 4792/4792 4743/4743
f 4792/4792 4744/4744 4743/4743
f 4792/4792 4793/4793 4744/4744
f 4793/4793 4745/4745 4744/4744
f 4793/4793 4794/4794 4745/4745
f 4794/4794 4746/4746 4745/4745
f 4794/4794 4795/4795 4746/4746
f 4795/4795 4747/4747 4746/4746
f 4795/4795 4796/4796 4747/4747
f 4796/4796 4748/4748 4747/4747
f 4796/4796 4797/4797 4748/4748
f 4797/4797 4749/4749 4748/4748
f 4797/4797 4798/4798 4749/4749
f 4798/4798 4750/4750 4749/4749
f 4798/4798 4799/4799 4750/4750
f 4799/4799 4751/4751 4750/4750
f 4799/4799 4800/4800 4751/4751
f 4800/4800 4752/4752 4751/4751
f 4800/4800 4801/4801 4752/4752
f 4801/4801 4753/4753 4752/4752
f 4801/4801 4802/4802 4753/4753
f 4803/4803 4755/4755 4754/4754
f 4803/4803 4804/4804 4755/4755
f 4804/4804 4756/4756 4755/4755
f 4804/4804 4805/4805 4756/4756
f 4805/4805 4757/4757 4756/4756
f 4805/4805 4806/4806 4757/4757
f 4806/4806 4758/4758 4757/4757
f 4806/4806 4807/4807 4758/4758
f 4807/4807 4759/4759 4758/4758
f 4807/4807 4808/4808 4759/4759
f 4808/4808 4760/4760 4759/4759
f 4808/4808 4809/4809 4760/4760
f 4809/4809 4761/4761 4760/4760
f 4809/4809 4810/4810 4761/4761
f 4810/4810 4762/4762 4761/4761
f 4810/4810 4811/4811 4762/4762
f 4811/4811 4763/4763 4762/4762
f 4811/4811 4812/4812 4763/4763
f 4812/4812 4764/4764 4763/4763
f 4812/4812 4813/4813 4764/4764
f 4813/4813 4765/4765 4764/4764
f 4813/4813 4814/4814 4765/4765
f 4814/4814 4766/4766 4765/4765
f 4814/4814 4815/4815 4766/4766
f 4815/4815 4767/4767 4766/4766
f 4815/4815 4816/4816 4767/4767
f 4816/4816 4768/4768 4767/4767
f 4816/4816 4817/4817 4768/4768
f 4817/4817 4769/4769 4768/4768
f 4817/4817 4818/4818 4769/4769
f 4818/4818 4770/4770 4769/4769
f 4818/4818 4819/4819 4770/4770
f 4819/4819 4771/4771 4770/4770
f 4819/4819 4820/4820 4771/4771
f 4820/4820 4772/4772 4771/4771
f 4820/4820 4821/4821 4772/4772
f 4821/4821 4773/4773 4772/4772
f 4821/4821 4822/4822 4773/4773
f 4822/4822 4774/4774 4773/4773
f 4822/4822 4823/4823 4774/4774
f 4823/4823 4775/4775 4774/4774
f 4823/4823 4824/4824 4775/4775
f 4824/4824 4776/4776 4775/4775
f 4824/4824 4825/4825 4776/4776
f 4825/4825 4777/4777 4776/4776
f 4825/4825 4826/4826 4777/4777
f 4826/4826 4778/4778 4777/4777
f 4826/4826 4827/4827 4778/4778
f 4827/4827 4779/4779 4778/4778
f 4827/4827 4828/4828 4779/4779
f 4828/4828 4780/4780 4779/4779
f 4828/4828 4829/4829 4780/4780
f 4829/4829 4781/4781 4780/4780
f 4829/4829 4830/4830 4781/4781
f 4830/4830 4782/4782 4781/4781
f 4830/4830 4831/4831 4782/4782
f 4831/4831 4783/4783 4782/4782
f 4831/4831 4832/4832 4783/4783
f 4832/4832 4784/4784 4783/4783
f 4832/4832 4833/4833 4784/4784
f 4833/4833 4785/4785 4784/4784
f 4833/4833 4834/4834 4785/4785
f 4834/4834 4786/4786 4785/4785
f 4834/4834 4835/4835 4786/4786
f 4835/4835 4787/4787 4786/4786
f 4835/4835 4836/4836 4787/4787
f 4836/4836 4788/4788 4787/4787
f 4836/4836 4837/4837 4788/4788
f 4837/4837 4789/4789 4788/4788
f 4837/4837 4838/4838 4789/4789
f 4838/4838 4790/4790 4789/4789
f 4838/4838 4839/4839 4790/4790
f 4839/4839 4791/4791 4790/4790
f 4839/4839 4840/4840 4791/4791
f 4840/4840 4792/4792 4791/4791
f 4840/4840 4841/4841 4792/4792
f 4841/4841 4793/4793 4792/4792
f 4841/4841 4842/4842 4793/4793
f 4842/4842 4794/4794 4793/4793
f 4842/4842 4843/4843 4794/4794
f 4843/4843 4795/4795 4794/4794
f 4843/4843 4844/4844 4795/4795
f 4844/4844 4796/4796 4795/4795
f 4844/4844 4845/4845 4796/4796
f 4845/4845 4797/4797 4796/4796
f 4845/4845 4846/4846 4797/4797
f 4846/4846 4798/4798 4797/4797
f 4846/4846 4847/4847 4798/4798
f 4847/4847 4799/4799 4798/4798
f 4847/4847 4848/4848 4799/4799
f 4848/4848 4800/4800 4799/4799
f 4848/4848 4849/4849 4800/4800
f 4849/4849 4801/4801 4800/4800
f 4849/4849 4850/4850 4801/4801
f 4850/4850 4802/4802 4801/4801
f 4850/4850 4851/4851 4802/4802
f 4852/4852 4804/4804 4803/4803
f 4852/4852 4853/4853 4804/4804
f 4853/4853 4805/4805 4804/4804
f 4853/4853 4854/4854 4805/4805
f 4854/4854 4806/4806 4805/4805
f 4854/4854 4855/4855 4806/4806
f 4855/4855 4807/4807 4806/4806
f 4855/4855 4856/4856 4807/4807
f 4856/4856 4808/4808 4807/4807
f 4856/4856 4857/4857 4808/4808
f 4857/4857 4809/4809 4808/4808
f 4857/4857 4858/4858 4809/4809
f 4858/4858 4810/4810 4809/4809
f 4858/4858 4859/4859 4810/4810
f 4859/4859 4811/4811 4810/4810
f 4859/4859 4860/4860 4811/4811
f 4860/4860 4812/4812 4811/4811
f 4860/4860 4861/4861 4812/4812
f 4861/4861 4813/4813 4812/4812
f 4861/4861 4862/4862 4813/4813
f 4862/4862 4814/4814 4813/4813
f 4862/4862 4863/4863 4814/4814
f 4863/4863 4815/4815 4814/4814
f 4863/4863 4864/4864 4815/4815
f 4864/4864 4816/4816 4815/4815
f 4864/4864 4865/4865 4816/4816
f 4865/4865 4817/4817 4816/4816
f 4865/4865 4866/4866 4817/4817
f 4866/4866 4818/4818 4817/4817
f 4866/4866 4867/4867 4818/4818
f 4867/4867 4819/4819 4818/4818
f 4867/4867 4868/4868 4819/4819
f 4868/4868 4820/4820 4819/4819
f 4868/4868 4869/4869 4820/4820
f 4869/4869 4821/4821 4820/4820
f 4869/4869 4870/4870 4821/4821
f 4870/4870 4822/4822 4821/4821
f 4870/4870 4871/4871 4822/4822
f 4871/4871 4823/4823 4822/4822
f 4871/4871 4872/4872 4823/4823
f 4872/4872 4824/4824 4823/4823
f 4872/4872 4873/4873 4824/4824
f 4873/4873 4825/4825 4824/4824
f 4873/4873 4874/4874 4825/4825
f 4874/4874 4826/4826 4825/4825
f 4874/4874 4875/4875 4826/4826
f 4875/4875 4827/4827 4826/4826
f 4875/4875 4876/4876 4827/4827
f 4876/4876 4828/4828 4827/4827
f 4876/4876 4877/4877 4828/4828
f 4877/4877 4829/4829 4828/4828
f 4877/4877 4878/4878 4829/4829
f 4878/4878 4830/4830 4829/4829
f 4878/4878 4879/4879 4830/4830
f 4879/4879 4831/4831 4830/4830
f 4879/4879 4880/4880 4831/4831
f 4880/4880 4832/4832 4831/4831
f 4880/4880 4881/4881 4832/4832
f 4881/4881 4833/4833 4832/4832
f 4881/4881 4882/4882 4833/4833
f 4882/4882 4834/4834 4833/4833
f 4882/4882 4883/4883 4834/4834
f 4883/4883 4835/4835 4834/4834
f 4883/4883 4884/4884 4835/4835
f 4884/4884 4836/4836 4835/4835
f 4884/4884 4885/4885 4836/4836
f 4885/4885 4837/4837 4836/4836
f 4885/4885 4886/4886 4837/4837
f 4886/4886 4838/4838 4837/4837
f 4886/4886 4887/4887 4838/4838
f 4887/4887 4839/4839 4838/4838
f 4887/4887 4888/4888 4839/4839
f 4888/4888 4840/4840 4839/4839
f 4888/4888 4889/4889 4840/4840
f 4889/4889 4841/4841 4840/4840
f 4889/4889 4890/4890 4841/4841
f 4890/4890 4842/4842 4841/4841
f 4890/4890 4891/4891 4842/4842
f 4891/4891 4843/4843 4842/4842
f 4891/4891 4892/4892 4843/4843
f 4892/4892 4844/4844 4843/4843
f 4892/4892 4893/4893 4844/4844
f 4893/4893 4845/4845 4844/4844
f 4893/4893 4894/4894 4845/4845
f 4894/4894 4846/4846 4845/4845
f 4894/4894 4895/4895 4846/4846
f 4895/4895 4847/4847 4846/4846
f 4895/4895 4896/4896 4847/4847
f 4896/4896 4848/4848 4847/4847
f 4896/4896 4897/4897 4848/4848
f 4897/4897 4849/4849 4848/4848
f 4897/4897 4898/4898 4849/4849
f 4898/4898 4850/4850 4849/4849
f 4898/4898 4899/4899 4850/4850
f 4899/4899 4851/4851 4850/4850
f 4899/4899 4900/4900 4851/4851
f 4901/4901 4853/4853 4852/4852
f 4901/4901 4902/4902 4853/4853
f 4902/4902 4854/4854 4853/4853
f 4902/4902 4903/4903 4854/4854
f 4903/4903 4855/4855 4854/4854
f 4903/4903 4904/4904 4855/4855
f 4904/4904 4856/4856 4855/4855
f 4904/4904 4905/4905 4856/4856
f 4905/4905 4857/4857 4856/4856
f 4905/4905 4906/4906 4857/4857
f 4906/4906 4858/4858 4857/4857
f 4906/4906 4907/4907 4858/4858
f 4907/4907 4859/4859 4858/4858
f 4907/4907 4908/4908 4859/4859
f 4908/4908 4860/4860 4859/4859
f 4908/4908 4909/4909 4860/4860
f 4909/4909 4861/4861 4860/4860
f 4909/4909 4910/4910 4861/4861
f 4910/4910 4862/4862 4861/4861
f 4910/4910 4911/4911 4862/4862
f 4911/4911 4863/4863 4862/4862
f 4911/4911 4912/4912 4863/4863
f 4912/4912 4864/4864 4863/4863
f 4912/4912 4913/4913 4864/4864
f 4913/4913 4865/4865 4864/4864
f 4913/4913 4914/4914 4865/4865
f 4914/4914 4866/4866 4865/4865
f 4914/4914 4915/4915 4866/4866
f 4915/4915 4867/4867 4866/4866
f 4915/4915 4916/4916 4867/4867
f 4916/4916 4868/4868 4867/4867
f 4916/4916 4917/4917 4868/4868
f 4917/4917 4869/4869 4868/4868
f 4917/4917 4918/4918 4869/4869
f 4918/4918 4870/4870 4869/4869
f 4918/4918 4919/4919 4870/4870
f 4919/4919 4871/4871 4870/4870
f 4919/4919 4920/4920 4871/4871
f 4920/4920 4872/4872 4871/4871
f 4920/4920 4921/4921 4872/4872
f 4921/4921 4873/4873 4872/4872
f 4921/4921 4922/4922 4873/4873
f 4922/4922 4874/4874 4873/4873
f 4922/4922 4923/4923 4874/4874
f 4923/4923 4875/4875 4874/4874
f 4923/4923 4924/4924 4875/4875
f 4924/4924 4876/4876 4875/4875
f 4924/4924 4925/4925 4876/4876
f 4925/4925 4877/4877 4876/4876
f 4925/4925 4926/4926 4877/4877
f 4926/4926 4878/4878 4877/4877
f 4926/4926 4927/4927 4878/4878
f 4927/4927 4879/4879 4878/4878
f 4927/4927 4928/4928 4879/4879
f 4928/4928 4880/4880 4879/4879
f 4928/4928 4929/4929 4880/4880
f 4929/4929 4881/4881 4880/4880
f 4929/4929 4930/4930 4881/4881
f 4930/4930 4882/4882 4881/4881
f 4930/4930 4931/4931 4882/4882
f 4931/4931 4883/4883 4882/4882
f 4931/4931 4932/4932 4883/4883
f 4932/4932 4884/4884 4883/4883
f 4932/4932 4933/4933 4884/4884
f 4933/4933 4885/4885 4884/4884
f 4933/4933 4934/4934 4885/4885
f 4934/4934 4886/4886 4885/4885
f 4934/4934 4935/4935 4886/4886
f 4935/4935 4887/4887 4886/4886
f 4935/4935 4936/4936 4887/4887
f 4936/4936 4888/4888 4887/4887
f 4936/4936 4937/4937 4888/4888
f 4937/4937 4889/4889 4888/4888
f 4937/4937 4938/4938 4889/4889
f 4938/4938 4890/4890 4889/4889
f 4938/4938 4939/4939 4890/4890
f 4939/4939 4891/4891 4890/4890
f 4939/4939 4940/4940 4891/4891
f 4940/4940 4892/4892 4891/4891
f 4940/4940 4941/4941 4892/4892
f 4941/4941 4893/4893 4892/4892
f 4941/4941 4942/4942 4893/4893
f 4942/4942 4894/4894 4893/4893
f 4942/4942 4943/4943 4894/4894
f 4943/4943 4895/4895 4894/4894
f 4943/4943 4944/4944 4895/4895
f 4944/4944 4896/4896 4895/4895
f 4944/4944 4945/4945 4896/4896
f 4945/4945 4897/4897 4896/4896
f 4945/4945 4946/4946 4897/4897
f 4946/4946 4898/4898 4897/4897
f 4946/4946 4947/4947 4898/4898
f 4947/4947 4899/4899 4898/4898
f 4947/4947 4948/4948 4899/4899
f 4948/4948 4900/4900 4899/4899
f 4948/4948 4949/4949 4900/4900
f 4950/4950 4902/4902 4901/4901
f 4950/4950 4951/4951 4902/4902
f 4951/4951 4903/4903 4902/4902
f 4951/4951 4952/4952 4903/4903
f 4952/4952 4904/4904 4903/4903
f 4952/4952 4953/4953 4904/4904
f 4953/4953 4905/4905 4904/4904
f 4953/4953 4954/4954 4905/4905
f 4954/4954 4906/4906 4905/4905
f 4954/4954 4955/4955 4906/4906
f 4955/4955 4907/4907 4906/4906
f 4955/4955 4956/4956 4907/4907
f 4956/4956 4908/4908 4907/4907
f 4956/4956 4957/4957 4908/4908
f 4957/4957 4909/4909 4908/4908
f 4957/4957 4958/4958 4909/4909
f 4958/4958 4910/4910 4909/4909
f 4958/4958 4959/4959 4910/4910
f 4959/4959 4911/4911 4910/4910
f 4959/4959 4960/4960 4911/4911
f 4960/4960 4912/4912 4911/4911
f 4960/4960 4961/4961 4912/4912
f 4961/4961 4913/4913 4912/4912
f 4961/4961 4962/4962 4913/4913
f 4962/4962 4914/4914 4913/4913
f 4962/4962 4963/4963 4914/4914
f 4963/4963 4915/4915 4914/4914
f 4963/4963 4964/4964 4915/4915
f 4964/4964 4916/4916 4915/4915
f 4964/4964 4965/4965 4916/4916
f 4965/4965 4917/4917 4916/4916
f 4965/4965 4966/4966 4917/4917
f 4966/4966 4918/4918 4917/4917
f 4966/4966 4967/4967 4918/4918
f 4967/4967 4919/4919 4918/4918
f 4967/4967 4968/4968 4919/4919
f 4968/4968 4920/4920 4919/4919
f 4968/4968 4969/4969 4920/4920
f 4969/4969 4921/4921 4920/4920
f 4969/4969 4970/4970 4921/4921
f 4970/4970 4922/4922 4921/4921
f 4970/4970 4971/4971 4922/4922
f 4971/4971 4923/4923 4922/4922
f 4971/4971 4972/4972 4923/4923
f 4972/4972 4924/4924 4923/4923
f 4972/4972 4973/4973 4924/4924
f 4973/4973 4925/4925 4924/4924
f 4973/4973 4974/4974 4925/4925
f 4974/4974 4926/4926 4925/4925
f 4974/4974 4975/4975 4926/4926
f 4975/4975 4927/4927 4926/4926
f 4975/4975 4976/4976 4927/4927
f 4976/4976 4928/4928 4927/4927
f 4976/4976 4977/4977 4928/4928
f 4977/4977 4929/4929 4928/4928
f 4977/4977 4978/4978 4929/4929
f 4978/4978 4930/4930 4929/4929
f 4978/4978 4979/4979 4930/4930
f 4979/4979 4931/4931 4930/4930
f 4979/4979 4980/4980 4931/4931
f 4980/4980 4932/4932 4931/4931
f 4980/4980 4981/4981 4932/4932
f 4981/4981 4933/4933 4932/4932
f 4981/4981 4982/4982 4933/4933
f 4982/4982 4934/4934 4933/4933
f 4982/4982 4983/4983 4934/4934
f 4983/4983 4935/4935 4934/4934
f 4983/4983 4984/4984 4935/4935
f 4984/4984 4936/4936 4935/4935
f 4984/4984 4985/4985 4936/4936
f 4985/4985 4937/4937 4936/4936
f 4985/4985 4986/4986 4937/4937
f 4986/4986 4938/4938 4937/4937
f 4986/4986 4987/4987 4938/4938
f 4987/4987 4939/4939 4938/4938
f 4987/4987 4988/4988 4939/4939
f 4988/4988 4940/4940 4939/4939
f 4988/4988 4989/4989 4940/4940
f 4989/4989 4941/4941 4940/4940
f 4989/4989 4990/4990 4941/4941
f 4990/4990 4942/4942 4941/4941
f 4990/4990 4991/4991 4942/4942
f 4991/4991 4943/4943 4942/4942
f 4991/4991 4992/4992 4943/4943
f 4992/4992 4944/4944 4943/4943
f 4992/4992 4993/4993 4944/4944
f 4993/4993 4945/4945 4944/4944
f 4993/4993 4994/4994 4945/4945
f 4994/4994 4946/4946 4945/4945
f 4994/4994 4995/4995 4946/4946
f 4995/4995 4947/4947 4946/4946
f 4995/4995 4996/4996 4947/4947
f 4996/4996 4948/4948 4947/4947
f 4996/4996 4997/4997 4948/4948
f 4997/4997 4949/4949 4948/4948
f 4997/4997 4998/4998 4949/4949
f 4999/4999 4951/4951 4950/4950
f 4999/4999 5000/5000 4951/4951
f 5000/5000 4952/4952 4951/4951
f 5000/5000 5001/5001 4952/4952
f 5001/5001 4953/4953 4952/4952
f 5001/5001 5002/5002 4953/4953
f 5002/5002 4954/4954 4953/4953
f 5002/5002 5003/5003 4954/4954
f 5003/5003 4955/4955 4954/4954
f 5003/5003 5004/5004 4955/4955
f 5004/5004 4956/4956 4955/4955
f 5004/5004 5005/5005 4956/4956
f 5005/5005 4957/4957 4956/4956
f 5005/5005 5006/5006 4957/4957
f 5006/5006 4958/4958 4957/4957
f 5006/5006 5007/5007 4958/4958
f 5007/5007 4959/4959 4958/4958
f 5007/5007 5008/5008 4959/4959
f 5008/5008 4960/4960 4959/4959
f 5008/5008 5009/5009 4960/4960
f 5009/5009 4961/4961 4960/4960
f 5009/5009 5010/5010 4961/4961
f 5010/5010 4962/4962 4961/4961
f 5010/5010 5011/5011 4962/4962
f 5011/5011 4963/4963 4962/4962
f 5011/5011 5012/5012 4963/4963
f 5012/5012 4964/4964 4963/4963
f 5012/5012 5013/5013 4964/4964
f 5013/5013 4965/4965 4964/4964
f 5013/5013 5014/5014 4965/4965
f 5014/5014 4966/4966 4965/4965
f 5014/5014 5015/5015 4966/4966
f 5015/5015 4967/4967 4966/4966
f 5015/5015 5016/5016 4967/4967
f 5016/5016 4968/4968 4967/4967
f 5016/5016 5017/5017 4968/4968
f 5017/5017 4969/4969 4968/4968
f 5017/5017 5018/5018 4969/4969
f 5018/5018 4970/4970 4969/4969
f 5018/5018 5019/5019 4970/4970
f 5019/5019 4971/4971 4970/4970
f 5019/5019 5020/5020 4971/4971
f 5020/5020 4972/4972 4971/4971
f 5020/5020 5021/5021 4972/4972
f 5021/5021 4973/4973 4972/4972
f 5021/5021 5022/5022 4973/4973
f 5022/5022 4974/4974 4973/4973
f 5022/5022 5023/5023 4974/4974
f 5023/5023 4975/4975 4974/4974
f 5023/5023 5024/5024 4975/4975
f 5024/5024 4976/4976 4975/4975
f 5024/5024 5025/5025 4976/4976
f 5025/5025 4977/4977 4976/4976
f 5025/5025 5026/5026 4977/4977
f 5026/5026 4978/4978 4977/4977
f 5026/5026 5027/5027 4978/4978
f 5027/5027 4979/4979 4978/4978
f 5027/5027 5028/5028 4979/4979
f 5028/5028 4980/4980 4979/4979
f 5028/5028 5029/5029 4980/4980
f 5029/5029 4981/4981 4980/4980
f 5029/5029 5030/5030 4981/4981
f 5030/5030 4982/4982 4981/4981
f 5030/5030 5031/5031 4982/4982
f 5031/5031 4983/4983 4982/4982
f 5031/5031 5032/5032 4983/4983
f 5032/5032 4984/4984 4983/4983
f 5032/5032 5033/5033 4984/4984
f 5033/5033 4985/4985 4984/4984
f 5033/5033 5034/5034 4985/4985
f 5034/5034 4986/4986 4985/4985
f 5034/5034 5035/5035 4986/4986
f 5035/5035 4987/4987 4986/4986
f 5035/5035 5036/5036 4987/4987
f 5036/5036 4988/4988 4987/4987
f 5036/5036 5037/5037 4988/4988
f 5037/5037 4989/4989 4988/4988
f 5037/5037 5038/5038 4989/4989
f 5038/5038 4990/4990 4989/4989
f 5038/5038 5039/5039 4990/4990
f 5039/5039 4991/4991 4990/4990
f 5039/5039 5040/5040 4991/4991
f 5040/5040 4992/4992 4991/4991
f 5040/5040 5041/5041 4992/4992
f 5041/5041 4993/4993 4992/4992
f 5041/5041 5042/5042 4993/4993
f 5042/5042 4994/4994 4993/4993
f 5042/5042 5043/5043 4994/4994
f 5043/5043 4995/4995 4994/4994
f 5043/5043 5044/5044 4995/4995
f 5044/5044 4996/4996 4995/4995
f 5044/5044 5045/5045 4996/4996
f 5045/5045 4997/4997 4996/4996
f 5045/5045 5046/5046 4997/4997
f 5046/5046 4998/4998 4997/4997
f 5046/5046 5047/5047 4998/4998
f 5048/5048 5000/5000 4999/4999
f 5048/5048 5049/5049 5000/5000
f 5049/5049 5001/5001 5000/5000
f 5049/5049 5050/5050 5001/5001
f 5050/5050 5002/5002 5001/5001
f 5050/5050 5051/5051 5002/5002
f 5051/5051 5003/5003 5002/5002
f 5051/5051 5052/5052 5003/5003
f 5052/5052 5004/5004 5003/5003
f 5052/5052 5053/5053 5004/5004
f 5053/5053 5005/5005 5004/5004
f 5053/5053 5054/5054 5005/5005
f 5054/5054 5006/5006 5005/5005
f 5054/5054 5055/5055 5006/5006
f 5055/5055 5007/5007 5006/5006
f 5055/5055 5056/5056 5007/5007
f 5056/5056 5008/5008 5007/5007
f 5056/5056 5057/5057 5008/5008
f 5057/5057 5009/5009 5008/5008
f 5057/5057 5058/5058 5009/5009
f 5058/5058 5010/5010 5009/5009
f 5058/5058 5059/5059 5010/5010
f 5059/5059 5011/5011 5010/5010
f 5059/5059 5060/5060 5011/5011
f 5060/5060 5012/5012 5011/5011
f 5060/5060 5061/5061 5012/5012
f 5061/5061 5013/5013 5012/5012
f 5061/5061 5062/5062 5013/5013
f 5062/5062 5014/5014 5013/5013
f 5062/5062 5063/5063 5014/5014
f 5063/5063 5015/5015 5014/5014
f 5063/5063 5064/5064 5015/5015
f 5064/5064 5016/5016 5015/5015
f 5064/5064 5065/5065 5016/5016
f 5065/5065 5017/5017 5016/5016
f 5065/5065 5066/5066 5017/5017
f 5066/5066 5018/5018 5017/5017
f 5066/5066 5067/5067 5018/5018
f 5067/5067 5019/5019 5018/5018
f 5067/5067 5068/5068 5019/5019
f 5068/5068 5020/5020 5019/5019
f 5068/5068 5069/5069 5020/5020
f 5069/5069 5021/5021 5020/5020
f 5069/5069 5070/5070 5021/5021
f 5070/5070 5022/5022 5021/5021
f 5070/5070 5071/5071 5022/5022
f 5071/5071 5023/5023 5022/5022
f 5071/5071 5072/5072 5023/5023
f 5072/5072 5024/5024 5023/5023
f 5072/5072 5073/5073 5024/5024
f 5073/5073 5025/5025 5024/5024
f 5073/5073 5074/5074 5025/5025
f 5074/5074 5026/5026 5025/5025
f 5074/5074 5075/5075 5026/5026
f 5075/5075 5027/5027 5026/5026
f 5075/5075 5076/5076 5027/5027
f 5076/5076 5028/5028 5027/5027
f 5076/5076 5077/5077 5028/5028
f 5077/5077 5029/5029 5028/5028
f 5077/5077 5078/5078 5029/5029
f 5078/5078 5030/5030 5029/5029
f 5078/5078 5079/5079 5030/5030
f 5079/5079 5031/5031 5030/5030
f 5079/5079 5080/5080 5031/5031
f 5080/5080 5032/5032 5031/5031
f 5080/5080 5081/5081 5032/5032
f 5081/5081 5033/5033 5032/5032
f 5081/5081 5082/5082 5033/5033
f 5082/5082 5034/5034 5033/5033
f 5082/5082 5083/5083 5034/5034
f 5083/5083 5035/5035 5034/5034
f 5083/5083 5084/5084 5035/5035
f 5084/5084 5036/5036 5035/5035
f 5084/5084 5085/5085 5036/5036
f 5085/5085 5037/5037 5036/5036
f 5085/5085 5086/5086 5037/5037
f 5086/5086 5038/5038 5037/5037
f 5086/5086 5087/5087 5038/5038
f 5087/5087 5039/5039 5038/5038
f 5087/5087 5088/5088 5039/5039
f 5088/5088 5040/5040 5039/5039
f 5088/5088 5089/5089 5040/5040
f 5089/5089 5041/5041 5040/5040
f 5089/5089 5090/5090 5041/5041
f 5090/5090 5042/5042 5041/5041
f 5090/5090 5091/5091 5042/5042
f 5091/5091 5043/5043 5042/5042
f 5091/5091 5092/5092 5043/5043
f 5092/5092 5044/5044 5043/5043
f 5092/5092 5093/5093 5044/5044
f 5093/5093 5045/5045 5044/5044
f 5093/5093 5094/5094 5045/5045
f 5094/5094 5046/5046 5045/5045
f 5094/5094 5095/5095 5046/5046
f 5095/5095 5047/5047 5046/5046
f 5095/5095 5096/5096 5047/5047
f 5097/5097 5049/5049 5048/5048
f 5097/5097 5098/5098 5049/5049
f 5098/5098 5050/5050 5049/5049
f 5098/5098 5099/5099 5050/5050
f 5099/5099 5051/5051 5050/5050
f 5099/5099 5100/5100 5051/5051
f 5100/5100 5052/5052 5051/5051
f 5100/5100 5101/5101 5052/5052
f 5101/5101 5053/5053 5052/5052
f 5101/5101 5102/5102 5053/5053
f 5102/5102 5054/5054 5053/5053
f 5102/5102 5103/5103 5054/5054
f 5103/5103 5055/5055 5054/5054
f 5103/5103 5104/5104 5055/5055
f 5104/5104 5056/5056 5055/5055
f 5104/5104 5105/5105 5056/5056
f 5105/5105 5057/5057 5056/5056
f 5105/5105 5106/5106 5057/5057
f 5106/5106 5058/5058 5057/5057
f 5106/5106 5107/5107 5058/5058
f 5107/5107 5059/5059 5058/5058
f 5107/5107 5108/5108 5059/5059
f 5108/5108 5060/5060 5059/5059
f 5108/5108 5109/5109 5060/5060
f 5109/5109 5061/5061 5060/5060
f 5109/5109 5110/5110 5061/5061
f 5110/5110 5062/5062 5061/5061
f 5110/5110 5111/5111 5062/5062
f 5111/5111 5063/5063 5062/5062
f 5111/5111 5112/5112 5063/5063
f 5112/5112 5064/5064 5063/5063
f 5112/5112 5113/5113 5064/5064
f 5113/5113 5065/5065 5064/5064
f 5113/5113 5114/5114 5065/5065
f 5114/5114 5066/5066 5065/5065
f 5114/5114 5115/5115 5066/5066
f 5115/5115 5067/5067 5066/5066
f 5115/5115 5116/5116 5067/5067
f 5116/5116 5068/5068 5067/5067
f 5116/5116 5117/5117 5068/5068
f 5117/5117 5069/5069 5068/5068
f 5117/5117 5118/5118 5069/5069
f 5118/5118 5070/5070 5069/5069
f 5118/5118 5119/5119 5070/5070
f 5119/5119 5071/5071 5070/5070
f 5119/5119 5120/5120 5071/5071
f 5120/5120 5072/5072 5071/5071
f 5120/5120 5121/5121 5072/5072
f 5121/5121 5073/5073 5072/5072
f 5121/5121 5122/5122 5073/5073
f 5122/5122 5074/5074 5073/5073
f 5122/5122 5123/5123 5074/5074
f 5123/5123 5075/5075 5074/5074
f 5123/5123 5124/5124 5075/5075
f 5124/5124 5076/5076 5075/5075
f 5124/5124 5125/5125 5076/5076
f 5125/5125 5077/5077 5076/5076
f 5125/5125 5126/5126 5077/5077
f 5126/5126 5078/5078 5077/5077
f 5126/5126 5127/5127 5078/5078
f 5127/5127 5079/5079 5078/5078
f 5127/5127 5128/5128 5079/5079
f 5128/5128 5080/5080 5079/5079
f 5128/5128 5129/5129 5080/5080
f 5129/5129 5081/5081 5080/5080
f 5129/5129 5130/5130 5081/5081
f 5130/5130 5082/5082 5081/5081
f 5130/5130 5131/5131 5082/5082
f 5131/5131 5083/5083 5082/5082
f 5131/5131 5132/5132 5083/5083
f 5132/5132 5084/5084 5083/5083
f 5132/5132 5133/5133 5084/5084
f 5133/5133 5085/5085 5084/5084
f 5133/5133 5134/5134 5085/5085
f 5134/5134 5086/5086 5085/5085
f 5134/5134 5135/5135 5086/5086
f 5135/5135 5087/5087 5086/5086
f 5135/5135 5136/5136 5087/5087
f 5136/5136 5088/5088 5087/5087
f 5136/5136 5137/5137 5088/5088
f 5137/5137 5089/5089 5088/5088
f 5137/5137 5138/5138 5089/5089
f 5138/5138 5090/5090 5089/5089
f 5138/5138 5139/5139 5090/5090
f 5139/5139 5091/5091 5090/5090
f 5139/5139 5140/5140 5091/5091
f 5140/5140 5092/5092 5091/5091
f 5140/5140 5141/5141 5092/5092
f 5141/5141 5093/5093 5092/5092
f 5141/5141 5142/5142 5093/5093
f 5142/5142 5094/5094 5093/5093
f 5142/5142 5143/5143 5094/5094
f 5143/5143 5095/5095 5094/5094
f 5143/5143 5144/5144 5095/5095
f 5144/5144 5096/5096 5095/5095
f 5144/5144 5145/5145 5096/5096
f 5146/5146 5098/5098 5097/5097
f 5146/5146 5147/5147 5098/5098
f 5147/5147 5099/5099 5098/5098
f 5147/5147 5148/5148 5099/5099
f 5148/5148 5100/5100 5099/5099
f 5148/5148 5149/5149 5100/5100
f 5149/5149 5101/5101 5100/5100
f 5149/5149 5150/5150 5101/5101
f 5150/5150 5102/5102 5101/5101
f 5150/5150 5151/5151 5102/5102
f 5151/5151 5103/5103 5102/5102
f 5151/5151 5152/5152 5103/5103
f 5152/5152 5104/5104 5103/5103
f 5152/5152 5153/5153 5104/5104
f 5153/5153 5105/5105 5104/5104
f 5153/5153 5154/5154 5105/5105
f 5154/5154 5106/5106 5105/5105
f 5154/5154 5155/5155 5106/5106
f 5155/5155 5107/5107 5106/5106
f 5155/5155 5156/5156 5107/5107
f 5156/5156 5108/5108 5107/5107
f 5156/5156 5157/5157 5108/5108
f 5157/5157 5109/5109 5108/5108
f 5157/5157 5158/5158 5109/5109
f 5158/5158 5110/5110 5109/5109
f 5158/5158 5159/5159 5110/5110
f 5159/5159 5111/5111 5110/5110
f 5159/5159 5160/5160 5111/5111
f 5160/5160 5112/5112 5111/5111
f 5160/5160 5161/5161 5112/5112
f 5161/5161 5113/5113 5112/5112
f 5161/5161 5162/5162 5113/5113
f 5162/5162 5114/5114 5113/5113
f 5162/5162 5163/5163 5114/5114
f 5163/5163 5115/5115 5114/5114
f 5163/5163 5164/5164 5115/5115
f 5164/5164 5116/5116 5115/5115
f 5164/5164 5165/5165 5116/5116
f 5165/5165 5117/5117 5116/5116
f 5165/5165 5166/5166 5117/5117
f 5166/5166 5118/5118 5117/5117
f 5166/5166 5167/5167 5118/5118
f 5167/5167 5119/5119 5118/5118
f 5167/5167 5168/5168 5119/5119
f 5168/5168 5120/5120 5119/5119
f 5168/5168 5169/5169 5120/5120
f 5169/5169 5121/5121 5120/5120
f 5169/5169 5170/5170 5121/5121
f 5170/5170 5122/5122 5121/5121
f 5170/5170 5171/5171 5122/5122
f 5171/5171 5123/5123 5122/5122
f 5171/5171 5172/5172 5123/5123
f 5172/5172 5124/5124 5123/5123
f 5172/5172 5173/5173 5124/5124
f 5173/5173 5125/5125 5124/5124
f 5173/5173 5174/5174 5125/5125
f 5174/5174 5126/5126 5125/5125
f 5174/5174 5175/5175 5126/5126
f 5175/5175 5127/5127 5126/5126
f 5175/5175 5176/5176 5127/5127
f 5176/5176 5128/5128 5127/5127
f 5176/5176 5177/5177 5128/5128
f 5177/5177 5129/5129 5128/5128
f 5177/5177 5178/5178 5129/5129
f 5178/5178 5130/5130 5129/5129
f 5178/5178 5179/5179 5130/5130
f 5179/5179 5131/5131 5130/5130
f 5179/5179 5180/5180 5131/5131
f 5180/5180 5132/5132 5131/5131
f 5180/5180 5181/5181 5132/5132
f 5181/5181 5133/5133 5132/5132
f 5181/5181 5182/5182 5133/5133
f 5182/5182 5134/5134 5133/5133
f 5182/5182 5183/5183 5134/5134
f 5183/5183 5135/5135 5134/5134
f 5183/5183 5184/5184 5135/5135
f 5184/5184 5136/5136 5135/5135
f 5184/5184 5185/5185 5136/5136
f 5185/5185 5137/5137 5136/5136
f 5185/5185 5186/5186 5137/5137
f 5186/5186 5138/5138 5137/5137
f 5186/5186 5187/5187 5138/5138
f 5187/5187 5139/5139 5138/5138
f 5187/5187 5188/5188 5139/5139
f 5188/5188 5140/5140 5139/5139
f 5188/5188 5189/5189 5140/5140
f 5189/5189 5141/5141 5140/5140
f 5189/5189 5190/5190 5141/5141
f 5190/5190 5142/5142 5141/5141
f 5190/5190 5191/5191 5142/5142
f 5191/5191 5143/5143 5142/5142
f 5191/5191 5192/5192 5143/5143
f 5192/5192 5144/5144 5143/5143
f 5192/5192 5193/5193 5144/5144
f 5193/5193 5145/5145 5144/5144
f 5193/5193 5194/5194 5145/5145
f 5195/5195 5147/5147 5146/5146
f 5195/5195 5196/5196 5147/5147
f 5196/5196 5148/5148 5147/5147
f 5196/5196 5197/5197 5148/5148
f 5197/5197 5149/5149 5148/5148
f 5197/5197 5198/5198 5149/5149
f 5198/5198 5150/5150 5149/5149
f 5198/5198 5199/5199 5150/5150
f 5199/5199 5151/5151 5150/5150
f 5199/5199 5200/5200 5151/5151
f 5200/5200 5152/5152 5151/5151
f 5200/5200 5201/5201 5152/5152
f 5201/5201 5153/5153 5152/5152
f 5201/5201 5202/5202 5153/5153
f 5202/5202 5154/5154 5153/5153
f 5202/5202 5203/5203 5154/5154
f 5203/5203 5155/5155 5154/5154
f 5203/5203 5204/5204 5155/5155
f 5204/5204 5156/5156 5155/5155
f 5204/5204 5205/5205 5156/5156
f 5205/5205 5157/5157 5156/5156
f 5205/5205 5206/5206 5157/5157
f 5206/5206 5158/5158 5157/5157
f 5206/5206 5207/5207 5158/5158
f 5207/5207 5159/5159 5158/5158
f 5207/5207 5208/5208 5159/5159
f 5208/5208 5160/5160 5159/5159
f 5208/5208 5209/5209 5160/5160
f 5209/5209 5161/5161 5160/5160
f 5209/5209 5210/5210 5161/5161
f 5210/5210 5162/5162 5161/5161
f 5210/5210 5211/5211 5162/5162
f 5211/5211 5163/5163 5162/5162
f 5211/5211 5212/5212 5163/5163
f 5212/5212 5164/5164 5163/5163
f 5212/5212 5213/5213 5164/5164
f 5213/5213 5165/5165 5164/5164
f 5213/5213 5214/5214 5165/5165
f 5214/5214 5166/5166 5165/5165
f 5214/5214 5215/5215 5166/5166
f 5215/5215 5167/5167 5166/5166
f 5215/5215 5216/5216 5167/5167
f 5216/5216 5168/5168 5167/5167
f 5216/5216 5217/5217 5168/5168
f 5217/5217 5169/5169 5168/5168
f 5217/5217 5218/5218 5169/5169
f 5218/5218 5170/5170 5169/5169
f 5218/5218 5219/5219 5170/5170
f 5219/5219 5171/5171 5170/5170
f 5219/5219 5220/5220 5171/5171
f 5220/5220 5172/5172 5171/5171
f 5220/5220 5221/5221 5172/5172
f 5221/5221 5173/5173 5172/5172
f 5221/5221 5222/5222 5173/5173
f 5222/5222 5174/5174 5173/5173
f 5222/5222 5223/5223 5174/5174
f 5223/5223 5175/5175 5174/5174
f 5223/5223 5224/5224 5175/5175
f 5224/5224 5176/5176 5175/5175
f 5224/5224 5225/5225 5176/5176
f 5225/5225 5177/5177 5176/5176
f 5225/5225 5226/5226 5177/5177
f 5226/5226 5178/5178 5177/5177
f 5226/5226 5227/5227 5178/5178
f 5227/5227 5179/5179 5178/5178
f 5227/5227 5228/5228 5179/5179
f 5228/5228 5180/5180 5179/5179
f 5228/5228 5229/5229 5180/5180
f 5229/5229 5181/5181 5180/5180
f 5229/5229 5230/5230 5181/5181
f 5230/5230 5182/5182 5181/5181
f 5230/5230 5231/5231 5182/5182
f 5231/5231 5183/5183 5182/5182
f 5231/5231 5232/5232 5183/5183
f 5232/5232 5184/5184 5183/5183
f 5232/5232 5233/5233 5184/5184
f 5233/5233 5185/5185 5184/5184
f 5233/5233 5234/5234 5185/5185
f 5234/5234 5186/5186 5185/5185
f 5234/5234 5235/5235 5186/5186
f 5235/5235 5187/5187 5186/5186
f 5235/5235 5236/5236 5187/5187
f 5236/5236 5188/5188 5187/5187
f 5236/5236 5237/5237 5188/5188
f 5237/5237 5189/5189 5188/5188
f 5237/5237 5238/5238 5189/5189
f 5238/5238 5190/5190 5189/5189
f 5238/5238 5239/5239 5190/5190
f 5239/5239 5191/5191 5190/5190
f 5239/5239 5240/5240 5191/5191
f 5240/5240 5192/5192 5191/5191
f 5240/5240 5241/5241 5192/5192
f 5241/5241 5193/5193 5192/5192
f 5241/5241 5242/5242 5193/5193
f 5242/5242 5194/5194 5193/5193
f 5242/5242 5243/5243 5194/5194
f 5244/5244 5196/5196 5195/5195
f 5244/5244 5245/5245 5196/5196
f 5245/5245 5197/5197 5196/5196
f 5245/5245 5246/5246 5197/5197
f 5246/5246 5198/5198 5197/5197
f 5246/5246 5247/5247 5198/5198
f 5247/5247 5199/5199 5198/5198
f 5247/5247 5248/5248 5199/5199
f 5248/5248 5200/5200 5199/5199
f 5248/5248 5249/5249 5200/5200
f 5249/5249 5201/5201 5200/5200
f 5249/5249 5250/5250 5201/5201
f 5250/5250 5202/5202 5201/5201
f 5250/5250 5251/5251 5202/5202
f 5251/5251 5203/5203 5202/5202
f 5251/5251 5252/5252 5203/5203
f 5252/5252 5204/5204 5203/5203
f 5252/5252 5253/5253 5204/5204
f 5253/5253 5205/5205 5204/5204
f 5253/5253 5254/5254 5205/5205
f 5254/5254 5206/5206 5205/5205
f 5254/5254 5255/5255 5206/5206
f 5255/5255 5207/5207 5206/5206
f 5255/5255 5256/5256 5207/5207
f 5256/5256 5208/5208 5207/5207
f 5256/5256 5257/5257 5208/5208
f 5257/5257 5209/5209 5208/5208
f 5257/5257 5258/5258 5209/5209
f 5258/5258 5210/5210 5209/5209
f 5258/5258 5259/5259 5210/5210
f 5259/5259 5211/5211 5210/5210
f 5259/5259 5260/5260 5211/5211
f 5260/5260 5212/5212 5211/5211
f 5260/5260 5261/5261 5212/5212
f 5261/5261 5213/5213 5212/5212
f 5261/5261 5262/5262 5213/5213
f 5262/5262 5214/5214 5213/5213
f 5262/5262 5263/5263 5214/5214
f 5263/5263 5215/5215 5214/5214
f 5263/5263 5264/5264 5215/5215
f 5264/5264 5216/5216 5215/5215
f 5264/5264 5265/5265 5216/5216
f 5265/5265 5217/5217 5216/5216
f 5265/5265 5266/5266 5217/5217
f 5266/5266 5218/5218 5217/5217
f 5266/5266 5267/5267 5218/5218
f 5267/5267 5219/5219 5218/5218
f 5267/5267 5268/5268 5219/5219
f 5268/5268 5220/5220 5219/5219
f 5268/5268 5269/5269 5220/5220
f 5269/5269 5221/5221 5220/5220
f 5269/5269 5270/5270 5221/5221
f 5270/5270 5222/5222 5221/5221
f 5270/5270 5271/5271 5222/5222
f 5271/5271 5223/5223 5222/5222
f 5271/5271 5272/5272 5223/5223
f 5272/5272 5224/5224 5223/5223
f 5272/5272 5273/5273 5224/5224
f 5273/5273 5225/5225 5224/5224
f 5273/5273 5274/5274 5225/5225
f 5274/5274 5226/5226 5225/5225
f 5274/5274 5275/5275 5226/5226
f 5275/5275 5227/5227 5226/5226
f 5275/5275 5276/5276 5227/5227
f 5276/5276 5228/5228 5227/5227
f 5276/5276 5277/5277 5228/5228
f 5277/5277 5229/5229 5228/5228
f 5277/5277 5278/5278 5229/5229
f 5278/5278 5230/5230 5229/5229
f 5278/5278 5279/5279 5230/5230
f 5279/5279 5231/5231 5230/5230
f 5279/5279 5280/5280 5231/5231
f 5280/5280 5232/5232 5231/5231
f 5280/5280 5281/5281 5232/5232
f 5281/5281 5233/5233 5232/5232
f 5281/5281 5282/5282 5233/5233
f 5282/5282 5234/5234 5233/5233
f 5282/5282 5283/5283 5234/5234
f 5283/5283 5235/5235 5234/5234
f 5283/5283 5284/5284 5235/5235
f 5284/5284 5236/5236 5235/5235
f 5284/5284 5285/5285 5236/5236
f 5285/5285 5237/5237 5236/5236
f 5285/5285 5286/5286 5237/5237
f 5286/5286 5238/5238 5237/5237
f 5286/5286 5287/5287 5238/5238
f 5287/5287 5239/5239 5238/5238
f 5287/5287 5288/5288 5239/5239
f 5288/5288 5240/5240 5239/5239
f 5288/5288 5289/5289 5240/5240
f 5289/5289 5241/5241 5240/5240
f 5289/5289 5290/5290 5241/5241
f 5290/5290 5242/5242 5241/5241
f 5290/5290 5291/5291 5242/5242
f 5291/5291 5243/5243 5242/5242
f 5291/5291 5292/5292 5243/5243
f 5293/5293 5245/5245 5244/5244
f 5293/5293 5294/5294 5245/5245
f 5294/5294 5246/5246 5245/5245
f 5294/5294 5295/5295 5246/5246
f 5295/5295 5247/5247 5246/5246
f 5295/5295 5296/5296 5247/5247
f 5296/5296 5248/5248 5247/5247
f 5296/5296 5297/5297 5248/5248
f 5297/5297 5249/5249 5248/5248
f 5297/5297 5298/5298 5249/5249
f 5298/5298 5250/5250 5249/5249
f 5298/5298 5299/5299 5250/5250
f 5299/5299 5251/5251 5250/5250
f 5299/5299 5300/5300 5251/5251
f 5300/5300 5252/5252 5251/5251
f 5300/5300 5301/5301 5252/5252
f 5301/5301 5253/5253 5252/5252
f 5301/5301 5302/5302 5253/5253
f 5302/5302 5254/5254 5253/5253
f 5302/5302 5303/5303 5254/5254
f 5303/5303 5255/5255 5254/5254
f 5303/5303 5304/5304 5255/5255
f 5304/5304 5256/5256 5255/5255
f 5304/5304 5305/5305 5256/5256
f 5305/5305 5257/5257 5256/5256
f 5305/5305 5306/5306 5257/5257
f 5306/5306 5258/5258 5257/5257
f 5306/5306 5307/5307 5258/5258
f 5307/5307 5259/5259 5258/5258
f 5307/5307 5308/5308 5259/5259
f 5308/5308 5260/5260 5259/5259
f 5308/5308 5309/5309 5260/5260
f 5309/5309 5261/5261 5260/5260
f 5309/5309 5310/5310 5261/5261
f 5310/5310 5262/5262 5261/5261
f 5310/5310 5311/5311 5262/5262
f 5311/5311 5263/5263 5262/5262
f 5311/5311 5312/5312 5263/5263
f 5312/5312 5264/5264 5263/5263
f 5312/5312 5313/5313 5264/5264
f 5313/5313 5265/5265 5264/5264
f 5313/5313 5314/5314 5265/5265
f 5314/5314 5266/5266 5265/5265
f 5314/5314 5315/5315 5266/5266
f 5315/5315 5267/5267 5266/5266
f 5315/5315 5316/5316 5267/5267
f 5316/5316 5268/5268 5267/5267
f 5316/5316 5317/5317 5268/5268
f 5317/5317 5269/5269 5268/5268
f 5317/5317 5318/5318 5269/5269
f 5318/5318 5270/5270 5269/5269
f 5318/5318 5319/5319 5270/5270
f 5319/5319 5271/5271 5270/5270
f 5319/5319 5320/5320 5271/5271
f 5320/5320 5272/5272 5271/5271
f 5320/5320 5321/5321 5272/5272
f 5321/5321 5273/5273 5272/5272
f 5321/5321 5322/5322 5273/5273
f 5322/5322 5274/5274 5273/5273
f 5322/5322 5323/5323 5274/5274
f 5323/5323 5275/5275 5274/5274
f 5323/5323 5324/5324 5275/5275
f 5324/5324 5276/5276 5275/5275
f 5324/5324 5325/5325 5276/5276
f 5325/5325 5277/5277 5276/5276
f 5325/5325 5326/5326 5277/5277
f 5326/5326 5278/5278 5277/5277
f 5326/5326 5327/5327 5278/5278
f 5327/5327 5279/5279 5278/5278
f 5327/5327 5328/5328 5279/5279
f 5328/5328 5280/5280 5279/5279
f 5328/5328 5329/5329 5280/5280
f 5329/5329 5281/5281 5280/5280
f 5329/5329 5330/5330 5281/5281
f 5330/5330 5282/5282 5281/5281
f 5330/5330 5331/5331 5282/5282
f 5331/5331 5283/5283 5282/5282
f 5331/5331 5332/5332 5283/5283
f 5332/5332 5284/5284 5283/5283
f 5332/5332 5333/5333 5284/5284
f 5333/5333 5285/5285 5284/5284
f 5333/5333 5334/5334 5285/5285
f 5334/5334 5286/5286 5285/5285
f 5334/5334 5335/5335 5286/5286
f 5335/5335 5287/5287 5286/5286
f 5335/5335 5336/5336 5287/5287
f 5336/5336 5288/5288 5287/5287
f 5336/5336 5337/5337 5288/5288
f 5337/5337 5289/5289 5288/5288
f 5337/5337 5338/5338 5289/5289
f 5338/5338 5290/5290 5289/5289
f 5338/5338 5339/5339 5290/5290
f 5339/5339 5291/5291 5290/5290
f 5339/5339 5340/5340 5291/5291
f 5340/5340 5292/5292 5291/5291
f 5340/5340 5341/5341 5292/5292
f 5342/5342 5294/5294 5293/5293
f 5342/5342 5343/5343 5294/5294
f 5343/5343 5295/5295 5294/5294
f 5343/5343 5344/5344 5295/5295
f 5344/5344 5296/5296 5295/5295
f 5344/5344 5345/5345 5296/5296
f 5345/5345 5297/5297 5296/5296
f 5345/5345 5346/5346 5297/5297
f 5346/5346 5298/5298 5297/5297
f 5346/5346 5347/5347 5298/5298
f 5347/5347 5299/5299 5298/5298
f 5347/5347 5348/5348 5299/5299
f 5348/5348 5300/5300 5299/5299
f 5348/5348 5349/5349 5300/5300
f 5349/5349 5301/5301 5300/5300
f 5349/5349 5350/5350 5301/5301
f 5350/5350 5302/5302 5301/5301
f 5350/5350 5351/5351 5302/5302
f 5351/5351 5303/5303 5302/5302
f 5351/5351 5352/5352 5303/5303
f 5352/5352 5304/5304 5303/5303
f 5352/5352 5353/5353 5304/5304
f 5353/5353 5305/5305 5304/5304
f 5353/5353 5354/5354 5305/5305
f 5354/5354 5306/5306 5305/5305
f 5354/5354 5355/5355 5306/5306
f 5355/5355 5307/5307 5306/5306
f 5355/5355 5356/5356 5307/5307
f 5356/5356 5308/5308 5307/5307
f 5356/5356 5357/5357 5308/5308
f 5357/5357 5309/5309 5308/5308
f 5357/5357 5358/5358 5309/5309
f 5358/5358 5310/5310 5309/5309
f 5358/5358 5359/5359 5310/5310
f 5359/5359 5311/5311 5310/5310
f 5359/5359 5360/5360 5311/5311
f 5360/5360 5312/5312 5311/5311
f 5360/5360 5361/5361 5312/5312
f 5361/5361 5313/5313 5312/5312
f 5361/5361 5362/5362 5313/5313
f 5362/5362 5314/5314 5313/5313
f 5362/5362 5363/5363 5314/5314
f 5363/5363 5315/5315 5314/5314
f 5363/5363 5364/5364 5315/5315
f 5364/5364 5316/5316 5315/5315
f 5364/5364 5365/5365 5316/5316
f 5365/5365 5317/5317 5316/5316
f 5365/5365 5366/5366 5317/5317
f 5366/5366 5318/5318 5317/5317
f 5366/5366 5367/5367 5318/5318
f 5367/5367 5319/5319 5318/5318
f 5367/5367 5368/5368 5319/5319
f 5368/5368 5320/5320 5319/5319
f 5368/5368 5369/5369 5320/5320
f 5369/5369 5321/5321 5320/5320
f 5369/5369 5370/5370 5321/5321
f 5370/5370 5322/5322 5321/5321
f 5370/5370 5371/5371 5322/5322
f 5371/5371 5323/5323 5322/5322
f 5371/5371 5372/5372 5323/5323
f 5372/5372 5324/5324 5323/5323
f 5372/5372 5373/5373 5324/5324
f 5373/5373 5325/5325 5324/5324
f 5373/5373 5374/5374 5325/5325
f 5374/5374 5326/5326 5325/5325
f 5374/5374 5375/5375 5326/5326
f 5375/5375 5327/5327 5326/5326
f 5375/5375 5376/5376 5327/5327
f 5376/5376 5328/5328 5327/5327
f 5376/5376 5377/5377 5328/5328
f 5377/5377 5329/5329 5328/5328
f 5377/5377 5378/5378 5329/5329
f 5378/5378 5330/5330 5329/5329
f 5378/5378 5379/5379 5330/5330
f 5379/5379 5331/5331 5330/5330
f 5379/5379 5380/5380 5331/5331
f 5380/5380 5332/5332 5331/5331
f 5380/5380 5381/5381 5332/5332
f 5381/5381 5333/5333 5332/5332
f 5381/5381 5382/5382 5333/5333
f 5382/5382 5334/5334 5333/5333
f 5382/5382 5383/5383 5334/5334
f 5383/5383 5335/5335 5334/5334
f 5383/5383 5384/5384 5335/5335
f 5384/5384 5336/5336 5335/5335
f 5384/5384 5385/5385 5336/5336
f 5385/5385 5337/5337 5336/5336
f 5385/5385 5386/5386 5337/5337
f 5386/5386 5338/5338 5337/5337
f 5386/5386 5387/5387 5338/5338
f 5387/5387 5339/5339 5338/5338
f 5387/5387 5388/5388 5339/5339
f 5388/5388 5340/5340 5339/5339
f 5388/5388 5389/5389 5340/5340
f 5389/5389 5341/5341 5340/5340
f 5389/5389 5390/5390 5341/5341
f 5391/5391 5343/5343 5342/5342
f 5391/5391 5392/5392 5343/5343
f 5392/5392 5344/5344 5343/5343
f 5392/5392 5393/5393 5344/5344
f 5393/5393 5345/5345 5344/5344
f 5393/5393 5394/5394 5345/5345
f 5394/5394 5346/5346 5345/5345
f 5394/5394 5395/5395 5346/5346
f 5395/5395 5347/5347 5346/5346
f 5395/5395 5396/5396 5347/5347
f 5396/5396 5348/5348 5347/5347
f 5396/5396 5397/5397 5348/5348
f 5397/5397 5349/5349 5348/5348
f 5397/5397 5398/5398 5349/5349
f 5398/5398 5350/5350 5349/5349
f 5398/5398 5399/5399 5350/5350
f 5399/5399 5351/5351 5350/5350
f 5399/5399 5400/5400 5351/5351
f 5400/5400 5352/5352 5351/5351
f 5400/5400 5401/5401 5352/5352
f 5401/5401 5353/5353 5352/5352
f 5401/5401 5402/5402 5353/5353
f 5402/5402 5354/5354 5353/5353
f 5402/5402 5403/5403 5354/5354
f 5403/5403 5355/5355 5354/5354
f 5403/5403 5404/5404 5355/5355
f 5404/5404 5356/5356 5355/5355
f 5404/5404 5405/5405 5356/5356
f 5405/5405 5357/5357 5356/5356
f 5405/5405 5406/5406 5357/5357
f 5406/5406 5358/5358 5357/5357
f 5406/5406 5407/5407 5358/5358
f 5407/5407 5359/5359 5358/5358
f 5407/5407 5408/5408 5359/5359
f 5408/5408 5360/5360 5359/5359
f 5408/5408 5409/5409 5360/5360
f 5409/5409 5361/5361 5360/5360
f 5409/5409 5410/5410 5361/5361
f 5410/5410 5362/5362 5361/5361
f 5410/5410 5411/5411 5362/5362
f 5411/5411 5363/5363 5362/5362
f 5411/5411 5412/5412 5363/5363
f 5412/5412 5364/5364 5363/5363
f 5412/5412 5413/5413 5364/5364
f 5413/5413 5365/5365 5364/5364
f 5413/5413 5414/5414 5365/5365
f 5414/5414 5366/5366 5365/5365
f 5414/5414 5415/5415 5366/5366
f 5415/5415 5367/5367 5366/5366
f 5415/5415 5416/5416 5367/5367
f 5416/5416 5368/5368 5367/5367
f 5416/5416 5417/5417 5368/5368
f 5417/5417 5369/5369 5368/5368
f 5417/5417 5418/5418 5369/5369
f 5418/5418 5370/5370 5369/5369
f 5418/5418 5419/5419 5370/5370
f 5419/5419 5371/5371 5370/5370
f 5419/5419 5420/5420 5371/5371
f 5420/5420 5372/5372 5371/5371
f 5420/5420 5421/5421 5372/5372
f 5421/5421 5373/5373 5372/5372
f 5421/5421 5422/5422 5373/5373
f 5422/5422 5374/5374 5373/5373
f 5422/5422 5423/5423 5374/5374
f 5423/5423 5375/5375 5374/5374
f 5423/5423 5424/5424 5375/5375
f 5424/5424 5376/5376 5375/5375
f 5424/5424 5425/5425 5376/5376
f 5425/5425 5377/5377 5376/5376
f 5425/5425 5426/5426 5377/5377
f 5426/5426 5378/5378 5377/5377
f 5426/5426 5427/5427 5378/5378
f 5427/5427 5379/5379 5378/5378
f 5427/5427 5428/5428 5379/5379
f 5428/5428 5380/5380 5379/5379
f 5428/5428 5429/5429 5380/5380
f 5429/5429 5381/5381 5380/5380
f 5429/5429 5430/5430 5381/5381
f 5430/5430 5382/5382 5381/5381
f 5430/5430 5431/5431 5382/5382
f 5431/5431 5383/5383 5382/5382
f 5431/5431 5432/5432 5383/5383
f 5432/5432 5384/5384 5383/5383
f 5432/5432 5433/5433 5384/5384
f 5433/5433 5385/5385 5384/5384
f 5433/5433 5434/5434 5385/5385
f 5434/5434 5386/5386 5385/5385
f 5434/5434 5435/5435 5386/5386
f 5435/5435 5387/5387 5386/5386
f 5435/5435 5436/5436 5387/5387
f 5436/5436 5388/5388 5387/5387
f 5436/5436 5437/5437 5388/5388
f 5437/5437 5389/5389 5388/5388
f 5437/5437 5438/5438 5389/5389
f 5438/5438 5390/5390 5389/5389
f 5438/5438 5439/5439 5390/5390
f 5440/5440 5392/5392 5391/5391
f 5440/5440 5441/5441 5392/5392
f 5441/5441 5393/5393 5392/5392
f 5441/5441 5442/5442 5393/5393
f 5442/5442 5394/5394 5393/5393
f 5442/5442 5443/5443 5394/5394
f 5443/5443 5395/5395 5394/5394
f 5443/5443 5444/5444 5395/5395
f 5444/5444 5396/5396 5395/5395
f 5444/5444 5445/5445 5396/5396
f 5445/5445 5397/5397 5396/5396
f 5445/5445 5446/5446 5397/5397
f 5446/5446 5398/5398 5397/5397
f 5446/5446 5447/5447 5398/5398
f 5447/5447 5399/5399 5398/5398
f 5447/5447 5448/5448 5399/5399
f 5448/5448 5400/5400 5399/5399
f 5448/5448 5449/5449 5400/5400
f 5449/5449 5401/5401 5400/5400
f 5449/5449 5450/5450 5401/5401
f 5450/5450 5402/5402 5401/5401
f 5450/5450 5451/5451 5402/5402
f 5451/5451 5403/5403 5402/5402
f 5451/5451 5452/5452 5403/5403
f 5452/5452 5404/5404 5403/5403
f 5452/5452 5453/5453 5404/5404
f 5453/5453 5405/5405 5404/5404
f 5453/5453 5454/5454 5405/5405
f 5454/5454 5406/5406 5405/5405
f 5454/5454 5455/5455 5406/5406
f 5455/5455 5407/5407 5406/5406
f 5455/5455 5456/5456 5407/5407
f 5456/5456 5408/5408 5407/5407
f 5456/5456 5457/5457 5408/5408
f 5457/5457 5409/5409 5408/5408
f 5457/5457 5458/5458 5409/5409
f 5458/5458 5410/5410 5409/5409
f 5458/5458 5459/5459 5410/5410
f 5459/5459 5411/5411 5410/5410
f 5459/5459 5460/5460 5411/5411
f 5460/5460 5412/5412 5411/5411
f 5460/5460 5461/5461 5412/5412
f 5461/5461 5413/5413 5412/5412
f 5461/5461 5462/5462 5413/5413
f 5462/5462 5414/5414 5413/5413
f 5462/5462 5463/5463 5414/5414
f 5463/5463 5415/5415 5414/5414
f 5463/5463 5464/5464 5415/5415
f 5464/5464 5416/5416 5415/5415
f 5464/5464 5465/5465 5416/5416
f 5465/5465 5417/5417 5416/5416
f 5465/5465 5466/5466 5417/5417
f 5466/5466 5418/5418 5417/5417
f 5466/5466 5467/5467 5418/5418
f 5467/5467 5419/5419 5418/5418
f 5467/5467 5468/5468 5419/5419
f 5468/5468 5420/5420 5419/5419
f 5468/5468 5469/5469 5420/5420
f 5469/5469 5421/5421 5420/5420
f 5469/5469 5470/5470 5421/5421
f 5470/5470 5422/5422 5421/5421
f 5470/5470 5471/5471 5422/5422
f 5471/5471 5423/5423 5422/5422
f 5471/5471 5472/5472 5423/5423
f 5472/5472 5424/5424 5423/5423
f 5472/5472 5473/5473 5424/5424
f 5473/5473 5425/5425 5424/5424
f 5473/5473 5474/5474 5425/5425
f 5474/5474 5426/5426 5425/5425
f 5474/5474 5475/5475 5426/5426
f 5475/5475 5427/5427 5426/5426
f 5475/5475 5476/5476 5427/5427
f 5476/5476 5428/5428 5427/5427
f 5476/5476 5477/5477 5428/5428
f 5477/5477 5429/5429 5428/5428
f 5477/5477 5478/5478 5429/5429
f 5478/5478 5430/5430 5429/5429
f 5478/5478 5479/5479 5430/5430
f 5479/5479 5431/5431 5430/5430
f 5479/5479 5480/5480 5431/5431
f 5480/5480 5432/5432 5431/5431
f 5480/5480 5481/5481 5432/5432
f 5481/5481 5433/5433 5432/5432
f 5481/5481 5482/5482 5433/5433
f 5482/5482 5434/5434 5433/5433
f 5482/5482 5483/5483 5434/5434
f 5483/5483 5435/5435 5434/5434
f 5483/5483 5484/5484 5435/5435
f 5484/5484 5436/5436 5435/5435
f 5484/5484 5485/5485 5436/5436
f 5485/5485 5437/5437 5436/5436
f 5485/5485 5486/5486 5437/5437
f 5486/5486 5438/5438 5437/5437
f 5486/5486 5487/5487 5438/5438
f 5487/5487 5439/5439 5438/5438
f 5487/5487 5488/5488 5439/5439
f 5489/5489 5441/5441 5440/5440
f 5489/5489 5490/5490 5441/5441
f 5490/5490 5442/5442 5441/5441
f 5490/5490 5491/5491 5442/5442
f 5491/5491 5443/5443 5442/5442
f 5491/5491 5492/5492 5443/5443
f 5492/5492 5444/5444 5443/5443
f 5492/5492 5493/5493 5444/5444
f 5493/5493 5445/5445 5444/5444
f 5493/5493 5494/5494 5445/5445
f 5494/5494 5446/5446 5445/5445
f 5494/5494 5495/5495 5446/5446
f 5495/5495 5447/5447 5446/5446
f 5495/5495 5496/5496 5447/5447
f 5496/5496 5448/5448 5447/5447
f 5496/5496 5497/5497 5448/5448
f 5497/5497 5449/5449 5448/5448
f 5497/5497 5498/5498 5449/5449
f 5498/5498 5450/5450 5449/5449
f 5498/5498 5499/5499 5450/5450
f 5499/5499 5451/5451 5450/5450
f 5499/5499 5500/5500 5451/5451
f 5500/5500 5452/5452 5451/5451
f 5500/5500 5501/5501 5452/5452
f 5501/5501 5453/5453 5452/5452
f 5501/5501 5502/5502 5453/5453
f 5502/5502 5454/5454 5453/5453
f 5502/5502 5503/5503 5454/5454
f 5503/5503 5455/5455 5454/5454
f 5503/5503 5504/5504 5455/5455
f 5504/5504 5456/5456 5455/5455
f 5504/5504 5505/5505 5456/5456
f 5505/5505 5457/5457 5456/5456
f 5505/5505 5506/5506 5457/5457
f 5506/5506 5458/5458 5457/5457
f 5506/5506 5507/5507 5458/5458
f 5507/5507 5459/5459 5458/5458
f 5507/5507 5508/5508 5459/5459
f 5508/5508 5460/5460 5459/5459
f 5508/5508 5509/5509 5460/5460
f 5509/5509 5461/5461 5460/5460
f 5509/5509 5510/5510 5461/5461
f 5510/5510 5462/5462 5461/5461
f 5510/5510 5511/5511 5462/5462
f 5511/5511 5463/5463 5462/5462
f 5511/5511 5512/5512 5463/5463
f 5512/5512 5464/5464 5463/5463
f 5512/5512 5513/5513 5464/5464
f 5513/5513 5465/5465 5464/5464
f 5513/5513 5514/5514 5465/5465
f 5514/5514 5466/5466 5465/5465
f 5514/5514 5515/5515 5466/5466
f 5515/5515 5467/5467 5466/5466
f 5515/5515 5516/5516 5467/5467
f 5516/5516 5468/5468 5467/5467
f 5516/5516 5517/5517 5468/5468
f 5517/5517 5469/5469 5468/5468
f 5517/5517 5518/5518 5469/5469
f 5518/5518 5470/5470 5469/5469
f 5518/5518 5519/5519 5470/5470
f 5519/5519 5471/5471 5470/5470
f 5519/5519 5520/5520 5471/5471
f 5520/5520 5472/5472 5471/5471
f 5520/5520 5521/5521 5472/5472
f 5521/5521 5473/5473 5472/5472
f 5521/5521 5522/5522 5473/5473
f 5522/5522 5474/5474 5473/5473
f 5522/5522 5523/5523 5474/5474
f 5523/5523 5475/5475 5474/5474
f 5523/5523 5524/5524 5475/5475
f 5524/5524 5476/5476 5475/5475
f 5524/5524 5525/5525 5476/5476
f 5525/5525 5477/5477 5476/5476
f 5525/5525 5526/5526 5477/5477
f 5526/5526 5478/5478 5477/5477
f 5526/5526 5527/5527 5478/5478
f 5527/5527 5479/5479 5478/5478
f 5527/5527 5528/5528 5479/5479
f 5528/5528 5480/5480 5479/5479
f 5528/5528 5529/5529 5480/5480
f 5529/5529 5481/5481 5480/5480
f 5529/5529 5530/5530 5481/5481
f 5530/5530 5482/5482 5481/5481
f 5530/5530 5531/5531 5482/5482
f 5531/5531 5483/5483 5482/5482
f 5531/5531 5532/5532 5483/5483
f 5532/5532 5484/5484 5483/5483
f 5532/5532 5533/5533 5484/5484
f 5533/5533 5485/5485 5484/5484
f 5533/5533 5534/5534 5485/5485
f 5534/5534 5486/5486 5485/5485
f 5534/5534 5535/5535 5486/5486
f 5535/5535 5487/5487 5486/5486
f 5535/5535 5536/5536 5487/5487
f 5536/5536 5488/5488 5487/5487
f 5536/5536 5537/5537 5488/5488

